[R] INFO [rust_launcher::start::bindings] server: None
[R] INFO [rust_launcher::start] Loading version
[R] INFO [rust_launcher::start] Finished moving mods
[R] INFO [rust_launcher::start] Finished loading version
[R] INFO [rust_launcher::start] Preparing assets
[R] INFO [rust_launcher::start] Preparing JRE
[R] INFO [rust_launcher::start] Preparing libraries
[R] INFO [rust_launcher::start] Preparing mods
[R] INFO [rust_launcher::start] Finished preparing mods
[R] INFO [rust_launcher::start] Finished preparing libraries
[R] INFO [rust_launcher::start] Finished preparing assets
[R] INFO [rust_launcher::start] Preparing registry
[R] INFO [rust_launcher::start] Finished preparing registry
[R] INFO [rust_launcher::common::launch] starting JVM with arguments: ["-Djava.library.path=libraries/native\\net/digitalingot/fcef/0.1.1\\extracted/;libraries/native\\net/digitalingot/fwebp/0.0.2\\extracted/;libraries/native\\net/digitalingot/favif/0.0.1\\extracted/;libraries/native\\com/discord/discord-game-sdk/3.2.1\\extracted/;libraries/native\\net/digitalingot/fdiscord/0.0.1\\extracted/;libraries/native\\net/digitalingot/fjni/0.0.2\\extracted/;libraries/native\\net/digitalingot/cef_binary/103.0.0\\extracted/;libraries/native\\org/jitsi/libjitsi-opus-native/1.1-32-g2a5a8171\\extracted/;libraries/native\\com/mojang/jtracy/1.0.36\\extracted/;libraries/native\\org/lwjgl/lwjgl-freetype/3.3.3\\extracted/;libraries/native\\org/lwjgl/lwjgl-glfw/3.3.3\\extracted/;libraries/native\\org/lwjgl/lwjgl-jemalloc/3.3.3\\extracted/;libraries/native\\org/lwjgl/lwjgl-openal/3.3.3\\extracted/;libraries/native\\org/lwjgl/lwjgl-opengl/3.3.3\\extracted/;libraries/native\\org/lwjgl/lwjgl-stb/3.3.3\\extracted/;libraries/native\\org/lwjgl/lwjgl-tinyfd/3.3.3\\extracted/;libraries/native\\org/lwjgl/lwjgl/3.3.3\\extracted/", "--add-opens=java.desktop/java.awt.event=ALL-UNNAMED", "--add-opens=java.desktop/java.awt.color=ALL-UNNAMED", "--add-opens=java.desktop/java.awt=ALL-UNNAMED", "--add-opens=java.base/java.lang=ALL-UNNAMED", "-Xmx2048M", "-XX:+UnlockExperimentalVMOptions", "-XX:+UseG1GC", "-XX:G1NewSizePercent=20", "-XX:G1ReservePercent=20", "-XX:MaxGCPauseMillis=50", "-XX:G1HeapRegionSize=32M", "-Dlog4j2.formatMsgNoLookups=true", "-XX:ErrorFile=feather/java_error.log", "-Djavax.accessibility.assistive_technologies=", "-Djavax.net.ssl.trustStoreType=WINDOWS-ROOT", "-cp", "libraries\\java\\net/minecraft/client/1.21.10/minecraft-1.21.10.jar;libraries\\java\\com/fasterxml/jackson/core/jackson-annotations/2.13.4/jackson-annotations-2.13.4.jar;libraries\\java\\com/fasterxml/jackson/core/jackson-core/2.13.4/jackson-core-2.13.4.jar;libraries\\java\\com/fasterxml/jackson/core/jackson-databind/2.13.4.2/jackson-databind-2.13.4.2.jar;libraries\\java\\com/github/oshi/oshi-core/6.6.5/oshi-core-6.6.5.jar;libraries\\java\\com/github/stephenc/jcip/jcip-annotations/1.0-1/jcip-annotations-1.0-1.jar;libraries\\java\\com/google/code/gson/gson/2.11.0/gson-2.11.0.jar;libraries\\java\\com/google/guava/failureaccess/1.0.2/failureaccess-1.0.2.jar;libraries\\java\\com/google/guava/guava/33.3.1-jre/guava-33.3.1-jre.jar;libraries\\java\\com/ibm/icu/icu4j/76.1/icu4j-76.1.jar;libraries\\java\\com/microsoft/azure/msal4j/1.17.2/msal4j-1.17.2.jar;libraries\\java\\com/mojang/authlib/7.0.61/authlib-7.0.61.jar;libraries\\java\\com/mojang/blocklist/1.0.10/blocklist-1.0.10.jar;libraries\\java\\com/mojang/brigadier/1.3.10/brigadier-1.3.10.jar;libraries\\java\\com/mojang/datafixerupper/8.0.16/datafixerupper-8.0.16.jar;libraries\\java\\com/mojang/jtracy/1.0.36/jtracy-1.0.36.jar;libraries\\java\\com/mojang/logging/1.5.10/logging-1.5.10.jar;libraries\\java\\com/mojang/patchy/2.2.10/patchy-2.2.10.jar;libraries\\java\\com/mojang/text2speech/1.18.11/text2speech-1.18.11.jar;libraries\\java\\com/nimbusds/content-type/2.3/content-type-2.3.jar;libraries\\java\\com/nimbusds/lang-tag/1.7/lang-tag-1.7.jar;libraries\\java\\com/nimbusds/nimbus-jose-jwt/9.40/nimbus-jose-jwt-9.40.jar;libraries\\java\\com/nimbusds/oauth2-oidc-sdk/11.18/oauth2-oidc-sdk-11.18.jar;libraries\\java\\commons-codec/commons-codec/1.17.1/commons-codec-1.17.1.jar;libraries\\java\\commons-io/commons-io/2.17.0/commons-io-2.17.0.jar;libraries\\java\\commons-logging/commons-logging/1.3.4/commons-logging-1.3.4.jar;libraries\\java\\io/netty/netty-buffer/4.1.115.Final/netty-buffer-4.1.115.Final.jar;libraries\\java\\io/netty/netty-codec/4.1.115.Final/netty-codec-4.1.115.Final.jar;libraries\\java\\io/netty/netty-common/4.1.115.Final/netty-common-4.1.115.Final.jar;libraries\\java\\io/netty/netty-buffer/4.1.118.Final/netty-buffer-4.1.118.Final.jar;libraries\\java\\io/netty/netty-codec-http/4.1.118.Final/netty-codec-http-4.1.118.Final.jar;libraries\\java\\io/netty/netty-codec/4.1.118.Final/netty-codec-4.1.118.Final.jar;libraries\\java\\io/netty/netty-common/4.1.118.Final/netty-common-4.1.118.Final.jar;libraries\\java\\io/netty/netty-handler/4.1.118.Final/netty-handler-4.1.118.Final.jar;libraries\\java\\io/netty/netty-resolver/4.1.118.Final/netty-resolver-4.1.118.Final.jar;libraries\\java\\io/netty/netty-transport-classes-epoll/4.1.118.Final/netty-transport-classes-epoll-4.1.118.Final.jar;libraries\\java\\io/netty/netty-transport-native-unix-common/4.1.118.Final/netty-transport-native-unix-common-4.1.118.Final.jar;libraries\\java\\io/netty/netty-transport/4.1.118.Final/netty-transport-4.1.118.Final.jar;libraries\\java\\it/unimi/dsi/fastutil/8.5.15/fastutil-8.5.15.jar;libraries\\java\\net/java/dev/jna/jna-platform/5.15.0/jna-platform-5.15.0.jar;libraries\\java\\net/java/dev/jna/jna/5.15.0/jna-5.15.0.jar;libraries\\java\\net/minidev/accessors-smart/2.5.1/accessors-smart-2.5.1.jar;libraries\\java\\net/minidev/json-smart/2.5.1/json-smart-2.5.1.jar;libraries\\java\\net/sf/jopt-simple/jopt-simple/5.0.4/jopt-simple-5.0.4.jar;libraries\\java\\org/apache/commons/commons-compress/1.27.1/commons-compress-1.27.1.jar;libraries\\java\\org/apache/commons/commons-lang3/3.17.0/commons-lang3-3.17.0.jar;libraries\\java\\org/apache/httpcomponents/httpclient/4.5.14/httpclient-4.5.14.jar;libraries\\java\\org/apache/httpcomponents/httpcore/4.4.16/httpcore-4.4.16.jar;libraries\\java\\org/apache/logging/log4j/log4j-api/2.24.1/log4j-api-2.24.1.jar;libraries\\java\\org/apache/logging/log4j/log4j-core/2.24.1/log4j-core-2.24.1.jar;libraries\\java\\org/apache/logging/log4j/log4j-slf4j2-impl/2.24.1/log4j-slf4j2-impl-2.24.1.jar;libraries\\java\\org/jcraft/jorbis/0.0.17/jorbis-0.0.17.jar;libraries\\java\\org/joml/joml/1.10.8/joml-1.10.8.jar;libraries\\java\\org/lwjgl/lwjgl-freetype/3.3.3/lwjgl-freetype-3.3.3.jar;libraries\\java\\org/lwjgl/lwjgl-glfw/3.3.3/lwjgl-glfw-3.3.3.jar;libraries\\java\\org/lwjgl/lwjgl-jemalloc/3.3.3/lwjgl-jemalloc-3.3.3.jar;libraries\\java\\org/lwjgl/lwjgl-openal/3.3.3/lwjgl-openal-3.3.3.jar;libraries\\java\\org/lwjgl/lwjgl-opengl/3.3.3/lwjgl-opengl-3.3.3.jar;libraries\\java\\org/lwjgl/lwjgl-stb/3.3.3/lwjgl-stb-3.3.3.jar;libraries\\java\\org/lwjgl/lwjgl-tinyfd/3.3.3/lwjgl-tinyfd-3.3.3.jar;libraries\\java\\org/lwjgl/lwjgl/3.3.3/lwjgl-3.3.3.jar;libraries\\java\\org/lz4/lz4-java/1.8.0/lz4-java-1.8.0.jar;libraries\\java\\org/slf4j/slf4j-api/2.0.16/slf4j-api-2.0.16.jar;libraries\\java\\org/ow2/asm/asm/9.9/asm-9.9.jar;libraries\\java\\org/ow2/asm/asm-analysis/9.9/asm-analysis-9.9.jar;libraries\\java\\org/ow2/asm/asm-commons/9.9/asm-commons-9.9.jar;libraries\\java\\org/ow2/asm/asm-tree/9.9/asm-tree-9.9.jar;libraries\\java\\org/ow2/asm/asm-util/9.9/asm-util-9.9.jar;libraries\\java\\net/fabricmc/sponge-mixin/0.17.2+mixin.0.8.7/sponge-mixin-0.17.2+mixin.0.8.7.jar;libraries/java\\net/fabricmc/fabric-loader/0.19.2/fabric-loader-0.19.2.jar;libraries\\java\\net/fabricmc/intermediary/1.21.10/intermediary-1.21.10.jar;libraries\\java\\net/digitalingot/rust-extension/1.0.10/rust-extension-1.0.10.jar;libraries\\java\\net/digitalingot/fjni/0.0.2/fjni-0.0.2.jar;libraries\\java\\net/digitalingot/fdiscord/0.0.1/fdiscord-0.0.1.jar;libraries\\java\\net/digitalingot/fcef/0.1.1/fcef-0.1.1.jar;libraries\\java\\net/digitalingot/fwebp/0.0.1/fwebp-0.0.1.jar;libraries\\java\\net/digitalingot/favif/0.0.1/favif-0.0.1.jar;libraries\\java\\net/digitalingot/feather-server-api/messaging/0.0.5/messaging-0.0.5.jar;libraries\\java\\org/jitsi/libjitsi-opus/1.1-32-g2a5a8171/libjitsi-opus-1.1-32-g2a5a8171.jar;libraries\\java\\org/capnproto/runtime/0.1.10/runtime-0.1.10.jar;libraries\\java\\com/google/inject/guice/5.1.1/guice-5.1.1.jar;libraries\\java\\javassist/javassist/3.12.1.GA/javassist-3.12.1.GA.jar;libraries\\java\\io/sentry/sentry/7.18.1/sentry-7.18.1.jar;libraries\\java\\org/antlr/antlr4-runtime/4.13.2/antlr4-runtime-4.13.2.jar;libraries\\java\\org/anarres/jcpp/1.4.14/jcpp-1.4.14.jar;libraries\\java\\io/netty/netty-codec-http/4.1.97.Final/netty-codec-http-4.1.97.Final.jar;libraries\\java\\software/bernie/geckolib/fGeckolib-1.21.5-fabric-4.1.0.jar", "-DFabricMcEmu= net.minecraft.client.main.Main ", "net.digitalingot.rustextension.ProxiedStart", "net.fabricmc.loader.launch.knot.KnotClient", "--username", "Mozzi_Uma", "--version", "1.21.10-feather", "--gameDir", "C:\\Users\\kali-main\\AppData\\Roaming/.minecraft", "--assetsDir", "assets", "--assetIndex", "1.21.10-feather-game", "--uuid", "59ac0628c43c43beb25a1895fee081ad", "--accessToken", "<hidden>", "--userType", "msa", "--versionType", "feather"]
[J] [15:59:07] [main/INFO]: Loading Minecraft 1.21.10 with Fabric Loader 0.19.2
[J] [15:59:08] [ForkJoinPool-1-worker-10/WARN]: Mod feather uses the version release/91b9349b which isn't compatible with Loader's extended semantic version format (Could not parse version number component 'release/91b9349b'!), SemVer is recommended for reliably evaluating dependencies and prioritizing newer version
[J] [15:59:08] [ForkJoinPool-1-worker-18/WARN]: Mod com_github_rtyley_animated-gif-lib-for-java uses the version animated-gif-lib-1.7 which isn't compatible with Loader's extended semantic version format (Could not parse version number component 'animated'!), SemVer is recommended for reliably evaluating dependencies and prioritizing newer version
[J] [15:59:08] [main/INFO]: Loading 101 mods:
[J] 	- autorun 1.3.1
[J] 	- bobby 5.2.10+mc1.21.9
[J] 	   |-- com_typesafe_config 1.4.2
[J] 	   |-- fabric-api-base 1.0.0+14b92d8987
[J] 	   |-- io_leangen_geantyref_geantyref 1.3.13
[J] 	   |-- org_spongepowered_configurate-core 4.1.2
[J] 	   \-- org_spongepowered_configurate-hocon 4.1.2
[J] 	- cloth-config 20.0.149
[J] 	   \-- cloth-basic-math 0.6.1
[J] 	- entity_culling 1.9.5-mc1.21.10
[J] 	- fabric-api 0.138.4+1.21.10
[J] 	   |-- fabric-api-lookup-api-v1 1.6.106+d17682156f
[J] 	   |-- fabric-biome-api-v1 16.1.0+c2417d4f6f
[J] 	   |-- fabric-block-api-v1 1.1.5+d17682156f
[J] 	   |-- fabric-block-view-api-v2 1.0.34+e4fd1b926f
[J] 	   |-- fabric-command-api-v2 2.4.0+c0ab2d5d6f
[J] 	   |-- fabric-content-registries-v0 10.2.6+b6a242646f
[J] 	   |-- fabric-convention-tags-v1 2.1.49+7f945d5b6f
[J] 	   |-- fabric-convention-tags-v2 2.17.0+ff7bc77d6f
[J] 	   |-- fabric-crash-report-info-v1 0.3.18+33df5e6e6f
[J] 	   |-- fabric-data-attachment-api-v1 1.8.33+cd3b9e596f
[J] 	   |-- fabric-data-generation-api-v1 23.2.27+d8b85ef16f
[J] 	   |-- fabric-dimensions-v1 4.0.22+38b9cc196f
[J] 	   |-- fabric-entity-events-v1 2.1.13+fde3702c6f
[J] 	   |-- fabric-events-interaction-v0 4.0.36+5ba217126f
[J] 	   |-- fabric-game-rule-api-v1 1.1.1+e47eaae56f
[J] 	   |-- fabric-item-api-v1 11.5.11+9bce411b6f
[J] 	   |-- fabric-item-group-api-v1 4.2.27+86b3ae576f
[J] 	   |-- fabric-key-binding-api-v1 1.1.1+b3ba9c486f
[J] 	   |-- fabric-lifecycle-events-v1 2.6.9+33df5e6e6f
[J] 	   |-- fabric-loot-api-v2 3.0.67+3f89f5a56f
[J] 	   |-- fabric-loot-api-v3 2.0.14+d17682156f
[J] 	   |-- fabric-message-api-v1 6.1.7+3154c1c86f
[J] 	   |-- fabric-model-loading-api-v1 6.0.5+3ffd6ef06f
[J] 	   |-- fabric-networking-api-v1 5.1.0+b095d8db6f
[J] 	   |-- fabric-object-builder-api-v1 21.1.28+9bce411b6f
[J] 	   |-- fabric-particles-v1 4.2.3+a0ee59a46f
[J] 	   |-- fabric-recipe-api-v1 8.2.0+39709ef06f
[J] 	   |-- fabric-registry-sync-v0 6.1.42+679c8c5c6f
[J] 	   |-- fabric-renderer-api-v1 7.2.3+9be2a36e6f
[J] 	   |-- fabric-renderer-indigo 4.1.4+9be2a36e6f
[J] 	   |-- fabric-rendering-fluids-v1 3.1.38+86b3ae576f
[J] 	   |-- fabric-rendering-v1 16.2.0+bee81f016f
[J] 	   |-- fabric-resource-conditions-api-v1 5.0.28+33df5e6e6f
[J] 	   |-- fabric-resource-loader-v0 3.3.1+d4d4122a6f
[J] 	   |-- fabric-resource-loader-v1 1.0.4+14959b836f
[J] 	   |-- fabric-screen-api-v1 3.1.0+9c82a7986f
[J] 	   |-- fabric-screen-handler-api-v1 1.3.151+d17682156f
[J] 	   |-- fabric-serialization-api-v1 1.0.0+d857c9766f
[J] 	   |-- fabric-sound-api-v1 1.0.45+328a75ba6f
[J] 	   |-- fabric-tag-api-v1 1.2.13+2fa446b26f
[J] 	   |-- fabric-transfer-api-v1 6.0.15+79ec2c126f
[J] 	   \-- fabric-transitive-access-wideners-v1 6.5.3+41eb43436f
[J] 	- fabric-language-kotlin 1.13.9+kotlin.2.3.10
[J] 	   |-- org_jetbrains_kotlin_kotlin-reflect 2.3.10
[J] 	   |-- org_jetbrains_kotlin_kotlin-stdlib 2.3.10
[J] 	   |-- org_jetbrains_kotlin_kotlin-stdlib-jdk7 2.3.10
[J] 	   |-- org_jetbrains_kotlin_kotlin-stdlib-jdk8 2.3.10
[J] 	   |-- org_jetbrains_kotlinx_atomicfu-jvm 0.31.0
[J] 	   |-- org_jetbrains_kotlinx_kotlinx-coroutines-core-jvm 1.10.2
[J] 	   |-- org_jetbrains_kotlinx_kotlinx-coroutines-jdk8 1.10.2
[J] 	   |-- org_jetbrains_kotlinx_kotlinx-datetime-jvm 0.7.1
[J] 	   |-- org_jetbrains_kotlinx_kotlinx-io-bytestring-jvm 0.8.2
[J] 	   |-- org_jetbrains_kotlinx_kotlinx-io-core-jvm 0.8.2
[J] 	   |-- org_jetbrains_kotlinx_kotlinx-serialization-cbor-jvm 1.10.0
[J] 	   |-- org_jetbrains_kotlinx_kotlinx-serialization-core-jvm 1.10.0
[J] 	   \-- org_jetbrains_kotlinx_kotlinx-serialization-json-jvm 1.10.0
[J] 	- fabricloader 0.19.2
[J] 	   \-- mixinextras 0.5.4
[J] 	- fancymenu 3.8.2
[J] 	   |-- com_github_keksuccino_japng 0.5.3
[J] 	   \-- com_github_rtyley_animated-gif-lib-for-java animated-gif-lib-1.7
[J] 	- feather release/91b9349b
[J] 	- ferritecore 8.1.0
[J] 	- inventoryhud 3.4.29
[J] 	- inventoryprofilesnext 2.2.3
[J] 	- iris 1.9.7+mc1.21.10
[J] 	   |-- fabric-api-base 1.0.0+14b92d8987
[J] 	   |-- io_github_douira_glsl-transformer 3.0.0-pre3
[J] 	   |-- org_anarres_jcpp 1.4.14
[J] 	   \-- org_antlr_antlr4-runtime 4.13.1
[J] 	- java 21
[J] 	- konkrete 1.9.13
[J] 	- koreanpatch 1.9.5+mc1.21.10
[J] 	- libipn 6.6.2
[J] 	- litematica 0.24.7
[J] 	- malilib 0.26.8
[J] 	- melody 1.0.14
[J] 	- minecraft 1.21.10
[J] 	- modmenu 16.0.0
[J] 	   \-- fabric-api-base 1.0.0+14b92d8987
[J] 	- mozzi_resource_keeper 1.0.0
[J] 	- mozzitrigger 1.2.1
[J] 	- placeholder-api 2.8.2+1.21.10
[J] 	- quick-pack 1.2.0
[J] 	- quitefishing 1.1
[J] 	   \-- midnightlib 1.8.3
[J] 	- shulkerboxtooltip 5.2.13+1.21.10
[J] 	- sodium 0.7.3+mc1.21.10
[J] 	- sodium-extra 0.7.1+mc1.21.10
[J] 	- xaerominimap 25.3.10
[J] 	   \-- xaerolib 1.1.0
[J] 	- xaeroworldmap 1.40.11
[J] 	   \-- xaerolib 1.1.0
[J] [15:59:11] [main/INFO]: SpongePowered MIXIN Subsystem Version=0.8.7 Source=file:/C:/Users/kali-main/AppData/Roaming/.minecraft/libraries/java/net/fabricmc/sponge-mixin/0.17.2+mixin.0.8.7/sponge-mixin-0.17.2+mixin.0.8.7.jar Service=Knot/Fabric Env=CLIENT
[J] [15:59:12] [main/INFO]: Compatibility level set to JAVA_21
[J] [15:59:12] [main/WARN]: Reference map 'fancymenu.refmap.json' for fancymenu.mixins.json could not be read. If this is a development environment you can ignore this message
[J] [15:59:12] [main/WARN]: Reference map 'fancymenu.refmap.json' for fancymenu.fabric.mixins.json could not be read. If this is a development environment you can ignore this message
[J] [15:59:12] [main/INFO]: [Feather::Optifine]: Optifine is not detected
[J] [15:59:12] [main/INFO]: [Feather::IrisMod]: Iris detected
[J] [15:59:12] [main/INFO]: [Feather::EssentialMod] Installed: false
[J] [15:59:12] [main/WARN]: Reference map 'iris.refmap.json' for mixins.iris.json could not be read. If this is a development environment you can ignore this message
[J] [15:59:12] [main/WARN]: Reference map 'iris-fabric.refmap.json' for mixins.iris.fabric.json could not be read. If this is a development environment you can ignore this message
[J] [15:59:12] [main/WARN]: Reference map 'iris.refmap.json' for mixins.iris.fantastic.json could not be read. If this is a development environment you can ignore this message
[J] [15:59:12] [main/WARN]: Reference map 'iris.refmap.json' for mixins.iris.vertexformat.json could not be read. If this is a development environment you can ignore this message
[J] [15:59:12] [main/WARN]: Reference map 'iris.refmap.json' for mixins.iris.bettermipmaps.json could not be read. If this is a development environment you can ignore this message
[J] [15:59:12] [main/WARN]: Reference map 'iris.refmap.json' for mixins.iris.compat.sodium.json could not be read. If this is a development environment you can ignore this message
[J] [15:59:12] [main/WARN]: Reference map 'iris.refmap.json' for mixins.iris.fixes.maxfpscrash.json could not be read. If this is a development environment you can ignore this message
[J] [15:59:12] [main/WARN]: Reference map 'quick-pack.refmap.json' for quick-pack.mixins.json could not be read. If this is a development environment you can ignore this message
[J] [15:59:12] [main/INFO]: Loaded configuration file for Sodium: 42 options available, 1 override(s) found
[J] [15:59:13] [main/WARN]: Error loading class: dev/isxander/controlify/virtualmouse/VirtualMouseHandler (java.lang.ClassNotFoundException: dev/isxander/controlify/virtualmouse/VirtualMouseHandler)
[J] [15:59:13] [main/WARN]: @Mixin target dev.isxander.controlify.virtualmouse.VirtualMouseHandler was not found mixins.ipnext.json:MixinVirtualMouseHandler from mod inventoryprofilesnext
[J] [15:59:13] [main/WARN]: Error loading class: com/moulberry/axiom/editor/EditorUI (java.lang.ClassNotFoundException: com/moulberry/axiom/editor/EditorUI)
[J] [15:59:13] [main/WARN]: @Mixin target com.moulberry.axiom.editor.EditorUI was not found koreanpatch.fabric.mixins.json:mods.axiom.EditorUIMixin from mod koreanpatch
[J] [15:59:13] [main/WARN]: Error loading class: bettercommandblockui/main/ui/screen/AbstractBetterCommandBlockScreen (java.lang.ClassNotFoundException: bettercommandblockui/main/ui/screen/AbstractBetterCommandBlockScreen)
[J] [15:59:13] [main/WARN]: @Mixin target bettercommandblockui.main.ui.screen.AbstractBetterCommandBlockScreen was not found koreanpatch.fabric.mixins.json:mods.bettercommand.AbstractBetterCommandBlockScreenMixin from mod koreanpatch
[J] [15:59:13] [main/WARN]: Error loading class: bettercommandblockui/main/ui/MultiLineTextFieldWidget (java.lang.ClassNotFoundException: bettercommandblockui/main/ui/MultiLineTextFieldWidget)
[J] [15:59:13] [main/WARN]: @Mixin target bettercommandblockui.main.ui.MultiLineTextFieldWidget was not found koreanpatch.fabric.mixins.json:mods.bettercommand.MultiLineEditBoxMixin from mod koreanpatch
[J] [15:59:13] [main/WARN]: Error loading class: arm32x/minecraft/commandblockide/client/gui/MultilineTextFieldWidget (java.lang.ClassNotFoundException: arm32x/minecraft/commandblockide/client/gui/MultilineTextFieldWidget)
[J] [15:59:13] [main/WARN]: @Mixin target arm32x.minecraft.commandblockide.client.gui.MultilineTextFieldWidget was not found koreanpatch.fabric.mixins.json:mods.commandblockide.MultilineEditBoxMixin from mod koreanpatch
[J] [15:59:13] [main/WARN]: Error loading class: arm32x/minecraft/commandblockide/client/gui/editor/CommandBlockEditor (java.lang.ClassNotFoundException: arm32x/minecraft/commandblockide/client/gui/editor/CommandBlockEditor)
[J] [15:59:13] [main/WARN]: @Mixin target arm32x.minecraft.commandblockide.client.gui.editor.CommandBlockEditor was not found koreanpatch.fabric.mixins.json:mods.commandblockide.indicator.CommandBlockEditorMixin from mod koreanpatch
[J] [15:59:13] [main/WARN]: Error loading class: arm32x/minecraft/commandblockide/client/gui/editor/CommandEditor (java.lang.ClassNotFoundException: arm32x/minecraft/commandblockide/client/gui/editor/CommandEditor)
[J] [15:59:13] [main/WARN]: @Mixin target arm32x.minecraft.commandblockide.client.gui.editor.CommandEditor was not found koreanpatch.fabric.mixins.json:mods.commandblockide.indicator.CommandEditorMixin from mod koreanpatch
[J] [15:59:13] [main/WARN]: Error loading class: fuzs/easyanvils/client/gui/components/FormattableEditBox (java.lang.ClassNotFoundException: fuzs/easyanvils/client/gui/components/FormattableEditBox)
[J] [15:59:13] [main/WARN]: @Mixin target fuzs.easyanvils.client.gui.components.FormattableEditBox was not found koreanpatch.fabric.mixins.json:mods.easy_anvils.FormattableEditBoxMixin from mod koreanpatch
[J] [15:59:13] [main/WARN]: Error loading class: fuzs/easyanvils/client/gui/screens/inventory/NameTagEditScreen (java.lang.ClassNotFoundException: fuzs/easyanvils/client/gui/screens/inventory/NameTagEditScreen)
[J] [15:59:13] [main/WARN]: @Mixin target fuzs.easyanvils.client.gui.screens.inventory.NameTagEditScreen was not found koreanpatch.fabric.mixins.json:mods.easy_anvils.NameTagEditScreenMixin from mod koreanpatch
[J] [15:59:13] [main/WARN]: Error loading class: me/shedaniel/rei/impl/client/gui/widget/search/OverlaySearchField (java.lang.ClassNotFoundException: me/shedaniel/rei/impl/client/gui/widget/search/OverlaySearchField)
[J] [15:59:13] [main/WARN]: @Mixin target me.shedaniel.rei.impl.client.gui.widget.search.OverlaySearchField was not found koreanpatch.fabric.mixins.json:mods.rei.OverlaySearchFieldMixin from mod koreanpatch
[J] [15:59:13] [main/WARN]: Force-disabling mixin 'features.render.world.sky.FogRendererMixin' as rule 'mixin.features.render.world.sky' (added by mods [iris]) disables it and children
[J] [15:59:13] [main/WARN]: Force-disabling mixin 'features.render.world.sky.ClientLevelMixin' as rule 'mixin.features.render.world.sky' (added by mods [iris]) disables it and children
[J] [15:59:13] [main/WARN]: Force-disabling mixin 'features.render.world.sky.LevelRendererMixin' as rule 'mixin.features.render.world.sky' (added by mods [iris]) disables it and children
[J] [15:59:13] [main/WARN]: Error loading class: net/coderbot/iris/vertices/ImmediateState (java.lang.ClassNotFoundException: net/coderbot/iris/vertices/ImmediateState)
[J] [15:59:13] [main/WARN]: Error loading class: net/coderbot/iris/pipeline/IrisRenderingPipeline (java.lang.ClassNotFoundException: net/coderbot/iris/pipeline/IrisRenderingPipeline)
[J] [15:59:13] [main/WARN]: Error loading class: net/irisshaders/iris/pipeline/newshader/NewWorldRenderingPipeline (java.lang.ClassNotFoundException: net/irisshaders/iris/pipeline/newshader/NewWorldRenderingPipeline)
[J] [15:59:13] [main/WARN]: Error loading class: net/coderbot/iris/pipeline/newshader/NewWorldRenderingPipeline (java.lang.ClassNotFoundException: net/coderbot/iris/pipeline/newshader/NewWorldRenderingPipeline)
[J] [15:59:13] [SentryExecutorServiceThreadFactory-0/WARN]: Error loading class: net/optifine/Config (java.lang.ClassNotFoundException: net/optifine/Config)
[J] [15:59:13] [main/INFO]: Searching for graphics cards...
[J] [15:59:13] [main/INFO]: Found graphics adapter: AdapterInfo{vendor=NVIDIA, description='NVIDIA GeForce RTX 3080', adapterType=0x0000031B, openglIcdFilePath='C:\WINDOWS\System32\DriverStore\FileRepository\nv_dispi.inf_amd64_adc55ecfca814224\nvoglv64.dll', openglIcdVersion=32.0.15.9186}
[J] [15:59:13] [main/WARN]: Sodium has applied one or more workarounds to prevent crashes or other issues on your system: [NVIDIA_THREADED_OPTIMIZATIONS_BROKEN]
[J] [15:59:13] [main/WARN]: This is not necessarily an issue, but it may result in certain features or optimizations being disabled. You can sometimes fix these issues by upgrading your graphics driver.
[J] [15:59:13] [main/INFO]: Initializing MixinExtras via com.llamalad7.mixinextras.service.MixinExtrasServiceImpl(version=0.5.4).
[J] [15:59:15] [Datafixer Bootstrap/INFO]: 278 Datafixer optimizations took 554 milliseconds
[J] [15:59:21] [main/INFO]: Sodium: [0.7.3+mc1.21.10], Iris: [1.9.7+mc1.21.10]
[J] [15:59:21] [main/INFO]: Assigning MaLiLib Pipelines to Iris Programs:
[J] [15:59:21] [main/WARN]: Found okay program match for malilib:pipeline/position_color/translucent/no_depth/no_cull: BASIC_COLOR
[J] [15:59:21] [main/WARN]: Found okay program match for malilib:pipeline/position_color/translucent/no_depth: BASIC_COLOR
[J] [15:59:21] [main/WARN]: Found okay program match for malilib:pipeline/position_color/translucent/lequal_depth/offset_1: BASIC_COLOR
[J] [15:59:21] [main/WARN]: Found okay program match for malilib:pipeline/position_color/translucent/lequal_depth/offset_2: BASIC_COLOR
[J] [15:59:21] [main/WARN]: Found okay program match for malilib:pipeline/position_color/translucent/lequal_depth/offset_3: BASIC_COLOR
[J] [15:59:21] [main/WARN]: Found okay program match for malilib:pipeline/position_color/translucent/lequal_depth/no_cull: BASIC_COLOR
[J] [15:59:21] [main/WARN]: Found okay program match for malilib:pipeline/position_color/translucent/lequal_depth: BASIC_COLOR
[J] [15:59:21] [main/WARN]: Found okay program match for malilib:pipeline/position_color/translucent/greater_depth: BASIC_COLOR
[J] [15:59:21] [main/WARN]: Found okay program match for malilib:pipeline/position_color/translucent/depth_mask: BASIC_COLOR
[J] [15:59:21] [main/WARN]: Found okay program match for malilib:pipeline/position_color/translucent: BASIC_COLOR
[J] [15:59:21] [main/WARN]: Found okay program match for malilib:pipeline/position_color/masa/no_depth/no_cull: BASIC_COLOR
[J] [15:59:21] [main/WARN]: Found okay program match for malilib:pipeline/position_color/masa/no_depth: BASIC_COLOR
[J] [15:59:21] [main/WARN]: Found okay program match for malilib:pipeline/position_color/masa/lequal_depth/offset_1: BASIC_COLOR
[J] [15:59:21] [main/WARN]: Found okay program match for malilib:pipeline/position_color/masa/lequal_depth/offset_2: BASIC_COLOR
[J] [15:59:21] [main/WARN]: Found okay program match for malilib:pipeline/position_color/masa/lequal_depth/offset_3: BASIC_COLOR
[J] [15:59:21] [main/WARN]: Found okay program match for malilib:pipeline/position_color/masa/lequal_depth/no_cull: BASIC_COLOR
[J] [15:59:21] [main/WARN]: Found okay program match for malilib:pipeline/position_color/masa/lequal_depth: BASIC_COLOR
[J] [15:59:21] [main/WARN]: Found okay program match for malilib:pipeline/position_color/masa/greater_depth: BASIC_COLOR
[J] [15:59:21] [main/WARN]: Found okay program match for malilib:pipeline/position_color/masa/depth_mask: BASIC_COLOR
[J] [15:59:21] [main/WARN]: Found okay program match for malilib:pipeline/position_color/masa: BASIC_COLOR
[J] [15:59:21] [main/WARN]: Found okay program match for malilib:pipeline/position_tex_color/translucent/no_depth/no_cull: TEXTURED_COLOR
[J] [15:59:21] [main/WARN]: Found okay program match for malilib:pipeline/position_tex_color/translucent/no_depth: TEXTURED_COLOR
[J] [15:59:21] [main/WARN]: Found okay program match for malilib:pipeline/position_tex_color/translucent/lequal_depth/offset_1: TEXTURED_COLOR
[J] [15:59:21] [main/WARN]: Found okay program match for malilib:pipeline/position_tex_color/translucent/lequal_depth/offset_2: TEXTURED_COLOR
[J] [15:59:21] [main/WARN]: Found okay program match for malilib:pipeline/position_tex_color/translucent/lequal_depth/offset_3: TEXTURED_COLOR
[J] [15:59:21] [main/WARN]: Found okay program match for malilib:pipeline/position_tex_color/translucent/lequal_depth/no_cull: TEXTURED_COLOR
[J] [15:59:21] [main/WARN]: Found okay program match for malilib:pipeline/position_tex_color/translucent/lequal_depth: TEXTURED_COLOR
[J] [15:59:21] [main/WARN]: Found okay program match for malilib:pipeline/position_tex_color/translucent/greater_depth: TEXTURED_COLOR
[J] [15:59:21] [main/WARN]: Found okay program match for malilib:pipeline/position_tex_color/translucent/depth_mask: TEXTURED_COLOR
[J] [15:59:21] [main/WARN]: Found okay program match for malilib:pipeline/position_tex_color/translucent: TEXTURED_COLOR
[J] [15:59:21] [main/WARN]: Found okay program match for malilib:pipeline/position_tex_color/masa/no_depth/no_cull: TEXTURED_COLOR
[J] [15:59:21] [main/WARN]: Found okay program match for malilib:pipeline/position_tex_color/masa/no_depth: TEXTURED_COLOR
[J] [15:59:21] [main/WARN]: Found okay program match for malilib:pipeline/position_tex_color/masa/lequal_depth/offset_1: TEXTURED_COLOR
[J] [15:59:21] [main/WARN]: Found okay program match for malilib:pipeline/position_tex_color/masa/lequal_depth/offset_2: TEXTURED_COLOR
[J] [15:59:21] [main/WARN]: Found okay program match for malilib:pipeline/position_tex_color/masa/lequal_depth/offset_3: TEXTURED_COLOR
[J] [15:59:21] [main/WARN]: Found okay program match for malilib:pipeline/position_tex_color/masa/lequal_depth/no_cull: TEXTURED_COLOR
[J] [15:59:21] [main/WARN]: Found okay program match for malilib:pipeline/position_tex_color/masa/lequal_depth: TEXTURED_COLOR
[J] [15:59:21] [main/WARN]: Found okay program match for malilib:pipeline/position_tex_color/masa/greater_depth: TEXTURED_COLOR
[J] [15:59:21] [main/WARN]: Found okay program match for malilib:pipeline/position_tex_color/masa/depth_mask: TEXTURED_COLOR
[J] [15:59:21] [main/WARN]: Found okay program match for malilib:pipeline/position_tex_color/masa: TEXTURED_COLOR
[J] [15:59:21] [main/WARN]: Found *decent* program match for malilib:pipeline/debug_lines/translucent/no_depth/no_cull: LINES
[J] [15:59:21] [main/WARN]: Found *decent* program match for malilib:pipeline/debug_lines/translucent/no_depth: LINES
[J] [15:59:21] [main/WARN]: Found *decent* program match for malilib:pipeline/debug_lines/translucent/no_cull: LINES
[J] [15:59:21] [main/WARN]: Found *decent* program match for malilib:pipeline/debug_lines/translucent/lequal_depth: LINES
[J] [15:59:21] [main/WARN]: Found *decent* program match for malilib:pipeline/debug_lines/translucent/offset_1: LINES
[J] [15:59:21] [main/WARN]: Found *decent* program match for malilib:pipeline/debug_lines/translucent/offset_2: LINES
[J] [15:59:21] [main/WARN]: Found *decent* program match for malilib:pipeline/debug_lines/translucent/offset_3: LINES
[J] [15:59:21] [main/WARN]: Found *decent* program match for malilib:pipeline/debug_lines/translucent: LINES
[J] [15:59:21] [main/WARN]: Found *decent* program match for malilib:pipeline/debug_lines/masa_simple/no_depth/no_cull: LINES
[J] [15:59:21] [main/WARN]: Found *decent* program match for malilib:pipeline/debug_lines/masa_simple/no_depth: LINES
[J] [15:59:21] [main/WARN]: Found *decent* program match for malilib:pipeline/debug_lines/masa_simple/no_cull: LINES
[J] [15:59:21] [main/WARN]: Found *decent* program match for malilib:pipeline/debug_lines/masa_simple/lequal_depth: LINES
[J] [15:59:21] [main/WARN]: Found *decent* program match for malilib:pipeline/debug_lines/masa_simple/offset_1: LINES
[J] [15:59:21] [main/WARN]: Found *decent* program match for malilib:pipeline/debug_lines/masa_simple/offset_2: LINES
[J] [15:59:21] [main/WARN]: Found *decent* program match for malilib:pipeline/debug_lines/masa_simple/offset_3: LINES
[J] [15:59:21] [main/WARN]: Found *decent* program match for malilib:pipeline/debug_lines/masa_simple: LINES
[J] [15:59:21] [main/WARN]: Found *decent* program match for malilib:pipeline/debug_line_strip/translucent/no_depth/no_cull: LINES
[J] [15:59:21] [main/WARN]: Found *decent* program match for malilib:pipeline/debug_line_strip/translucent/no_depth: LINES
[J] [15:59:21] [main/WARN]: Found *decent* program match for malilib:pipeline/debug_line_strip/translucent/no_cull: LINES
[J] [15:59:21] [main/WARN]: Found *decent* program match for malilib:pipeline/debug_line_strip/translucent/offset_1: LINES
[J] [15:59:21] [main/WARN]: Found *decent* program match for malilib:pipeline/debug_line_strip/translucent/offset_2: LINES
[J] [15:59:21] [main/WARN]: Found *decent* program match for malilib:pipeline/debug_line_strip/translucent/offset_3: LINES
[J] [15:59:21] [main/WARN]: Found *decent* program match for malilib:pipeline/debug_line_strip/translucent: LINES
[J] [15:59:21] [main/WARN]: Found *decent* program match for malilib:pipeline/debug_line_strip/masa_simple/no_depth/no_cull: LINES
[J] [15:59:21] [main/WARN]: Found *decent* program match for malilib:pipeline/debug_line_strip/masa_simple/no_depth: LINES
[J] [15:59:21] [main/WARN]: Found *decent* program match for malilib:pipeline/debug_line_strip/masa_simple/no_cull: LINES
[J] [15:59:21] [main/WARN]: Found *decent* program match for malilib:pipeline/debug_line_strip/masa_simple/offset_1: LINES
[J] [15:59:21] [main/WARN]: Found *decent* program match for malilib:pipeline/debug_line_strip/masa_simple/offset_2: LINES
[J] [15:59:21] [main/WARN]: Found *decent* program match for malilib:pipeline/debug_line_strip/masa_simple/offset_3: LINES
[J] [15:59:21] [main/WARN]: Found *decent* program match for malilib:pipeline/debug_line_strip/masa_simple: LINES
[J] [15:59:21] [main/WARN]: Found *decent* program match for malilib:pipeline/solid/masa/offset: TERRAIN_SOLID
[J] [15:59:21] [main/WARN]: Found *decent* program match for malilib:pipeline/wireframe/masa/offset: LINES
[J] [15:59:21] [main/WARN]: Found fine program match for malilib:pipeline/cutout_mipped/masa/offset: TERRAIN_CUTOUT
[J] [15:59:21] [main/WARN]: Found fine program match for malilib:pipeline/cutout/masa/offset: TERRAIN_CUTOUT
[J] [15:59:21] [main/WARN]: Found *decent* program match for malilib:pipeline/translucent/masa/offset: TERRAIN_TRANSLUCENT
[J] [15:59:21] [main/WARN]: Found *decent* program match for malilib:pipeline/tripwire/masa/offset: TERRAIN_TRANSLUCENT
[J] [15:59:21] [main/WARN]: Found *decent* program match for malilib:pipeline/solid/masa: TERRAIN_SOLID
[J] [15:59:21] [main/WARN]: Found *decent* program match for malilib:pipeline/wireframe/masa: LINES
[J] [15:59:21] [main/WARN]: Found fine program match for malilib:pipeline/cutout_mipped/masa: TERRAIN_CUTOUT
[J] [15:59:21] [main/WARN]: Found fine program match for malilib:pipeline/cutout/masa: TERRAIN_CUTOUT
[J] [15:59:21] [main/WARN]: Found *decent* program match for malilib:pipeline/translucent/masa: TERRAIN_TRANSLUCENT
[J] [15:59:21] [main/WARN]: Found *decent* program match for malilib:pipeline/tripwire/masa: TERRAIN_TRANSLUCENT
[J] [15:59:21] [main/WARN]: Found okay program match for malilib:pipeline/minihud/shape/no_depth/offset: BASIC_COLOR
[J] [15:59:21] [main/WARN]: Found okay program match for malilib:pipeline/minihud/shape/no_depth: BASIC_COLOR
[J] [15:59:21] [main/WARN]: Found okay program match for malilib:pipeline/minihud/shape/offset/no_cull: BASIC_COLOR
[J] [15:59:21] [main/WARN]: Found okay program match for malilib:pipeline/minihud/shape/offset: BASIC_COLOR
[J] [15:59:21] [main/WARN]: Found okay program match for malilib:pipeline/minihud/shape/depth_mask: BASIC_COLOR
[J] [15:59:21] [main/WARN]: Found okay program match for malilib:pipeline/minihud/shape/no_cull: BASIC_COLOR
[J] [15:59:21] [main/WARN]: Found okay program match for malilib:pipeline/minihud/shape: BASIC_COLOR
[J] [15:59:21] [main/WARN]: Found okay program match for malilib:pipeline/gui_overlay: BASIC_COLOR
[J] [15:59:21] [main/INFO]: Completely ignored arguments: [--userType, msa]
[J] [15:59:22] [Render thread/INFO]: 캐시 폴더를 리소스팩 공급자로 등록했습니다!
[J] [15:59:22] [Render thread/INFO]: Environment: Environment[sessionHost=https://sessionserver.mojang.com, servicesHost=https://api.minecraftservices.com, profilesHost=https://api.mojang.com, name=PROD]
[J] [15:59:22] [Render thread/INFO]: Setting user: Mozzi_Uma
[J] [15:59:22] [Render thread/INFO]: [FANCYMENU] Loading v3.8.2 in client-side mode on FABRIC!
[J] [15:59:22] [Render thread/INFO]: [FANCYMENU] Registering FancyMenu's resource reload listener via Fabric API..
[J] [15:59:22] [Render thread/INFO]: [KONKRETE] Loading v1.9.13 in client-side mode on FABRIC!
[J] [15:59:22] [Render thread/INFO]: [KONKRETE] Server-side modules initialized and ready to use!
[J] [15:59:22] [Render thread/INFO]: [MELODY] Loading v1.0.14 on FABRIC...
[J] [15:59:22] [Render thread/INFO]: MozziTrigger 메인 로드 완료 (1.21.10)
[J] [15:59:22] [Render thread/INFO]: [ShulkerBoxTooltip] Could not find configuration file, creating default file
[J] [15:59:23] [Render thread/INFO]: [Indigo] Different rendering plugin detected; not applying Indigo.
[J] [15:59:23] [Render thread/INFO]: [STDOUT]: Inventory HUD + has been initialized!
[J] [15:59:23] [Render thread/INFO]: Checking mod updates...
[J] [15:59:24] [Render thread/INFO]: Registering common data for channel xaerolib:main!
[J] [15:59:24] [Render thread/INFO]: Registering client data for channel xaerolib:main!
[J] [15:59:24] [Render thread/INFO]: Loading primary common config for channel xaerolib:main!
[J] [15:59:24] [Render thread/INFO]: Loading server config profiles for channel xaerolib:main!
[J] [15:59:24] [Render thread/INFO]: Loading primary client config for channel xaerolib:main!
[J] [15:59:24] [Render thread/INFO]: Loading client config profiles for channel xaerolib:main!
[J] [15:59:24] [Render thread/INFO]: Loading XaeroLib common 1/2!
[J] [15:59:24] [Render thread/INFO]: Loading XaeroLib client 1/2!
[J] [15:59:24] [Worker-Main-1/INFO]: Update available for 'quick-pack@1.2.0', (-> fabric-1.3.1+1.21.10)
[J] [15:59:24] [Worker-Main-1/INFO]: Update available for 'xaerominimap@25.3.10', (-> fabric-1.21.10-25.3.12)
[J] [15:59:24] [Worker-Main-1/INFO]: Update available for 'inventoryprofilesnext@2.2.3', (-> fabric-1.21.10-2.2.4)
[J] [15:59:24] [Worker-Main-1/INFO]: Update available for 'xaeroworldmap@1.40.11', (-> fabric-1.21.10-1.40.16)
[J] [15:59:24] [Worker-Main-1/INFO]: Update available for 'modmenu@16.0.0', (-> 16.0.1)
[J] [15:59:24] [Worker-Main-1/INFO]: Update available for 'fabric-language-kotlin@1.13.9+kotlin.2.3.10', (-> 1.13.11+kotlin.2.3.21)
[J] [15:59:25] [Render thread/WARN]: io exception while checking patreon: Connect timed out
[J] [15:59:25] [Render thread/INFO]: Registering common data for channel xaerominimap:main!
[J] [15:59:25] [Render thread/INFO]: Registering client data for channel xaerominimap:main!
[J] [15:59:25] [Render thread/INFO]: Loading primary common config for channel xaerominimap:main!
[J] [15:59:25] [Render thread/INFO]: Loading server config profiles for channel xaerominimap:main!
[J] [15:59:25] [Render thread/INFO]: Loading primary client config for channel xaerominimap:main!
[J] [15:59:25] [Render thread/INFO]: Loading client config profiles for channel xaerominimap:main!
[J] [15:59:25] [Render thread/INFO]: Loading Xaero's Minimap - Stage 1/2
[J] [15:59:25] [Render thread/INFO]: Registering common data for channel xaeroworldmap:main!
[J] [15:59:25] [Render thread/INFO]: Registering client data for channel xaeroworldmap:main!
[J] [15:59:25] [Render thread/INFO]: Loading primary common config for channel xaeroworldmap:main!
[J] [15:59:25] [Render thread/INFO]: Loading server config profiles for channel xaeroworldmap:main!
[J] [15:59:25] [Render thread/INFO]: Loading primary client config for channel xaeroworldmap:main!
[J] [15:59:25] [Render thread/INFO]: Loading client config profiles for channel xaeroworldmap:main!
[J] [15:59:25] [Render thread/INFO]: Loading Xaero's World Map - Stage 1/2
[J] [15:59:25] [ForkJoinPool.commonPool-worker-1/WARN]: [Iris Update Check] This version doesn't have an update index, skipping.
[J] [15:59:25] [Render thread/INFO]: Backend library: LWJGL version 3.3.3-snapshot
[J] [15:59:25] [Render thread/INFO]: Modifying process environment to apply workarounds for the NVIDIA graphics driver...
[J] [15:59:26] [Render thread/INFO]: Debug functionality is disabled.
[J] [15:59:26] [Render thread/INFO]: ARB_direct_state_access detected, enabling DSA.
[J] [15:59:26] [Render thread/INFO]: Shaders are disabled because no valid shaderpack is selected
[J] [15:59:26] [Render thread/INFO]: OpenGL Vendor: NVIDIA Corporation
[J] [15:59:26] [Render thread/INFO]: OpenGL Renderer: NVIDIA GeForce RTX 3080/PCIe/SSE2
[J] [15:59:26] [Render thread/INFO]: OpenGL Version: 3.3.0 NVIDIA 591.86
[J] [15:59:26] [Render thread/INFO]: Modifying OpenGL context to apply workarounds for the NVIDIA graphics driver...
[J] [15:59:26] [Render thread/INFO]: Enabling GL_DEBUG_OUTPUT_SYNCHRONOUS to force the NVIDIA driver to disable threaded command submission
[J] [15:59:26] [Render thread/INFO]: Using optional rendering extensions: GL_ARB_buffer_storage, GL_KHR_debug, GL_ARB_vertex_attrib_binding, GL_ARB_direct_state_access
[J] [15:59:27] [Render thread/ERROR]: Couldn't load file/ff8d67a45411a0fbc5fa448bc85d9d11230ef0b5 pack metadata: Pack declares support for version newer than 64, but is missing mandatory fields min_format and max_format
[J] [15:59:28] [Render thread/INFO]: Hardware information:
[J] [15:59:28] [Render thread/INFO]: CPU: 20x Intel(R) Core(TM) i9-10900F CPU @ 2.80GHz
[J] [15:59:28] [Render thread/INFO]: GPU: NVIDIA GeForce RTX 3080/PCIe/SSE2 (Supports OpenGL 3.3.0 NVIDIA 591.86)
[J] [15:59:28] [Render thread/INFO]: OS: Windows 11 (10.0)
[J] [15:59:28] [Render thread/WARN]: onRegisterSpecialGuiRenderer():
[J] [15:59:29] [Render thread/INFO]: [STDOUT]: InvGUI Initialized
[J] [15:59:29] [Render thread/INFO]: fancymenu.mixins.json:client.IMixinRealmsNotificationsScreen from mod fancymenu->@Accessor[FIELD_GETTER]::get_trialAvailable_FancyMenu()Z should be static as its target is
[J] [15:59:29] [Render thread/INFO]: fancymenu.mixins.json:client.IMixinRealmsNotificationsScreen from mod fancymenu->@Accessor[FIELD_GETTER]::get_hasUnreadNews_FancyMenu()Z should be static as its target is
[J] [15:59:29] [Render thread/INFO]: fancymenu.mixins.json:client.IMixinRealmsNotificationsScreen from mod fancymenu->@Accessor[FIELD_GETTER]::get_hasUnseenNotifications()Z should be static as its target is
[J] [15:59:29] [Render thread/INFO]: Reloading ResourceManager: vanilla, fabric, autorun, bobby, cloth-config, entity_culling, fabric-api, fabric-api-base, fabric-api-lookup-api-v1, fabric-biome-api-v1, fabric-block-api-v1, fabric-block-view-api-v2, fabric-command-api-v2, fabric-content-registries-v0, fabric-convention-tags-v1, fabric-convention-tags-v2, fabric-crash-report-info-v1, fabric-data-attachment-api-v1, fabric-data-generation-api-v1, fabric-dimensions-v1, fabric-entity-events-v1, fabric-events-interaction-v0, fabric-game-rule-api-v1, fabric-item-api-v1, fabric-item-group-api-v1, fabric-key-binding-api-v1, fabric-language-kotlin, fabric-lifecycle-events-v1, fabric-loot-api-v2, fabric-loot-api-v3, fabric-message-api-v1, fabric-model-loading-api-v1, fabric-networking-api-v1, fabric-object-builder-api-v1, fabric-particles-v1, fabric-recipe-api-v1, fabric-registry-sync-v0, fabric-renderer-api-v1, fabric-renderer-indigo, fabric-rendering-fluids-v1, fabric-rendering-v1, fabric-resource-conditions-api-v1, fabric-resource-loader-v0, fabric-resource-loader-v1, fabric-screen-api-v1, fabric-screen-handler-api-v1, fabric-serialization-api-v1, fabric-sound-api-v1, fabric-tag-api-v1, fabric-transfer-api-v1, fabric-transitive-access-wideners-v1, fabricloader, fancymenu, feather, ferritecore, inventoryhud, inventoryprofilesnext, iris, koreanpatch, libipn, litematica, malilib, midnightlib, modmenu, mozzi_resource_keeper, mozzitrigger, placeholder-api, quick-pack, quitefishing, shulkerboxtooltip, sodium, sodium-extra, xaerolib, xaerominimap, xaeroworldmap
[J] [15:59:29] [Worker-Main-14/INFO]: Found unifont_pua-16.0.03.hex, loading
[J] [15:59:29] [Worker-Main-5/INFO]: Found unifont_all_no_pua-16.0.03.hex, loading
[J] [15:59:29] [Worker-Main-8/INFO]: Found unifont_jp_patch-16.0.03.hex, loading
[J] [15:59:29] [Render thread/INFO]: [FANCYMENU] Initializing screen customization engine! Addons should NOT REGISTER TO REGISTRIES anymore now!
[J] [15:59:30] [Render thread/INFO]: [FANCYMENU] Starting late client initialization phase..
[J] [15:59:32] [nioEventLoopGroup-3-1/INFO]: Initialized rust channel communication. Communicating on port 62256.
[J] [15:59:32] [Render thread/INFO]: [GeckoLib] Initializing...
[J] [15:59:32] [Render thread/INFO]: Started Feather (91b9349b)
[J] [15:59:32] [Render thread/INFO]: libwincocoainput.dll has copied library to native directory.
[J] [15:59:32] [Render thread/INFO]: [Native|C] CocoaInput Windows Clang Initializer start. library compiled at  Jul  2 2025 14:58:56
[J] [15:59:32] [Render thread/INFO]: Korean Patch Loaded
[J] [15:59:32] [Render thread/INFO]: Loading Xaero's World Map - Stage 2/2
[J] [15:59:32] [Render thread/INFO]: New world map region cache hash code: -806921526
[J] [15:59:33] [feather-scheduler-0/INFO]: Setting core backend token
[J] [15:59:33] [feather-scheduler-0/INFO]: Authenticated with core backend
[J] [15:59:33] [feather-scheduler-0/INFO]: Starting voice...
[J] [15:59:33] [feather-scheduler-0/INFO]: Connecting to voice server...
[J] [15:59:34] [Render thread/ERROR]: io exception while checking versions: Online mod data expired! Date: Thu May 14 04:37:17 KST 2026
[J] [15:59:34] [Render thread/INFO]: Registered player tracker system: map_synced
[J] [15:59:34] [Render thread/INFO]: Xaero's WorldMap Mod: Xaero's minimap found!
[J] [15:59:34] [nioEventLoopGroup-5-1/INFO]: Authenticating with voice server
[J] [15:59:34] [Render thread/INFO]: Registered player tracker system: minimap_synced
[J] [15:59:34] [Render thread/INFO]: No Optifine!
[J] [15:59:34] [Render thread/INFO]: Xaero's World Map: No Vivecraft!
[J] [15:59:34] [Render thread/INFO]: Xaero's World Map: Iris found!
[J] [15:59:34] [Render thread/WARN]: Unable to read property: level with value: "0" for blockstate: {Name:"minecraft:water_cauldron",Properties:{level:"0"}}
[J] [15:59:34] [Render thread/WARN]: Skipped language file: xaerominimap:lang/ko_kr.json (com.google.gson.JsonSyntaxException: com.google.gson.stream.MalformedJsonException: Invalid escape sequence at line 352 column 122 path $.gui.xaero_box_ingame_waypoint_close_scale
[J] See https://github.com/google/gson/blob/main/Troubleshooting.md#malformed-json)
[J] [15:59:34] [Render thread/INFO]: OpenAL initialized on device OpenAL Soft on 헤드폰(도현의 Buds2 Pro)
[J] [15:59:34] [Render thread/INFO]: Sound engine started
[J] [15:59:34] [Render thread/INFO]: [FANCYMENU] Reloading AudioResourceHandler after Minecraft SoundEngine reload..
[J] [15:59:34] [Render thread/INFO]: Created: 512x512x0 minecraft:textures/atlas/particles.png-atlas
[J] [15:59:34] [Render thread/INFO]: Created: 128x64x0 minecraft:textures/atlas/decorated_pot.png-atlas
[J] [15:59:34] [Render thread/INFO]: Created: 2048x1024x0 minecraft:textures/atlas/armor_trims.png-atlas
[J] [15:59:34] [Render thread/INFO]: Created: 512x256x0 minecraft:textures/atlas/paintings.png-atlas
[J] [15:59:34] [Render thread/INFO]: Created: 512x512x0 minecraft:textures/atlas/shield_patterns.png-atlas
[J] [15:59:34] [Render thread/INFO]: Created: 1024x1024x4 minecraft:textures/atlas/blocks.png-atlas
[J] [15:59:34] [Render thread/INFO]: Created: 512x256x0 minecraft:textures/atlas/chest.png-atlas
[J] [15:59:34] [Render thread/INFO]: Created: 512x512x0 minecraft:textures/atlas/banner_patterns.png-atlas
[J] [15:59:34] [Render thread/INFO]: Created: 512x256x0 minecraft:textures/atlas/beds.png-atlas
[J] [15:59:34] [Render thread/INFO]: Created: 1024x512x0 minecraft:textures/atlas/gui.png-atlas
[J] [15:59:34] [Render thread/INFO]: Created: 64x64x0 minecraft:textures/atlas/map_decorations.png-atlas
[J] [15:59:34] [Render thread/INFO]: Created: 256x256x0 minecraft:textures/atlas/signs.png-atlas
[J] [15:59:34] [Render thread/INFO]: Created: 512x256x0 minecraft:textures/atlas/shulker_boxes.png-atlas
[J] [15:59:34] [Render thread/INFO]: Loading Xaero's Minimap - Stage 2/2
[J] [15:59:34] [nioEventLoopGroup-5-1/INFO]: Authenticated with voice server
[J] [15:59:34] [feather-scheduler-0/ERROR]: public final boolean net.digitalingot.feather.bA$tu.acq translated using FieldNamingPolicy.IDENTITY
[J] [15:59:34] [feather-scheduler-0/ERROR]: public boolean net.digitalingot.feather.hD$tu.azV translated using FieldNamingPolicy.IDENTITY
[J] [15:59:34] [nioEventLoopGroup-4-1/INFO]: Established Redstone connection to redstone.feathermc.com/5.161.61.153:1668
[J] [15:59:34] [nioEventLoopGroup-4-1/INFO]: Authenticating with Redstone...
[J] [15:59:35] [nioEventLoopGroup-4-1/INFO]: Authenticated with Redstone
[J] [15:59:35] [nioEventLoopGroup-2-1/INFO]: Connected to chat server
[J] [15:59:35] [Render thread/WARN]: io exception while checking versions: Online mod data expired! Date: Thu May 14 04:37:17 KST 2026
[J] [15:59:35] [Render thread/INFO]: Registered player tracker system: minimap_synced
[J] [15:59:35] [Render thread/INFO]: Xaero's Minimap: World Map found!
[J] [15:59:35] [Render thread/INFO]: No Optifine!
[J] [15:59:35] [Render thread/INFO]: Xaero's Minimap: No Vivecraft!
[J] [15:59:35] [Render thread/INFO]: Xaero's Minimap: Iris found!
[J] [15:59:35] [Render thread/INFO]: Loading XaeroLib common 2/2!
[J] [15:59:35] [Render thread/INFO]: Loading XaeroLib client 2/2!
[J] [15:59:35] [Render thread/INFO]: [FANCYMENU] Reloading resources..
[J] [15:59:35] [Render thread/INFO]: [FANCYMENU] Pre-loading resources..
[J] [15:59:35] [Render thread/INFO]: [FANCYMENU] Minecraft resource reload: FINISHED
[J] [15:59:35] [Render thread/INFO]: [FANCYMENU] ScreenCustomizationLayer registered: net.digitalingot.feather.bb
[J] [15:59:36] [feather-scheduler-1/INFO]: Passed DRM check
[J] [15:59:45] [Render thread/INFO]: [FANCYMENU] ScreenCustomizationLayer registered: join_multiplayer_screen
[J] [15:59:48] [Render thread/INFO]: [FANCYMENU] ScreenCustomizationLayer registered: net.minecraft.class_422
[J] [16:00:09] [Render thread/INFO]: [FANCYMENU] ScreenCustomizationLayer registered: confirm_screen
[J] [16:02:38] [Render thread/INFO]: [FANCYMENU] ScreenCustomizationLayer registered: progress_screen
[J] [16:02:38] [Render thread/INFO]: [FANCYMENU] ScreenCustomizationLayer registered: connect_screen
[J] [16:02:38] [Render thread/INFO]: Connecting to 49.172.167.6, 25565
[J] [16:02:44] [Render thread/INFO]: 캐시 폴더를 리소스팩 공급자로 등록했습니다!
[J] [16:02:44] [Render thread/INFO]: Minimap required item set to nothing.
[J] [16:02:44] [Render thread/INFO]: New Xaero hud session initialized!
[J] [16:02:44] [Render thread/INFO]: Fullscreen map required item set to nothing.
[J] [16:02:44] [Render thread/INFO]: New world map session initialized!
[J] [16:02:45] [Render thread/INFO]: Reloading pipeline on dimension change: null => minecraft:overworld
[J] [16:02:45] [Render thread/INFO]: Creating pipeline for dimension minecraft:overworld
[J] [16:02:45] [Render thread/INFO]: Started 10 worker threads
[J] [16:02:45] [Render thread/INFO]: [FANCYMENU] ScreenCustomizationLayer registered: level_loading_screen
[J] [16:02:45] [Render thread/INFO]: Resizing Dynamic Transforms UBO, capacity limit of 2 reached during a single frame. New capacity will be 4.
[J] [16:02:45] [Render thread/INFO]: [System] [CHAT] 대화 메시지를 검증할 수 없습니다
[J] [16:02:45] [Render thread/INFO]: [System] [CHAT] 이 서버에서 오가는 메시지는 수정될 수 있으며 원본 메시지를 반영하지 않을 수도 있습니다
[J] [16:02:45] [Render thread/INFO]: [ShulkerBoxTooltip Plugins] Loading 1 plugin: shulkerboxtooltip
[J] [16:02:45] [Render thread/INFO]: [ShulkerBoxTooltip Plugins] Registered 19 color keys for mod shulkerboxtooltip
[J] [16:02:45] [Render thread/INFO]: [ShulkerBoxTooltip Plugins] Registered 51 providers for mod shulkerboxtooltip
[J] [16:02:45] [Render thread/INFO]: [Inventory Profiles Next] Loaded 0 external GUI hints
[J] [16:02:45] [Render thread/INFO]: [Inventory Profiles Next] Loaded 803 build-in GUI hints
[J] [16:02:45] [Render thread/INFO]: [Inventory Profiles Next] Effective GUI hints after merge: 803
[J] [16:02:45] [Render thread/INFO]: Using 3 total BufferAllocator caches
[J] [16:02:45] [InventoryHUD+ version check/INFO]: [STDOUT]: [InventoryHUD+] Can't find update string
[J] [16:02:45] [Render thread/WARN]: Unable to read property: east with value: "false" for blockstate: {Name:"minecraft:cobblestone_wall",Properties:{east:"false",north:"false",south:"false",up:"false",west:"false"}}
[J] [16:02:45] [Render thread/WARN]: Unable to read property: south with value: "false" for blockstate: {Name:"minecraft:cobblestone_wall",Properties:{east:"false",north:"false",south:"false",up:"false",west:"false"}}
[J] [16:02:45] [Render thread/WARN]: Unable to read property: north with value: "false" for blockstate: {Name:"minecraft:cobblestone_wall",Properties:{east:"false",north:"false",south:"false",up:"false",west:"false"}}
[J] [16:02:45] [Render thread/WARN]: Unable to read property: west with value: "false" for blockstate: {Name:"minecraft:cobblestone_wall",Properties:{east:"false",north:"false",south:"false",up:"false",west:"false"}}
[J] [16:02:45] [Render thread/WARN]: Unable to read property: east with value: "false" for blockstate: {Name:"minecraft:mossy_cobblestone_wall",Properties:{east:"false",north:"false",south:"false",up:"false",west:"false"}}
[J] [16:02:45] [Render thread/WARN]: Unable to read property: south with value: "false" for blockstate: {Name:"minecraft:mossy_cobblestone_wall",Properties:{east:"false",north:"false",south:"false",up:"false",west:"false"}}
[J] [16:02:45] [Render thread/WARN]: Unable to read property: north with value: "false" for blockstate: {Name:"minecraft:mossy_cobblestone_wall",Properties:{east:"false",north:"false",south:"false",up:"false",west:"false"}}
[J] [16:02:45] [Render thread/WARN]: Unable to read property: west with value: "false" for blockstate: {Name:"minecraft:mossy_cobblestone_wall",Properties:{east:"false",north:"false",south:"false",up:"false",west:"false"}}
[J] [16:02:46] [Render thread/INFO]: Minimap updated server level id: -205427809 for world ResourceKey[minecraft:dimension / minecraft:overworld]
[J] [16:02:46] [Render thread/INFO]: Loaded 131 advancements
[J] [16:02:46] [Render thread/INFO]: Resizing Dynamic Transforms UBO, capacity limit of 4 reached during a single frame. New capacity will be 8.
[J] [16:02:46] [Render thread/INFO]: Resizing Dynamic Transforms UBO, capacity limit of 8 reached during a single frame. New capacity will be 16.
[J] [16:02:46] [Render thread/INFO]: Reloading radar icon resources...
[J] [16:02:46] [Render thread/INFO]: Reloaded radar icon resources!
[J] [16:02:47] [Render thread/INFO]: Resizing Dynamic Transforms UBO, capacity limit of 16 reached during a single frame. New capacity will be 32.
[J] [16:02:47] [Render thread/INFO]: Resized a dynamic immediate buffer to 160!
[J] [16:02:47] [Render thread/INFO]: Resized a dynamic immediate buffer to 320!
[J] [16:02:47] [Render thread/INFO]: Resized a dynamic immediate buffer to 640!
[J] [16:02:47] [Render thread/INFO]: Resized a dynamic immediate buffer to 1280!
[J] [16:03:00] [Render thread/INFO]: Resized a dynamic immediate buffer to 160!
[J] [16:03:00] [Render thread/INFO]: Resized a dynamic immediate buffer to 320!
[J] [16:03:00] [Render thread/INFO]: Resized a dynamic immediate buffer to 640!
[J] [16:03:00] [Render thread/INFO]: Resized a dynamic immediate buffer to 1280!
[J] [16:03:00] [Render thread/INFO]: Resized a dynamic immediate buffer to 2560!
[J] [16:03:00] [Render thread/INFO]: Resized a dynamic immediate buffer to 2560!
[J] [16:03:00] [Render thread/INFO]: Resized a dynamic immediate buffer to 5120!
[J] [16:03:05] [Render thread/INFO]: [FANCYMENU] ScreenCustomizationLayer registered: game_mode_switcher_screen
[J] [16:03:06] [Render thread/INFO]: [System] [CHAT] 자신의 게임 모드를 관전 모드로 설정했습니다
[J] [16:03:58] [Render thread/INFO]: [FANCYMENU] ScreenCustomizationLayer registered: chat_screen
[J] [16:04:22] [Render thread/INFO]: Resized a dynamic immediate buffer to 10240!
[J] [16:04:33] [Render thread/INFO]: [System] [CHAT] Mozzi_Uma을(를) 3000.500000, 6.867809, 3000.500000(으)로 순간이동시켰습니다
[J] [16:04:46] [Render thread/INFO]: [System] [CHAT] 개체 2개를 Mozzi_Uma에게로 순간이동시켰습니다
[J] [16:05:12] [Render thread/INFO]: [System] [CHAT] Mozzi_Uma을(를) 3000.500000, 18.865377, -2999.500000(으)로 순간이동시켰습니다
[J] [16:05:22] [Render thread/INFO]: [System] [CHAT] Mozzi_Uma을(를) -2999.500000, 18.865377, 3000.500000(으)로 순간이동시켰습니다
[J] [16:05:28] [Render thread/INFO]: [System] [CHAT] Mozzi_Uma을(를) 0.500000, 18.865377, 3000.500000(으)로 순간이동시켰습니다
[J] [16:05:36] [Render thread/INFO]: [System] [CHAT] Mozzi_Uma을(를) 5000.500000, 18.865377, 5000.500000(으)로 순간이동시켰습니다
[J] [16:05:50] [Render thread/INFO]: [System] [CHAT] Mozzi_Uma을(를) -2999.500000, 24.860708, 3000.500000(으)로 순간이동시켰습니다
[J] [16:05:57] [Render thread/INFO]: Resized a dynamic immediate buffer to 160!
[J] [16:05:57] [Render thread/INFO]: Resized a dynamic immediate buffer to 160!
[J] [16:05:57] [Render thread/INFO]: Resized a dynamic immediate buffer to 320!
[J] [16:05:57] [Render thread/INFO]: Resized a dynamic immediate buffer to 640!
[J] [16:05:57] [Render thread/INFO]: Resized a dynamic immediate buffer to 1280!
[J] [16:05:57] [Render thread/INFO]: Resized a dynamic immediate buffer to 2560!
[J] [16:05:57] [Render thread/INFO]: Resized a dynamic immediate buffer to 320!
[J] [16:05:57] [Render thread/INFO]: Resized a dynamic immediate buffer to 640!
[J] [16:05:57] [Render thread/INFO]: Resized a dynamic immediate buffer to 1280!
[J] [16:05:57] [Render thread/INFO]: Resized a dynamic immediate buffer to 2560!
[J] [16:05:57] [Render thread/INFO]: Resized a dynamic immediate buffer to 5120!
[J] [16:05:57] [Render thread/INFO]: Resized a dynamic immediate buffer to 5120!
[J] [16:05:57] [Render thread/INFO]: Resized a dynamic immediate buffer to 5120!
[J] [16:05:59] [Render thread/INFO]: [FANCYMENU] ScreenCustomizationLayer registered: fi.dy.masa.litematica.gui.GuiMainMenu
[J] [16:06:00] [Render thread/INFO]: [FANCYMENU] ScreenCustomizationLayer registered: fi.dy.masa.litematica.gui.GuiSchematicPlacementsList
[J] [16:06:01] [Render thread/INFO]: [FANCYMENU] ScreenCustomizationLayer registered: fi.dy.masa.litematica.gui.GuiSchematicLoadedList
[J] [16:06:02] [Render thread/INFO]: [FANCYMENU] ScreenCustomizationLayer registered: fi.dy.masa.litematica.gui.GuiSchematicLoad
[J] [16:06:37] [Render thread/INFO]: [System] [CHAT] 개체 2개를 Mozzi_Uma에게로 순간이동시켰습니다
[J] [16:07:04] [Render thread/INFO]: [System] [CHAT] 자신의 게임 모드를 크리에이티브 모드로 설정했습니다
[J] [16:07:20] [Render thread/INFO]: [System] [CHAT] 알 수 없거나 불완전한 명령어입니다. 아래의 오류를 확인하세요
[J] [16:07:20] [Render thread/INFO]: [System] [CHAT] 가방<--[여기]
[J] [16:07:21] [Render thread/INFO]: [FANCYMENU] ScreenCustomizationLayer registered: inventory_screen
[J] [16:07:21] [Render thread/INFO]: [FANCYMENU] ScreenCustomizationLayer registered: creative_mode_inventory_screen
[J] [16:09:12] [Render thread/INFO]: OpenGL debug message: id=1280, source=API, type=ERROR, severity=HIGH, message='GL_INVALID_ENUM error generated.'
[J] [16:10:12] [Render thread/INFO]: [System] [CHAT] 성공적으로 블록 1개를 채웠습니다
[J] [16:11:31] [Render thread/INFO]: [System] [CHAT] 자신의 게임 모드를 관전 모드로 설정했습니다
[J] [16:11:53] [Render thread/INFO]: [System] [CHAT] 자신의 게임 모드를 크리에이티브 모드로 설정했습니다 [2]
[J] [16:15:24] [Render thread/INFO]: [System] [CHAT] 성공적으로 블록 1개를 채웠습니다 [2]
[J] [16:15:31] [Render thread/INFO]: [System] [CHAT] 성공적으로 블록 1개를 채웠습니다 [3]
[J] [16:15:46] [Render thread/INFO]: [FANCYMENU] ScreenCustomizationLayer registered: fi.dy.masa.litematica.gui.GuiAreaSelectionEditorSimple
[J] [16:15:57] [Render thread/INFO]: [FANCYMENU] ScreenCustomizationLayer registered: fi.dy.masa.litematica.gui.GuiSchematicSave
[J] [16:16:16] [Render thread/INFO]: Resizing Dynamic Transforms UBO, capacity limit of 32 reached during a single frame. New capacity will be 64.
[J] [16:16:16] [Render thread/INFO]: Resizing Dynamic Transforms UBO, capacity limit of 64 reached during a single frame. New capacity will be 128.
[J] [16:16:36] [Render thread/INFO]: [FANCYMENU] ScreenCustomizationLayer registered: options_screen
[J] [16:16:37] [Render thread/INFO]: [FANCYMENU] ScreenCustomizationLayer registered: sound_options_screen
[J] [16:16:38] [Render thread/INFO]: [FANCYMENU] ScreenCustomizationLayer registered: controls_screen
[J] [16:16:39] [Render thread/INFO]: [FANCYMENU] ScreenCustomizationLayer registered: net.minecraft.class_6599
[J] [16:17:03] [Render thread/INFO]: [System] [CHAT] 성공적으로 블록 256개를 채웠습니다
[J] [16:17:03] [Render thread/INFO]: [System] [CHAT] -2944, -53, 3008에 있는 블록을 바꿨습니다
[J] [16:17:03] [Render thread/INFO]: [System] [CHAT] 성공적으로 블록 2개를 채웠습니다
[J] [16:17:03] [Render thread/INFO]: [System] [CHAT] 성공적으로 블록 2개를 채웠습니다 [2]
[J] [16:17:03] [Render thread/INFO]: [System] [CHAT] -2944, -52, 3009에 있는 블록을 바꿨습니다
[J] [16:17:03] [Render thread/INFO]: [System] [CHAT] -2944, -53, 3010에 있는 블록을 바꿨습니다
[J] [16:17:03] [Render thread/INFO]: [System] [CHAT] -2944, -52, 3010에 있는 블록을 바꿨습니다
[J] [16:17:03] [Render thread/INFO]: [System] [CHAT] -2944, -53, 3011에 있는 블록을 바꿨습니다
[J] [16:17:03] [Render thread/INFO]: [System] [CHAT] -2944, -52, 3011에 있는 블록을 바꿨습니다
[J] [16:17:03] [Render thread/INFO]: [System] [CHAT] -2944, -53, 3012에 있는 블록을 바꿨습니다
[J] [16:17:03] [Render thread/INFO]: [System] [CHAT] -2944, -52, 3012에 있는 블록을 바꿨습니다
[J] [16:17:03] [Render thread/INFO]: [System] [CHAT] -2944, -53, 3013에 있는 블록을 바꿨습니다
[J] [16:17:03] [Render thread/INFO]: [System] [CHAT] -2944, -53, 3014에 있는 블록을 바꿨습니다
[J] [16:17:03] [Render thread/INFO]: [System] [CHAT] 성공적으로 블록 5개를 채웠습니다
[J] [16:17:03] [Render thread/INFO]: [System] [CHAT] 성공적으로 블록 5개를 채웠습니다 [2]
[J] [16:17:03] [Render thread/INFO]: [System] [CHAT] -2944, -53, 3017에 있는 블록을 바꿨습니다
[J] [16:17:03] [Render thread/INFO]: [System] [CHAT] -2944, -53, 3018에 있는 블록을 바꿨습니다
[J] [16:17:03] [Render thread/INFO]: [System] [CHAT] -2944, -53, 3019에 있는 블록을 바꿨습니다
[J] [16:17:03] [Render thread/INFO]: [System] [CHAT] -2944, -53, 3020에 있는 블록을 바꿨습니다
[J] [16:17:03] [Render thread/INFO]: [System] [CHAT] -2944, -53, 3021에 있는 블록을 바꿨습니다
[J] [16:17:03] [Render thread/INFO]: [System] [CHAT] 성공적으로 블록 5개를 채웠습니다
[J] [16:17:03] [Render thread/INFO]: [System] [CHAT] 성공적으로 블록 4개를 채웠습니다
[J] [16:17:03] [Render thread/INFO]: [System] [CHAT] -2943, -53, 3008에 있는 블록을 바꿨습니다
[J] [16:17:03] [Render thread/INFO]: [System] [CHAT] -2943, -52, 3009에 있는 블록을 바꿨습니다
[J] [16:17:03] [Render thread/INFO]: [System] [CHAT] -2943, -53, 3010에 있는 블록을 바꿨습니다
[J] [16:17:03] [Render thread/INFO]: [System] [CHAT] -2943, -52, 3010에 있는 블록을 바꿨습니다
[J] [16:17:03] [Render thread/INFO]: [System] [CHAT] -2943, -53, 3011에 있는 블록을 바꿨습니다
[J] [16:17:03] [Render thread/INFO]: [System] [CHAT] -2943, -52, 3011에 있는 블록을 바꿨습니다
[J] [16:17:03] [Render thread/INFO]: [System] [CHAT] -2943, -53, 3012에 있는 블록을 바꿨습니다
[J] [16:17:03] [Render thread/INFO]: [System] [CHAT] -2943, -53, 3013에 있는 블록을 바꿨습니다
[J] [16:17:03] [Render thread/INFO]: [System] [CHAT] -2943, -53, 3014에 있는 블록을 바꿨습니다
[J] [16:17:03] [Render thread/INFO]: [System] [CHAT] -2943, -53, 3017에 있는 블록을 바꿨습니다
[J] [16:17:03] [Render thread/INFO]: [System] [CHAT] -2943, -53, 3018에 있는 블록을 바꿨습니다
[J] [16:17:03] [Render thread/INFO]: [System] [CHAT] -2943, -53, 3019에 있는 블록을 바꿨습니다
[J] [16:17:03] [Render thread/INFO]: [System] [CHAT] -2943, -53, 3020에 있는 블록을 바꿨습니다
[J] [16:17:03] [Render thread/INFO]: [System] [CHAT] -2943, -53, 3021에 있는 블록을 바꿨습니다
[J] [16:17:03] [Render thread/INFO]: [System] [CHAT] -2942, -53, 3008에 있는 블록을 바꿨습니다
[J] [16:17:03] [Render thread/INFO]: [System] [CHAT] -2942, -52, 3008에 있는 블록을 바꿨습니다
[J] [16:17:03] [Render thread/INFO]: [System] [CHAT] -2942, -53, 3009에 있는 블록을 바꿨습니다
[J] [16:17:03] [Render thread/INFO]: [System] [CHAT] -2942, -52, 3009에 있는 블록을 바꿨습니다
[J] [16:17:03] [Render thread/INFO]: [System] [CHAT] -2942, -53, 3010에 있는 블록을 바꿨습니다
[J] [16:17:03] [Render thread/INFO]: [System] [CHAT] -2942, -52, 3010에 있는 블록을 바꿨습니다
[J] [16:17:03] [Render thread/INFO]: [System] [CHAT] -2942, -53, 3011에 있는 블록을 바꿨습니다
[J] [16:17:03] [Render thread/INFO]: [System] [CHAT] -2942, -53, 3012에 있는 블록을 바꿨습니다
[J] [16:17:03] [Render thread/INFO]: [System] [CHAT] -2942, -53, 3013에 있는 블록을 바꿨습니다
[J] [16:17:03] [Render thread/INFO]: [System] [CHAT] -2942, -53, 3014에 있는 블록을 바꿨습니다
[J] [16:17:03] [Render thread/INFO]: [System] [CHAT] -2942, -53, 3017에 있는 블록을 바꿨습니다
[J] [16:17:03] [Render thread/INFO]: [System] [CHAT] -2942, -53, 3018에 있는 블록을 바꿨습니다
[J] [16:17:03] [Render thread/INFO]: [System] [CHAT] -2942, -53, 3019에 있는 블록을 바꿨습니다
[J] [16:17:03] [Render thread/INFO]: [System] [CHAT] -2942, -53, 3020에 있는 블록을 바꿨습니다
[J] [16:17:03] [Render thread/INFO]: [System] [CHAT] -2942, -53, 3021에 있는 블록을 바꿨습니다
[J] [16:17:03] [Render thread/INFO]: [System] [CHAT] 성공적으로 블록 2개를 채웠습니다
[J] [16:17:03] [Render thread/INFO]: [System] [CHAT] -2941, -53, 3009에 있는 블록을 바꿨습니다
[J] [16:17:03] [Render thread/INFO]: [System] [CHAT] -2941, -52, 3009에 있는 블록을 바꿨습니다
[J] [16:17:03] [Render thread/INFO]: [System] [CHAT] -2941, -53, 3010에 있는 블록을 바꿨습니다
[J] [16:17:03] [Render thread/INFO]: [System] [CHAT] -2941, -53, 3011에 있는 블록을 바꿨습니다
[J] [16:17:03] [Render thread/INFO]: [System] [CHAT] -2941, -53, 3012에 있는 블록을 바꿨습니다
[J] [16:17:03] [Render thread/INFO]: [System] [CHAT] -2941, -53, 3013에 있는 블록을 바꿨습니다
[J] [16:17:03] [Render thread/INFO]: [System] [CHAT] -2941, -53, 3014에 있는 블록을 바꿨습니다
[J] [16:17:03] [Render thread/INFO]: [System] [CHAT] -2941, -53, 3017에 있는 블록을 바꿨습니다
[J] [16:17:03] [Render thread/INFO]: [System] [CHAT] -2941, -53, 3018에 있는 블록을 바꿨습니다
[J] [16:17:03] [Render thread/INFO]: [System] [CHAT] -2941, -53, 3019에 있는 블록을 바꿨습니다
[J] [16:17:03] [Render thread/INFO]: [System] [CHAT] -2941, -53, 3020에 있는 블록을 바꿨습니다
[J] [16:17:03] [Render thread/INFO]: [System] [CHAT] -2941, -53, 3021에 있는 블록을 바꿨습니다
[J] [16:17:03] [Render thread/INFO]: [System] [CHAT] 성공적으로 블록 3개를 채웠습니다
[J] [16:17:03] [Render thread/INFO]: [System] [CHAT] 성공적으로 블록 2개를 채웠습니다
[J] [16:17:03] [Render thread/INFO]: [System] [CHAT] -2940, -53, 3009에 있는 블록을 바꿨습니다
[J] [16:17:03] [Render thread/INFO]: [System] [CHAT] -2940, -53, 3010에 있는 블록을 바꿨습니다
[J] [16:17:03] [Render thread/INFO]: [System] [CHAT] -2940, -53, 3011에 있는 블록을 바꿨습니다
[J] [16:17:03] [Render thread/INFO]: [System] [CHAT] -2940, -53, 3012에 있는 블록을 바꿨습니다
[J] [16:17:03] [Render thread/INFO]: [System] [CHAT] -2940, -53, 3013에 있는 블록을 바꿨습니다
[J] [16:17:03] [Render thread/INFO]: [System] [CHAT] -2940, -53, 3014에 있는 블록을 바꿨습니다
[J] [16:17:03] [Render thread/INFO]: [System] [CHAT] -2940, -53, 3017에 있는 블록을 바꿨습니다
[J] [16:17:03] [Render thread/INFO]: [System] [CHAT] -2940, -53, 3018에 있는 블록을 바꿨습니다
[J] [16:17:03] [Render thread/INFO]: [System] [CHAT] -2940, -53, 3019에 있는 블록을 바꿨습니다
[J] [16:17:03] [Render thread/INFO]: [System] [CHAT] -2940, -53, 3020에 있는 블록을 바꿨습니다
[J] [16:17:03] [Render thread/INFO]: [System] [CHAT] -2940, -53, 3021에 있는 블록을 바꿨습니다
[J] [16:17:03] [Render thread/INFO]: [System] [CHAT] -2940, -53, 3023에 있는 블록을 바꿨습니다
[J] [16:17:03] [Render thread/INFO]: [System] [CHAT] -2940, -52, 3023에 있는 블록을 바꿨습니다
[J] [16:17:03] [Render thread/INFO]: [System] [CHAT] 성공적으로 블록 2개를 채웠습니다
[J] [16:17:04] [Render thread/INFO]: [System] [CHAT] 성공적으로 블록 5개를 채웠습니다
[J] [16:17:04] [Render thread/INFO]: [System] [CHAT] 성공적으로 블록 4개를 채웠습니다
[J] [16:17:04] [Render thread/INFO]: [System] [CHAT] 성공적으로 블록 5개를 채웠습니다 [2]
[J] [16:17:04] [Render thread/INFO]: [System] [CHAT] -2939, -53, 3022에 있는 블록을 바꿨습니다
[J] [16:17:04] [Render thread/INFO]: [System] [CHAT] -2939, -52, 3022에 있는 블록을 바꿨습니다
[J] [16:17:04] [Render thread/INFO]: [System] [CHAT] -2939, -53, 3023에 있는 블록을 바꿨습니다
[J] [16:17:04] [Render thread/INFO]: [System] [CHAT] -2939, -52, 3023에 있는 블록을 바꿨습니다
[J] [16:17:04] [Render thread/INFO]: [System] [CHAT] -2939, -51, 3023에 있는 블록을 바꿨습니다
[J] [16:17:04] [Render thread/INFO]: [System] [CHAT] 성공적으로 블록 5개를 채웠습니다
[J] [16:17:04] [Render thread/INFO]: [System] [CHAT] 성공적으로 블록 3개를 채웠습니다
[J] [16:17:04] [Render thread/INFO]: [System] [CHAT] 성공적으로 블록 2개를 채웠습니다
[J] [16:17:04] [Render thread/INFO]: [System] [CHAT] 성공적으로 블록 2개를 채웠습니다 [2]
[J] [16:17:04] [Render thread/INFO]: [System] [CHAT] -2938, -53, 3022에 있는 블록을 바꿨습니다
[J] [16:17:04] [Render thread/INFO]: [System] [CHAT] -2938, -52, 3022에 있는 블록을 바꿨습니다
[J] [16:17:04] [Render thread/INFO]: [System] [CHAT] -2938, -51, 3022에 있는 블록을 바꿨습니다
[J] [16:17:04] [Render thread/INFO]: [System] [CHAT] 성공적으로 블록 2개를 채웠습니다 [3]
[J] [16:17:04] [Render thread/INFO]: [System] [CHAT] -2938, -52, 3023에 있는 블록을 바꿨습니다
[J] [16:17:04] [Render thread/INFO]: [System] [CHAT] 성공적으로 블록 5개를 채웠습니다
[J] [16:17:04] [Render thread/INFO]: [System] [CHAT] 성공적으로 블록 5개를 채웠습니다 [2]
[J] [16:17:04] [Render thread/INFO]: [System] [CHAT] -2937, -53, 3010에 있는 블록을 바꿨습니다
[J] [16:17:04] [Render thread/INFO]: [System] [CHAT] -2937, -53, 3011에 있는 블록을 바꿨습니다
[J] [16:17:04] [Render thread/INFO]: [System] [CHAT] -2937, -53, 3012에 있는 블록을 바꿨습니다
[J] [16:17:04] [Render thread/INFO]: [System] [CHAT] -2937, -53, 3013에 있는 블록을 바꿨습니다
[J] [16:17:04] [Render thread/INFO]: [System] [CHAT] -2937, -53, 3014에 있는 블록을 바꿨습니다
[J] [16:17:04] [Render thread/INFO]: [System] [CHAT] 성공적으로 블록 5개를 채웠습니다
[J] [16:17:04] [Render thread/INFO]: [System] [CHAT] 성공적으로 블록 3개를 채웠습니다
[J] [16:17:04] [Render thread/INFO]: [System] [CHAT] -2937, -53, 3017에 있는 블록을 바꿨습니다
[J] [16:17:04] [Render thread/INFO]: [System] [CHAT] -2937, -53, 3018에 있는 블록을 바꿨습니다
[J] [16:17:04] [Render thread/INFO]: [System] [CHAT] -2937, -53, 3019에 있는 블록을 바꿨습니다
[J] [16:17:04] [Render thread/INFO]: [System] [CHAT] -2937, -52, 3019에 있는 블록을 바꿨습니다
[J] [16:17:04] [Render thread/INFO]: [System] [CHAT] -2937, -53, 3020에 있는 블록을 바꿨습니다
[J] [16:17:04] [Render thread/INFO]: [System] [CHAT] 성공적으로 블록 2개를 채웠습니다
[J] [16:17:04] [Render thread/INFO]: [System] [CHAT] 성공적으로 블록 2개를 채웠습니다 [2]
[J] [16:17:04] [Render thread/INFO]: [System] [CHAT] -2937, -53, 3021에 있는 블록을 바꿨습니다
[J] [16:17:04] [Render thread/INFO]: [System] [CHAT] -2937, -53, 3022에 있는 블록을 바꿨습니다
[J] [16:17:04] [Render thread/INFO]: [System] [CHAT] -2937, -52, 3022에 있는 블록을 바꿨습니다
[J] [16:17:04] [Render thread/INFO]: [System] [CHAT] -2937, -52, 3023에 있는 블록을 바꿨습니다
[J] [16:17:04] [Render thread/INFO]: [System] [CHAT] -2936, -53, 3010에 있는 블록을 바꿨습니다
[J] [16:17:04] [Render thread/INFO]: [System] [CHAT] -2936, -53, 3011에 있는 블록을 바꿨습니다
[J] [16:17:04] [Render thread/INFO]: [System] [CHAT] -2936, -53, 3012에 있는 블록을 바꿨습니다
[J] [16:17:04] [Render thread/INFO]: [System] [CHAT] -2936, -53, 3013에 있는 블록을 바꿨습니다
[J] [16:17:04] [Render thread/INFO]: [System] [CHAT] -2936, -53, 3014에 있는 블록을 바꿨습니다
[J] [16:17:04] [Render thread/INFO]: [System] [CHAT] -2936, -53, 3017에 있는 블록을 바꿨습니다
[J] [16:17:04] [Render thread/INFO]: [System] [CHAT] -2936, -53, 3018에 있는 블록을 바꿨습니다
[J] [16:17:04] [Render thread/INFO]: [System] [CHAT] -2936, -52, 3018에 있는 블록을 바꿨습니다
[J] [16:17:04] [Render thread/INFO]: [System] [CHAT] -2936, -53, 3019에 있는 블록을 바꿨습니다
[J] [16:17:04] [Render thread/INFO]: [System] [CHAT] -2936, -52, 3019에 있는 블록을 바꿨습니다
[J] [16:17:04] [Render thread/INFO]: [System] [CHAT] -2936, -51, 3019에 있는 블록을 바꿨습니다
[J] [16:17:04] [Render thread/INFO]: [System] [CHAT] -2936, -53, 3020에 있는 블록을 바꿨습니다
[J] [16:17:04] [Render thread/INFO]: [System] [CHAT] -2936, -52, 3020에 있는 블록을 바꿨습니다
[J] [16:17:04] [Render thread/INFO]: [System] [CHAT] 성공적으로 블록 2개를 채웠습니다
[J] [16:17:04] [Render thread/INFO]: [System] [CHAT] -2936, -52, 3021에 있는 블록을 바꿨습니다
[J] [16:17:04] [Render thread/INFO]: [System] [CHAT] -2936, -53, 3022에 있는 블록을 바꿨습니다
[J] [16:17:04] [Render thread/INFO]: [System] [CHAT] -2936, -52, 3022에 있는 블록을 바꿨습니다
[J] [16:17:04] [Render thread/INFO]: [System] [CHAT] 성공적으로 블록 2개를 채웠습니다 [2]
[J] [16:17:04] [Render thread/INFO]: [System] [CHAT] -2936, -52, 3023에 있는 블록을 바꿨습니다
[J] [16:17:04] [Render thread/INFO]: [System] [CHAT] -2935, -53, 3010에 있는 블록을 바꿨습니다
[J] [16:17:04] [Render thread/INFO]: [System] [CHAT] -2935, -53, 3011에 있는 블록을 바꿨습니다
[J] [16:17:04] [Render thread/INFO]: [System] [CHAT] -2935, -53, 3012에 있는 블록을 바꿨습니다
[J] [16:17:04] [Render thread/INFO]: [System] [CHAT] -2935, -53, 3013에 있는 블록을 바꿨습니다
[J] [16:17:04] [Render thread/INFO]: [System] [CHAT] -2935, -53, 3014에 있는 블록을 바꿨습니다
[J] [16:17:04] [Render thread/INFO]: [System] [CHAT] -2935, -53, 3017에 있는 블록을 바꿨습니다
[J] [16:17:04] [Render thread/INFO]: [System] [CHAT] -2935, -52, 3017에 있는 블록을 바꿨습니다
[J] [16:17:04] [Render thread/INFO]: [System] [CHAT] -2935, -53, 3018에 있는 블록을 바꿨습니다
[J] [16:17:04] [Render thread/INFO]: [System] [CHAT] -2935, -52, 3018에 있는 블록을 바꿨습니다
[J] [16:17:04] [Render thread/INFO]: [System] [CHAT] -2935, -51, 3018에 있는 블록을 바꿨습니다
[J] [16:17:04] [Render thread/INFO]: [System] [CHAT] 성공적으로 블록 2개를 채웠습니다
[J] [16:17:04] [Render thread/INFO]: [System] [CHAT] -2935, -52, 3019에 있는 블록을 바꿨습니다
[J] [16:17:04] [Render thread/INFO]: [System] [CHAT] -2935, -52, 3020에 있는 블록을 바꿨습니다
[J] [16:17:04] [Render thread/INFO]: [System] [CHAT] 성공적으로 블록 6개를 채웠습니다
[J] [16:17:04] [Render thread/INFO]: [System] [CHAT] 성공적으로 블록 6개를 채웠습니다 [2]
[J] [16:17:04] [Render thread/INFO]: [System] [CHAT] 성공적으로 블록 2개를 채웠습니다 [2]
[J] [16:17:04] [Render thread/INFO]: [System] [CHAT] 성공적으로 블록 6개를 채웠습니다 [3]
[J] [16:17:04] [Render thread/INFO]: [System] [CHAT] 성공적으로 블록 6개를 채웠습니다 [4]
[J] [16:17:04] [Render thread/INFO]: [System] [CHAT] 성공적으로 블록 3개를 채웠습니다
[J] [16:17:04] [Render thread/INFO]: [System] [CHAT] -2934, -53, 3010에 있는 블록을 바꿨습니다
[J] [16:17:04] [Render thread/INFO]: [System] [CHAT] -2934, -53, 3011에 있는 블록을 바꿨습니다
[J] [16:17:04] [Render thread/INFO]: [System] [CHAT] -2934, -53, 3012에 있는 블록을 바꿨습니다
[J] [16:17:04] [Render thread/INFO]: [System] [CHAT] -2934, -53, 3013에 있는 블록을 바꿨습니다
[J] [16:17:04] [Render thread/INFO]: [System] [CHAT] -2934, -53, 3014에 있는 블록을 바꿨습니다
[J] [16:17:04] [Render thread/INFO]: [System] [CHAT] 성공적으로 블록 2개를 채웠습니다
[J] [16:17:04] [Render thread/INFO]: [System] [CHAT] 성공적으로 블록 2개를 채웠습니다 [2]
[J] [16:17:04] [Render thread/INFO]: [System] [CHAT] -2934, -53, 3017에 있는 블록을 바꿨습니다
[J] [16:17:04] [Render thread/INFO]: [System] [CHAT] 성공적으로 블록 2개를 채웠습니다 [3]
[J] [16:17:04] [Render thread/INFO]: [System] [CHAT] 성공적으로 블록 2개를 채웠습니다 [4]
[J] [16:17:04] [Render thread/INFO]: [System] [CHAT] -2934, -53, 3018에 있는 블록을 바꿨습니다
[J] [16:17:04] [Render thread/INFO]: [System] [CHAT] -2934, -52, 3018에 있는 블록을 바꿨습니다
[J] [16:17:04] [Render thread/INFO]: [System] [CHAT] -2934, -53, 3019에 있는 블록을 바꿨습니다
[J] [16:17:04] [Render thread/INFO]: [System] [CHAT] -2934, -52, 3019에 있는 블록을 바꿨습니다
[J] [16:17:04] [Render thread/INFO]: [System] [CHAT] 성공적으로 블록 2개를 채웠습니다 [5]
[J] [16:17:04] [Render thread/INFO]: [System] [CHAT] 성공적으로 블록 4개를 채웠습니다
[J] [16:17:04] [Render thread/INFO]: [System] [CHAT] 성공적으로 블록 4개를 채웠습니다 [2]
[J] [16:17:04] [Render thread/INFO]: [System] [CHAT] -2934, -53, 3023에 있는 블록을 바꿨습니다
[J] [16:17:04] [Render thread/INFO]: [System] [CHAT] -2933, -52, 3008에 있는 블록을 바꿨습니다
[J] [16:17:04] [Render thread/INFO]: [System] [CHAT] -2933, -51, 3008에 있는 블록을 바꿨습니다
[J] [16:17:04] [Render thread/INFO]: [System] [CHAT] 성공적으로 블록 2개를 채웠습니다 [6]
[J] [16:17:04] [Render thread/INFO]: [System] [CHAT] -2933, -51, 3009에 있는 블록을 바꿨습니다
[J] [16:17:04] [Render thread/INFO]: [System] [CHAT] -2933, -53, 3010에 있는 블록을 바꿨습니다
[J] [16:17:04] [Render thread/INFO]: [System] [CHAT] -2933, -52, 3010에 있는 블록을 바꿨습니다
[J] [16:17:04] [Render thread/INFO]: [System] [CHAT] -2933, -51, 3010에 있는 블록을 바꿨습니다
[J] [16:17:04] [Render thread/INFO]: [System] [CHAT] -2933, -53, 3011에 있는 블록을 바꿨습니다
[J] [16:17:04] [Render thread/INFO]: [System] [CHAT] -2933, -53, 3012에 있는 블록을 바꿨습니다
[J] [16:17:04] [Render thread/INFO]: [System] [CHAT] -2933, -53, 3013에 있는 블록을 바꿨습니다
[J] [16:17:04] [Render thread/INFO]: [System] [CHAT] -2933, -53, 3014에 있는 블록을 바꿨습니다
[J] [16:17:04] [Render thread/INFO]: [System] [CHAT] -2933, -53, 3017에 있는 블록을 바꿨습니다
[J] [16:17:04] [Render thread/INFO]: [System] [CHAT] -2933, -53, 3018에 있는 블록을 바꿨습니다
[J] [16:17:04] [Render thread/INFO]: [System] [CHAT] -2933, -52, 3018에 있는 블록을 바꿨습니다
[J] [16:17:04] [Render thread/INFO]: [System] [CHAT] 성공적으로 블록 2개를 채웠습니다
[J] [16:17:04] [Render thread/INFO]: [System] [CHAT] 성공적으로 블록 3개를 채웠습니다
[J] [16:17:04] [Render thread/INFO]: [System] [CHAT] 성공적으로 블록 3개를 채웠습니다 [2]
[J] [16:17:04] [Render thread/INFO]: [System] [CHAT] -2933, -53, 3020에 있는 블록을 바꿨습니다
[J] [16:17:04] [Render thread/INFO]: [System] [CHAT] -2933, -53, 3021에 있는 블록을 바꿨습니다
[J] [16:17:04] [Render thread/INFO]: [System] [CHAT] 성공적으로 블록 2개를 채웠습니다 [2]
[J] [16:17:04] [Render thread/INFO]: [System] [CHAT] -2933, -53, 3023에 있는 블록을 바꿨습니다
[J] [16:17:04] [Render thread/INFO]: [System] [CHAT] 성공적으로 블록 4개를 채웠습니다
[J] [16:17:04] [Render thread/INFO]: [System] [CHAT] -2932, -52, 3008에 있는 블록을 바꿨습니다
[J] [16:17:04] [Render thread/INFO]: [System] [CHAT] -2932, -51, 3008에 있는 블록을 바꿨습니다
[J] [16:17:04] [Render thread/INFO]: [System] [CHAT] 성공적으로 블록 5개를 채웠습니다
[J] [16:17:04] [Render thread/INFO]: [System] [CHAT] -2932, -52, 3010에 있는 블록을 바꿨습니다
[J] [16:17:04] [Render thread/INFO]: [System] [CHAT] -2932, -51, 3010에 있는 블록을 바꿨습니다
[J] [16:17:04] [Render thread/INFO]: [System] [CHAT] -2932, -52, 3011에 있는 블록을 바꿨습니다
[J] [16:17:04] [Render thread/INFO]: [System] [CHAT] -2932, -53, 3015에 있는 블록을 바꿨습니다
[J] [16:17:04] [Render thread/INFO]: [System] [CHAT] -2932, -52, 3015에 있는 블록을 바꿨습니다
[J] [16:17:04] [Render thread/INFO]: [System] [CHAT] -2932, -53, 3016에 있는 블록을 바꿨습니다
[J] [16:17:04] [Render thread/INFO]: [System] [CHAT] -2932, -52, 3016에 있는 블록을 바꿨습니다
[J] [16:17:04] [Render thread/INFO]: [System] [CHAT] -2932, -51, 3016에 있는 블록을 바꿨습니다
[J] [16:17:04] [Render thread/INFO]: [System] [CHAT] -2932, -53, 3017에 있는 블록을 바꿨습니다
[J] [16:17:04] [Render thread/INFO]: [System] [CHAT] -2932, -52, 3017에 있는 블록을 바꿨습니다
[J] [16:17:04] [Render thread/INFO]: [System] [CHAT] 성공적으로 블록 2개를 채웠습니다
[J] [16:17:04] [Render thread/INFO]: [System] [CHAT] -2932, -52, 3018에 있는 블록을 바꿨습니다
[J] [16:17:04] [Render thread/INFO]: [System] [CHAT] 성공적으로 블록 2개를 채웠습니다 [2]
[J] [16:17:04] [Render thread/INFO]: [System] [CHAT] -2932, -53, 3021에 있는 블록을 바꿨습니다
[J] [16:17:04] [Render thread/INFO]: [System] [CHAT] 성공적으로 블록 3개를 채웠습니다
[J] [16:17:04] [Render thread/INFO]: [System] [CHAT] -2932, -53, 3023에 있는 블록을 바꿨습니다
[J] [16:17:04] [Render thread/INFO]: [System] [CHAT] 성공적으로 블록 4개를 채웠습니다
[J] [16:17:04] [Render thread/INFO]: [System] [CHAT] 성공적으로 블록 4개를 채웠습니다 [2]
[J] [16:17:04] [Render thread/INFO]: [System] [CHAT] 성공적으로 블록 3개를 채웠습니다 [2]
[J] [16:17:04] [Render thread/INFO]: [System] [CHAT] 성공적으로 블록 3개를 채웠습니다 [3]
[J] [16:17:04] [Render thread/INFO]: [System] [CHAT] -2931, -53, 3015에 있는 블록을 바꿨습니다
[J] [16:17:04] [Render thread/INFO]: [System] [CHAT] 성공적으로 블록 3개를 채웠습니다 [4]
[J] [16:17:04] [Render thread/INFO]: [System] [CHAT] 성공적으로 블록 3개를 채웠습니다 [5]
[J] [16:17:04] [Render thread/INFO]: [System] [CHAT] -2931, -53, 3016에 있는 블록을 바꿨습니다
[J] [16:17:04] [Render thread/INFO]: [System] [CHAT] -2931, -52, 3016에 있는 블록을 바꿨습니다
[J] [16:17:04] [Render thread/INFO]: [System] [CHAT] -2931, -53, 3017에 있는 블록을 바꿨습니다
[J] [16:17:04] [Render thread/INFO]: [System] [CHAT] -2931, -52, 3017에 있는 블록을 바꿨습니다
[J] [16:17:04] [Render thread/INFO]: [System] [CHAT] 성공적으로 블록 2개를 채웠습니다
[J] [16:17:04] [Render thread/INFO]: [System] [CHAT] -2931, -53, 3019에 있는 블록을 바꿨습니다
[J] [16:17:04] [Render thread/INFO]: [System] [CHAT] 성공적으로 블록 2개를 채웠습니다 [2]
[J] [16:17:04] [Render thread/INFO]: [System] [CHAT] -2931, -53, 3022에 있는 블록을 바꿨습니다
[J] [16:17:04] [Render thread/INFO]: [System] [CHAT] -2931, -53, 3023에 있는 블록을 바꿨습니다
[J] [16:17:04] [Render thread/INFO]: [System] [CHAT] 성공적으로 블록 2개를 채웠습니다 [3]
[J] [16:17:04] [Render thread/INFO]: [System] [CHAT] 성공적으로 블록 2개를 채웠습니다 [4]
[J] [16:17:04] [Render thread/INFO]: [System] [CHAT] -2930, -53, 3010에 있는 블록을 바꿨습니다
[J] [16:17:04] [Render thread/INFO]: [System] [CHAT] -2930, -53, 3012에 있는 블록을 바꿨습니다
[J] [16:17:04] [Render thread/INFO]: [System] [CHAT] -2930, -53, 3013에 있는 블록을 바꿨습니다
[J] [16:17:04] [Render thread/INFO]: [System] [CHAT] 성공적으로 블록 2개를 채웠습니다 [5]
[J] [16:17:04] [Render thread/INFO]: [System] [CHAT] 성공적으로 블록 2개를 채웠습니다 [6]
[J] [16:17:04] [Render thread/INFO]: [System] [CHAT] 성공적으로 블록 2개를 채웠습니다 [7]
[J] [16:17:04] [Render thread/INFO]: [System] [CHAT] 성공적으로 블록 2개를 채웠습니다 [8]
[J] [16:17:04] [Render thread/INFO]: [System] [CHAT] -2930, -52, 3017에 있는 블록을 바꿨습니다
[J] [16:17:04] [Render thread/INFO]: [System] [CHAT] -2930, -51, 3017에 있는 블록을 바꿨습니다
[J] [16:17:04] [Render thread/INFO]: [System] [CHAT] 성공적으로 블록 2개를 채웠습니다 [9]
[J] [16:17:04] [Render thread/INFO]: [System] [CHAT] -2930, -53, 3019에 있는 블록을 바꿨습니다
[J] [16:17:04] [Render thread/INFO]: [System] [CHAT] 성공적으로 블록 2개를 채웠습니다 [10]
[J] [16:17:04] [Render thread/INFO]: [System] [CHAT] -2930, -53, 3020에 있는 블록을 바꿨습니다
[J] [16:17:04] [Render thread/INFO]: [System] [CHAT] -2930, -53, 3022에 있는 블록을 바꿨습니다
[J] [16:17:04] [Render thread/INFO]: [System] [CHAT] -2930, -53, 3023에 있는 블록을 바꿨습니다
[J] [16:17:04] [Render thread/INFO]: [System] [CHAT] -2929, -53, 3010에 있는 블록을 바꿨습니다
[J] [16:17:05] [Render thread/INFO]: [System] [CHAT] -2929, -53, 3011에 있는 블록을 바꿨습니다
[J] [16:17:05] [Render thread/INFO]: [System] [CHAT] -2929, -53, 3012에 있는 블록을 바꿨습니다
[J] [16:17:05] [Render thread/INFO]: [System] [CHAT] -2929, -53, 3013에 있는 블록을 바꿨습니다
[J] [16:17:05] [Render thread/INFO]: [System] [CHAT] -2929, -52, 3017에 있는 블록을 바꿨습니다
[J] [16:17:05] [Render thread/INFO]: [System] [CHAT] 성공적으로 블록 3개를 채웠습니다
[J] [16:17:05] [Render thread/INFO]: [System] [CHAT] -2929, -53, 3019에 있는 블록을 바꿨습니다
[J] [16:17:05] [Render thread/INFO]: [System] [CHAT] -2929, -53, 3020에 있는 블록을 바꿨습니다
[J] [16:17:05] [Render thread/INFO]: [System] [CHAT] -2929, -53, 3021에 있는 블록을 바꿨습니다
[J] [16:17:05] [Render thread/INFO]: [System] [CHAT] -2929, -52, 3021에 있는 블록을 바꿨습니다
[J] [16:17:05] [Render thread/INFO]: [System] [CHAT] -2929, -53, 3022에 있는 블록을 바꿨습니다
[J] [16:17:05] [Render thread/INFO]: [System] [CHAT] -2929, -52, 3022에 있는 블록을 바꿨습니다
[J] [16:17:05] [Render thread/INFO]: [System] [CHAT] -2929, -53, 3023에 있는 블록을 바꿨습니다
[J] [16:17:05] [Render thread/INFO]: [System] [CHAT] 성공적으로 블록 96개를 채웠습니다
[J] [16:17:05] [Render thread/INFO]: [System] [CHAT] -2944, -53, 3024에 있는 블록을 바꿨습니다
[J] [16:17:05] [Render thread/INFO]: [System] [CHAT] -2944, -53, 3025에 있는 블록을 바꿨습니다
[J] [16:17:05] [Render thread/INFO]: [System] [CHAT] -2944, -53, 3026에 있는 블록을 바꿨습니다
[J] [16:17:05] [Render thread/INFO]: [System] [CHAT] -2944, -53, 3027에 있는 블록을 바꿨습니다
[J] [16:17:05] [Render thread/INFO]: [System] [CHAT] -2944, -53, 3028에 있는 블록을 바꿨습니다
[J] [16:17:05] [Render thread/INFO]: [System] [CHAT] 성공적으로 블록 2개를 채웠습니다
[J] [16:17:05] [Render thread/INFO]: [System] [CHAT] -2943, -53, 3024에 있는 블록을 바꿨습니다
[J] [16:17:05] [Render thread/INFO]: [System] [CHAT] -2943, -53, 3025에 있는 블록을 바꿨습니다
[J] [16:17:05] [Render thread/INFO]: [System] [CHAT] -2943, -53, 3026에 있는 블록을 바꿨습니다
[J] [16:17:05] [Render thread/INFO]: [System] [CHAT] -2943, -53, 3027에 있는 블록을 바꿨습니다
[J] [16:17:05] [Render thread/INFO]: [System] [CHAT] -2943, -53, 3028에 있는 블록을 바꿨습니다
[J] [16:17:05] [Render thread/INFO]: [System] [CHAT] -2942, -53, 3024에 있는 블록을 바꿨습니다
[J] [16:17:05] [Render thread/INFO]: [System] [CHAT] -2942, -53, 3025에 있는 블록을 바꿨습니다
[J] [16:17:05] [Render thread/INFO]: [System] [CHAT] -2942, -53, 3026에 있는 블록을 바꿨습니다
[J] [16:17:05] [Render thread/INFO]: [System] [CHAT] -2942, -53, 3027에 있는 블록을 바꿨습니다
[J] [16:17:05] [Render thread/INFO]: [System] [CHAT] -2942, -53, 3028에 있는 블록을 바꿨습니다
[J] [16:17:05] [Render thread/INFO]: [System] [CHAT] -2942, -53, 3029에 있는 블록을 바꿨습니다
[J] [16:17:05] [Render thread/INFO]: [System] [CHAT] -2942, -52, 3029에 있는 블록을 바꿨습니다
[J] [16:17:05] [Render thread/INFO]: [System] [CHAT] -2941, -53, 3024에 있는 블록을 바꿨습니다
[J] [16:17:05] [Render thread/INFO]: [System] [CHAT] -2941, -53, 3025에 있는 블록을 바꿨습니다
[J] [16:17:05] [Render thread/INFO]: [System] [CHAT] 성공적으로 블록 3개를 채웠습니다
[J] [16:17:05] [Render thread/INFO]: [System] [CHAT] 성공적으로 블록 3개를 채웠습니다 [2]
[J] [16:17:05] [Render thread/INFO]: [System] [CHAT] -2941, -53, 3029에 있는 블록을 바꿨습니다
[J] [16:17:05] [Render thread/INFO]: [System] [CHAT] -2941, -52, 3029에 있는 블록을 바꿨습니다
[J] [16:17:05] [Render thread/INFO]: [System] [CHAT] -2941, -51, 3029에 있는 블록을 바꿨습니다
[J] [16:17:05] [Render thread/INFO]: [System] [CHAT] 성공적으로 블록 2개를 채웠습니다
[J] [16:17:05] [Render thread/INFO]: [System] [CHAT] 성공적으로 블록 2개를 채웠습니다 [2]
[J] [16:17:05] [Render thread/INFO]: [System] [CHAT] -2940, -53, 3026에 있는 블록을 바꿨습니다
[J] [16:17:05] [Render thread/INFO]: [System] [CHAT] 성공적으로 블록 3개를 채웠습니다
[J] [16:17:05] [Render thread/INFO]: [System] [CHAT] 성공적으로 블록 3개를 채웠습니다 [2]
[J] [16:17:05] [Render thread/INFO]: [System] [CHAT] -2940, -53, 3027에 있는 블록을 바꿨습니다
[J] [16:17:05] [Render thread/INFO]: [System] [CHAT] -2940, -53, 3028에 있는 블록을 바꿨습니다
[J] [16:17:05] [Render thread/INFO]: [System] [CHAT] -2940, -53, 3029에 있는 블록을 바꿨습니다
[J] [16:17:05] [Render thread/INFO]: [System] [CHAT] -2940, -52, 3029에 있는 블록을 바꿨습니다
[J] [16:17:05] [Render thread/INFO]: [System] [CHAT] 성공적으로 블록 2개를 채웠습니다
[J] [16:17:05] [Render thread/INFO]: [System] [CHAT] 성공적으로 블록 2개를 채웠습니다 [2]
[J] [16:17:05] [Render thread/INFO]: [System] [CHAT] 성공적으로 블록 2개를 채웠습니다 [3]
[J] [16:17:05] [Render thread/INFO]: [System] [CHAT] -2939, -53, 3026에 있는 블록을 바꿨습니다
[J] [16:17:05] [Render thread/INFO]: [System] [CHAT] -2939, -52, 3026에 있는 블록을 바꿨습니다
[J] [16:17:05] [Render thread/INFO]: [System] [CHAT] 성공적으로 블록 3개를 채웠습니다
[J] [16:17:05] [Render thread/INFO]: [System] [CHAT] 성공적으로 블록 2개를 채웠습니다 [4]
[J] [16:17:05] [Render thread/INFO]: [System] [CHAT] -2939, -53, 3028에 있는 블록을 바꿨습니다
[J] [16:17:05] [Render thread/INFO]: [System] [CHAT] 성공적으로 블록 2개를 채웠습니다 [5]
[J] [16:17:05] [Render thread/INFO]: [System] [CHAT] -2939, -52, 3029에 있는 블록을 바꿨습니다
[J] [16:17:05] [Render thread/INFO]: [System] [CHAT] -2938, -53, 3024에 있는 블록을 바꿨습니다
[J] [16:17:05] [Render thread/INFO]: [System] [CHAT] 성공적으로 블록 2개를 채웠습니다 [6]
[J] [16:17:05] [Render thread/INFO]: [System] [CHAT] -2938, -53, 3025에 있는 블록을 바꿨습니다
[J] [16:17:05] [Render thread/INFO]: [System] [CHAT] 성공적으로 블록 2개를 채웠습니다 [7]
[J] [16:17:05] [Render thread/INFO]: [System] [CHAT] -2938, -52, 3026에 있는 블록을 바꿨습니다
[J] [16:17:05] [Render thread/INFO]: [System] [CHAT] 성공적으로 블록 2개를 채웠습니다 [8]
[J] [16:17:05] [Render thread/INFO]: [System] [CHAT] 성공적으로 블록 2개를 채웠습니다 [9]
[J] [16:17:05] [Render thread/INFO]: [System] [CHAT] 성공적으로 블록 2개를 채웠습니다 [10]
[J] [16:17:05] [Render thread/INFO]: [System] [CHAT] 성공적으로 블록 2개를 채웠습니다 [11]
[J] [16:17:05] [Render thread/INFO]: [System] [CHAT] 성공적으로 블록 4개를 채웠습니다
[J] [16:17:05] [Render thread/INFO]: [System] [CHAT] 성공적으로 블록 4개를 채웠습니다 [2]
[J] [16:17:05] [Render thread/INFO]: [System] [CHAT] -2937, -53, 3024에 있는 블록을 바꿨습니다
[J] [16:17:05] [Render thread/INFO]: [System] [CHAT] -2937, -52, 3024에 있는 블록을 바꿨습니다
[J] [16:17:05] [Render thread/INFO]: [System] [CHAT] -2937, -51, 3024에 있는 블록을 바꿨습니다
[J] [16:17:05] [Render thread/INFO]: [System] [CHAT] -2937, -53, 3025에 있는 블록을 바꿨습니다
[J] [16:17:05] [Render thread/INFO]: [System] [CHAT] -2937, -52, 3025에 있는 블록을 바꿨습니다
[J] [16:17:05] [Render thread/INFO]: [System] [CHAT] -2937, -52, 3026에 있는 블록을 바꿨습니다
[J] [16:17:05] [Render thread/INFO]: [System] [CHAT] -2937, -51, 3026에 있는 블록을 바꿨습니다
[J] [16:17:05] [Render thread/INFO]: [System] [CHAT] 성공적으로 블록 2개를 채웠습니다
[J] [16:17:05] [Render thread/INFO]: [System] [CHAT] -2936, -53, 3024에 있는 블록을 바꿨습니다
[J] [16:17:05] [Render thread/INFO]: [System] [CHAT] 성공적으로 블록 3개를 채웠습니다
[J] [16:17:05] [Render thread/INFO]: [System] [CHAT] 성공적으로 블록 2개를 채웠습니다 [2]
[J] [16:17:05] [Render thread/INFO]: [System] [CHAT] 성공적으로 블록 3개를 채웠습니다 [2]
[J] [16:17:05] [Render thread/INFO]: [System] [CHAT] -2936, -52, 3026에 있는 블록을 바꿨습니다
[J] [16:17:05] [Render thread/INFO]: [System] [CHAT] 성공적으로 블록 2개를 채웠습니다 [3]
[J] [16:17:05] [Render thread/INFO]: [System] [CHAT] 성공적으로 블록 4개를 채웠습니다
[J] [16:17:05] [Render thread/INFO]: [System] [CHAT] 성공적으로 블록 2개를 채웠습니다 [4]
[J] [16:17:05] [Render thread/INFO]: [System] [CHAT] 성공적으로 블록 2개를 채웠습니다 [5]
[J] [16:17:05] [Render thread/INFO]: [System] [CHAT] -2935, -53, 3024에 있는 블록을 바꿨습니다
[J] [16:17:05] [Render thread/INFO]: [System] [CHAT] -2935, -53, 3025에 있는 블록을 바꿨습니다
[J] [16:17:05] [Render thread/INFO]: [System] [CHAT] -2935, -53, 3026에 있는 블록을 바꿨습니다
[J] [16:17:05] [Render thread/INFO]: [System] [CHAT] 성공적으로 블록 4개를 채웠습니다 [2]
[J] [16:17:05] [Render thread/INFO]: [System] [CHAT] -2935, -53, 3029에 있는 블록을 바꿨습니다
[J] [16:17:05] [Render thread/INFO]: [System] [CHAT] -2934, -53, 3024에 있는 블록을 바꿨습니다
[J] [16:17:05] [Render thread/INFO]: [System] [CHAT] 성공적으로 블록 3개를 채웠습니다
[J] [16:17:05] [Render thread/INFO]: [System] [CHAT] -2934, -53, 3026에 있는 블록을 바꿨습니다
[J] [16:17:05] [Render thread/INFO]: [System] [CHAT] -2934, -53, 3027에 있는 블록을 바꿨습니다
[J] [16:17:05] [Render thread/INFO]: [System] [CHAT] -2934, -53, 3028에 있는 블록을 바꿨습니다
[J] [16:17:05] [Render thread/INFO]: [System] [CHAT] 성공적으로 블록 2개를 채웠습니다
[J] [16:17:05] [Render thread/INFO]: [System] [CHAT] 성공적으로 블록 2개를 채웠습니다 [2]
[J] [16:17:05] [Render thread/INFO]: [System] [CHAT] 성공적으로 블록 2개를 채웠습니다 [3]
[J] [16:17:05] [Render thread/INFO]: [System] [CHAT] 성공적으로 블록 2개를 채웠습니다 [4]
[J] [16:17:05] [Render thread/INFO]: [System] [CHAT] -2933, -52, 3024에 있는 블록을 바꿨습니다
[J] [16:17:05] [Render thread/INFO]: [System] [CHAT] -2933, -51, 3024에 있는 블록을 바꿨습니다
[J] [16:17:05] [Render thread/INFO]: [System] [CHAT] -2933, -52, 3025에 있는 블록을 바꿨습니다
[J] [16:17:05] [Render thread/INFO]: [System] [CHAT] 성공적으로 블록 4개를 채웠습니다
[J] [16:17:05] [Render thread/INFO]: [System] [CHAT] -2933, -53, 3027에 있는 블록을 바꿨습니다
[J] [16:17:05] [Render thread/INFO]: [System] [CHAT] -2933, -53, 3028에 있는 블록을 바꿨습니다
[J] [16:17:05] [Render thread/INFO]: [System] [CHAT] -2932, -52, 3024에 있는 블록을 바꿨습니다
[J] [16:17:05] [Render thread/INFO]: [System] [CHAT] -2932, -52, 3025에 있는 블록을 바꿨습니다
[J] [16:17:05] [Render thread/INFO]: [System] [CHAT] -2932, -53, 3027에 있는 블록을 바꿨습니다
[J] [16:17:05] [Render thread/INFO]: [System] [CHAT] 성공적으로 블록 2개를 채웠습니다
[J] [16:17:05] [Render thread/INFO]: [System] [CHAT] -2932, -53, 3028에 있는 블록을 바꿨습니다
[J] [16:17:05] [Render thread/INFO]: [System] [CHAT] -2932, -51, 3028에 있는 블록을 바꿨습니다
[J] [16:17:05] [Render thread/INFO]: [System] [CHAT] -2932, -53, 3029에 있는 블록을 바꿨습니다
[J] [16:17:05] [Render thread/INFO]: [System] [CHAT] -2932, -52, 3029에 있는 블록을 바꿨습니다
[J] [16:17:05] [Render thread/INFO]: [System] [CHAT] -2931, -53, 3024에 있는 블록을 바꿨습니다
[J] [16:17:05] [Render thread/INFO]: [System] [CHAT] -2931, -52, 3024에 있는 블록을 바꿨습니다
[J] [16:17:05] [Render thread/INFO]: [System] [CHAT] 성공적으로 블록 2개를 채웠습니다
[J] [16:17:05] [Render thread/INFO]: [System] [CHAT] 성공적으로 블록 2개를 채웠습니다 [2]
[J] [16:17:05] [Render thread/INFO]: [System] [CHAT] -2931, -51, 3025에 있는 블록을 바꿨습니다
[J] [16:17:05] [Render thread/INFO]: [System] [CHAT] -2931, -53, 3027에 있는 블록을 바꿨습니다
[J] [16:17:05] [Render thread/INFO]: [System] [CHAT] 성공적으로 블록 2개를 채웠습니다 [3]
[J] [16:17:05] [Render thread/INFO]: [System] [CHAT] 성공적으로 블록 2개를 채웠습니다 [4]
[J] [16:17:05] [Render thread/INFO]: [System] [CHAT] -2931, -53, 3028에 있는 블록을 바꿨습니다
[J] [16:17:05] [Render thread/INFO]: [System] [CHAT] -2931, -52, 3028에 있는 블록을 바꿨습니다
[J] [16:17:05] [Render thread/INFO]: [System] [CHAT] 성공적으로 블록 2개를 채웠습니다 [5]
[J] [16:17:05] [Render thread/INFO]: [System] [CHAT] 성공적으로 블록 2개를 채웠습니다 [6]
[J] [16:17:05] [Render thread/INFO]: [System] [CHAT] -2931, -52, 3029에 있는 블록을 바꿨습니다
[J] [16:17:05] [Render thread/INFO]: [System] [CHAT] -2931, -51, 3029에 있는 블록을 바꿨습니다
[J] [16:17:05] [Render thread/INFO]: [System] [CHAT] -2930, -53, 3024에 있는 블록을 바꿨습니다
[J] [16:17:05] [Render thread/INFO]: [System] [CHAT] 성공적으로 블록 2개를 채웠습니다 [7]
[J] [16:17:05] [Render thread/INFO]: [System] [CHAT] 성공적으로 블록 2개를 채웠습니다 [8]
[J] [16:17:05] [Render thread/INFO]: [System] [CHAT] 성공적으로 블록 2개를 채웠습니다 [9]
[J] [16:17:05] [Render thread/INFO]: [System] [CHAT] 성공적으로 블록 2개를 채웠습니다 [10]
[J] [16:17:05] [Render thread/INFO]: [System] [CHAT] -2930, -52, 3026에 있는 블록을 바꿨습니다
[J] [16:17:05] [Render thread/INFO]: [System] [CHAT] -2930, -51, 3026에 있는 블록을 바꿨습니다
[J] [16:17:05] [Render thread/INFO]: [System] [CHAT] 성공적으로 블록 2개를 채웠습니다 [11]
[J] [16:17:05] [Render thread/INFO]: [System] [CHAT] 성공적으로 블록 2개를 채웠습니다 [12]
[J] [16:17:05] [Render thread/INFO]: [System] [CHAT] 성공적으로 블록 2개를 채웠습니다 [13]
[J] [16:17:05] [Render thread/INFO]: [System] [CHAT] -2930, -52, 3029에 있는 블록을 바꿨습니다
[J] [16:17:05] [Render thread/INFO]: [System] [CHAT] -2930, -51, 3029에 있는 블록을 바꿨습니다
[J] [16:17:05] [Render thread/INFO]: [System] [CHAT] -2929, -53, 3024에 있는 블록을 바꿨습니다
[J] [16:17:05] [Render thread/INFO]: [System] [CHAT] 성공적으로 블록 2개를 채웠습니다 [14]
[J] [16:17:05] [Render thread/INFO]: [System] [CHAT] 성공적으로 블록 2개를 채웠습니다 [15]
[J] [16:17:05] [Render thread/INFO]: [System] [CHAT] 성공적으로 블록 2개를 채웠습니다 [16]
[J] [16:17:05] [Render thread/INFO]: [System] [CHAT] 성공적으로 블록 2개를 채웠습니다 [17]
[J] [16:17:05] [Render thread/INFO]: [System] [CHAT] -2929, -53, 3029에 있는 블록을 바꿨습니다
[J] [16:17:05] [Render thread/INFO]: [System] [CHAT] -2929, -52, 3029에 있는 블록을 바꿨습니다
[J] [16:17:05] [Render thread/INFO]: [System] [CHAT] 성공적으로 블록 256개를 채웠습니다
[J] [16:17:05] [Render thread/INFO]: [System] [CHAT] 성공적으로 블록 2개를 채웠습니다 [18]
[J] [16:17:05] [Render thread/INFO]: [System] [CHAT] -2960, -52, 3008에 있는 블록을 바꿨습니다
[J] [16:17:05] [Render thread/INFO]: [System] [CHAT] 성공적으로 블록 16개를 채웠습니다
[J] [16:17:05] [Render thread/INFO]: [System] [CHAT] 성공적으로 블록 32개를 채웠습니다
[J] [16:17:05] [Render thread/INFO]: [System] [CHAT] 성공적으로 블록 16개를 채웠습니다 [2]
[J] [16:17:05] [Render thread/INFO]: [System] [CHAT] 성공적으로 블록 64개를 채웠습니다
[J] [16:17:05] [Render thread/INFO]: [System] [CHAT] 성공적으로 블록 13개를 채웠습니다
[J] [16:17:05] [Render thread/INFO]: [System] [CHAT] 성공적으로 블록 14개를 채웠습니다
[J] [16:17:05] [Render thread/INFO]: [System] [CHAT] 성공적으로 블록 13개를 채웠습니다 [2]
[J] [16:17:05] [Render thread/INFO]: [System] [CHAT] 성공적으로 블록 14개를 채웠습니다 [2]
[J] [16:17:05] [Render thread/INFO]: [System] [CHAT] 성공적으로 블록 6개를 채웠습니다
[J] [16:17:05] [Render thread/INFO]: [System] [CHAT] 성공적으로 블록 28개를 채웠습니다
[J] [16:17:05] [Render thread/INFO]: [System] [CHAT] 성공적으로 블록 2개를 채웠습니다
[J] [16:17:06] [Render thread/INFO]: [System] [CHAT] 성공적으로 블록 12개를 채웠습니다
[J] [16:17:06] [Render thread/INFO]: [System] [CHAT] 성공적으로 블록 7개를 채웠습니다
[J] [16:17:06] [Render thread/INFO]: [System] [CHAT] -2960, -13, 3008에 있는 블록을 바꿨습니다
[J] [16:17:06] [Render thread/INFO]: [System] [CHAT] -2960, -53, 3009에 있는 블록을 바꿨습니다
[J] [16:17:06] [Render thread/INFO]: [System] [CHAT] 성공적으로 블록 4개를 채웠습니다
[J] [16:17:06] [Render thread/INFO]: [System] [CHAT] 성공적으로 블록 18개를 채웠습니다
[J] [16:17:06] [Render thread/INFO]: [System] [CHAT] 성공적으로 블록 2개를 채웠습니다
[J] [16:17:06] [Render thread/INFO]: [System] [CHAT] -2960, -52, 3010에 있는 블록을 바꿨습니다
[J] [16:17:06] [Render thread/INFO]: [System] [CHAT] 성공적으로 블록 2개를 채웠습니다 [2]
[J] [16:17:06] [Render thread/INFO]: [System] [CHAT] 성공적으로 블록 2개를 채웠습니다 [3]
[J] [16:17:06] [Render thread/INFO]: [System] [CHAT] -2960, -52, 3011에 있는 블록을 바꿨습니다
[J] [16:17:06] [Render thread/INFO]: [System] [CHAT] 성공적으로 블록 18개를 채웠습니다 [2]
[J] [16:17:06] [Render thread/INFO]: [System] [CHAT] 성공적으로 블록 3개를 채웠습니다
[J] [16:17:06] [Render thread/INFO]: [System] [CHAT] 성공적으로 블록 2개를 채웠습니다 [4]
[J] [16:17:06] [Render thread/INFO]: [System] [CHAT] 성공적으로 블록 10개를 채웠습니다
[J] [16:17:06] [Render thread/INFO]: [System] [CHAT] 성공적으로 블록 11개를 채웠습니다
[J] [16:17:06] [Render thread/INFO]: [System] [CHAT] 성공적으로 블록 2개를 채웠습니다 [5]
[J] [16:17:06] [Render thread/INFO]: [System] [CHAT] 성공적으로 블록 2개를 채웠습니다 [6]
[J] [16:17:06] [Render thread/INFO]: [System] [CHAT] -2960, -53, 3014에 있는 블록을 바꿨습니다
[J] [16:17:06] [Render thread/INFO]: [System] [CHAT] 성공적으로 블록 4개를 채웠습니다
[J] [16:17:06] [Render thread/INFO]: [System] [CHAT] 성공적으로 블록 2개를 채웠습니다 [7]
[J] [16:17:06] [Render thread/INFO]: [System] [CHAT] 성공적으로 블록 2개를 채웠습니다 [8]
[J] [16:17:06] [Render thread/INFO]: [System] [CHAT] 성공적으로 블록 2개를 채웠습니다 [9]
[J] [16:17:06] [Render thread/INFO]: [System] [CHAT] 성공적으로 블록 5개를 채웠습니다
[J] [16:17:06] [Render thread/INFO]: [System] [CHAT] 성공적으로 블록 3개를 채웠습니다
[J] [16:17:06] [Render thread/INFO]: [System] [CHAT] -2960, -52, 3016에 있는 블록을 바꿨습니다
[J] [16:17:06] [Render thread/INFO]: [System] [CHAT] 성공적으로 블록 2개를 채웠습니다 [10]
[J] [16:17:06] [Render thread/INFO]: [System] [CHAT] 성공적으로 블록 6개를 채웠습니다
[J] [16:17:06] [Render thread/INFO]: [System] [CHAT] -2960, -43, 3016에 있는 블록을 바꿨습니다
[J] [16:17:06] [Render thread/INFO]: [System] [CHAT] 성공적으로 블록 2개를 채웠습니다 [11]
[J] [16:17:06] [Render thread/INFO]: [System] [CHAT] -2960, -41, 3016에 있는 블록을 바꿨습니다
[J] [16:17:06] [Render thread/INFO]: [System] [CHAT] 성공적으로 블록 6개를 채웠습니다 [2]
[J] [16:17:06] [Render thread/INFO]: [System] [CHAT] 성공적으로 블록 18개를 채웠습니다
[J] [16:17:06] [Render thread/INFO]: [System] [CHAT] 성공적으로 블록 6개를 채웠습니다 [3]
[J] [16:17:06] [Render thread/INFO]: [System] [CHAT] 성공적으로 블록 10개를 채웠습니다
[J] [16:17:06] [Render thread/INFO]: [System] [CHAT] 성공적으로 블록 6개를 채웠습니다 [4]
[J] [16:17:06] [Render thread/INFO]: [System] [CHAT] 성공적으로 블록 2개를 채웠습니다 [12]
[J] [16:17:06] [Render thread/INFO]: [System] [CHAT] 성공적으로 블록 2개를 채웠습니다 [13]
[J] [16:17:06] [Render thread/INFO]: [System] [CHAT] 성공적으로 블록 5개를 채웠습니다
[J] [16:17:06] [Render thread/INFO]: [System] [CHAT] -2960, -45, 3017에 있는 블록을 바꿨습니다
[J] [16:17:06] [Render thread/INFO]: [System] [CHAT] -2960, -44, 3017에 있는 블록을 바꿨습니다
[J] [16:17:06] [Render thread/INFO]: [System] [CHAT] -2960, -43, 3017에 있는 블록을 바꿨습니다
[J] [16:17:06] [Render thread/INFO]: [System] [CHAT] -2960, -42, 3017에 있는 블록을 바꿨습니다
[J] [16:17:06] [Render thread/INFO]: [System] [CHAT] 성공적으로 블록 2개를 채웠습니다
[J] [16:17:06] [Render thread/INFO]: [System] [CHAT] 성공적으로 블록 12개를 채웠습니다
[J] [16:17:06] [Render thread/INFO]: [System] [CHAT] -2960, -34, 3017에 있는 블록을 바꿨습니다
[J] [16:17:06] [Render thread/INFO]: [System] [CHAT] 성공적으로 블록 8개를 채웠습니다
[J] [16:17:06] [Render thread/INFO]: [System] [CHAT] 성공적으로 블록 2개를 채웠습니다 [2]
[J] [16:17:06] [Render thread/INFO]: [System] [CHAT] -2960, -51, 3018에 있는 블록을 바꿨습니다
[J] [16:17:06] [Render thread/INFO]: [System] [CHAT] -2960, -44, 3018에 있는 블록을 바꿨습니다
[J] [16:17:06] [Render thread/INFO]: [System] [CHAT] 성공적으로 블록 2개를 채웠습니다 [3]
[J] [16:17:06] [Render thread/INFO]: [System] [CHAT] 성공적으로 블록 7개를 채웠습니다
[J] [16:17:06] [Render thread/INFO]: [System] [CHAT] -2960, -39, 3018에 있는 블록을 바꿨습니다
[J] [16:17:06] [Render thread/INFO]: [System] [CHAT] -2960, -38, 3018에 있는 블록을 바꿨습니다
[J] [16:17:06] [Render thread/INFO]: [System] [CHAT] -2960, -36, 3018에 있는 블록을 바꿨습니다
[J] [16:17:06] [Render thread/INFO]: [System] [CHAT] -2960, -35, 3018에 있는 블록을 바꿨습니다
[J] [16:17:06] [Render thread/INFO]: [System] [CHAT] -2960, -34, 3018에 있는 블록을 바꿨습니다
[J] [16:17:06] [Render thread/INFO]: [System] [CHAT] 성공적으로 블록 2개를 채웠습니다
[J] [16:17:06] [Render thread/INFO]: [System] [CHAT] 성공적으로 블록 3개를 채웠습니다
[J] [16:17:06] [Render thread/INFO]: [System] [CHAT] -2960, -53, 3019에 있는 블록을 바꿨습니다
[J] [16:17:06] [Render thread/INFO]: [System] [CHAT] 성공적으로 블록 4개를 채웠습니다
[J] [16:17:06] [Render thread/INFO]: [System] [CHAT] -2960, -51, 3019에 있는 블록을 바꿨습니다
[J] [16:17:06] [Render thread/INFO]: [System] [CHAT] -2960, -40, 3019에 있는 블록을 바꿨습니다
[J] [16:17:06] [Render thread/INFO]: [System] [CHAT] -2960, -39, 3019에 있는 블록을 바꿨습니다
[J] [16:17:06] [Render thread/INFO]: [System] [CHAT] 성공적으로 블록 2개를 채웠습니다
[J] [16:17:06] [Render thread/INFO]: [System] [CHAT] 성공적으로 블록 3개를 채웠습니다
[J] [16:17:06] [Render thread/INFO]: [System] [CHAT] 성공적으로 블록 2개를 채웠습니다 [2]
[J] [16:17:06] [Render thread/INFO]: [System] [CHAT] -2960, -43, 3020에 있는 블록을 바꿨습니다
[J] [16:17:06] [Render thread/INFO]: [System] [CHAT] 성공적으로 블록 2개를 채웠습니다 [3]
[J] [16:17:06] [Render thread/INFO]: [System] [CHAT] 성공적으로 블록 6개를 채웠습니다
[J] [16:17:06] [Render thread/INFO]: [System] [CHAT] -2960, -37, 3020에 있는 블록을 바꿨습니다
[J] [16:17:06] [Render thread/INFO]: [System] [CHAT] -2960, -33, 3020에 있는 블록을 바꿨습니다
[J] [16:17:06] [Render thread/INFO]: [System] [CHAT] -2960, -32, 3020에 있는 블록을 바꿨습니다
[J] [16:17:06] [Render thread/INFO]: [System] [CHAT] -2960, -30, 3020에 있는 블록을 바꿨습니다
[J] [16:17:06] [Render thread/INFO]: [System] [CHAT] -2960, -53, 3021에 있는 블록을 바꿨습니다
[J] [16:17:06] [Render thread/INFO]: [System] [CHAT] -2960, -33, 3021에 있는 블록을 바꿨습니다
[J] [16:17:06] [Render thread/INFO]: [System] [CHAT] 성공적으로 블록 2개를 채웠습니다
[J] [16:17:06] [Render thread/INFO]: [System] [CHAT] -2960, -31, 3021에 있는 블록을 바꿨습니다
[J] [16:17:06] [Render thread/INFO]: [System] [CHAT] -2960, -30, 3021에 있는 블록을 바꿨습니다
[J] [16:17:06] [Render thread/INFO]: [System] [CHAT] -2960, -28, 3021에 있는 블록을 바꿨습니다
[J] [16:17:06] [Render thread/INFO]: [System] [CHAT] 성공적으로 블록 2개를 채웠습니다 [2]
[J] [16:17:06] [Render thread/INFO]: [System] [CHAT] -2960, -25, 3021에 있는 블록을 바꿨습니다
[J] [16:17:06] [Render thread/INFO]: [System] [CHAT] -2960, -20, 3021에 있는 블록을 바꿨습니다
[J] [16:17:06] [Render thread/INFO]: [System] [CHAT] -2960, -53, 3022에 있는 블록을 바꿨습니다
[J] [16:17:06] [Render thread/INFO]: [System] [CHAT] 성공적으로 블록 2개를 채웠습니다 [3]
[J] [16:17:06] [Render thread/INFO]: [System] [CHAT] 성공적으로 블록 2개를 채웠습니다 [4]
[J] [16:17:06] [Render thread/INFO]: [System] [CHAT] -2960, -28, 3022에 있는 블록을 바꿨습니다
[J] [16:17:06] [Render thread/INFO]: [System] [CHAT] -2960, -27, 3022에 있는 블록을 바꿨습니다
[J] [16:17:06] [Render thread/INFO]: [System] [CHAT] -2960, -26, 3022에 있는 블록을 바꿨습니다
[J] [16:17:06] [Render thread/INFO]: [System] [CHAT] -2960, -25, 3022에 있는 블록을 바꿨습니다
[J] [16:17:06] [Render thread/INFO]: [System] [CHAT] 성공적으로 블록 2개를 채웠습니다 [5]
[J] [16:17:06] [Render thread/INFO]: [System] [CHAT] -2960, -22, 3022에 있는 블록을 바꿨습니다
[J] [16:17:06] [Render thread/INFO]: [System] [CHAT] -2960, -21, 3022에 있는 블록을 바꿨습니다
[J] [16:17:06] [Render thread/INFO]: [System] [CHAT] 성공적으로 블록 2개를 채웠습니다 [6]
[J] [16:17:06] [Render thread/INFO]: [System] [CHAT] 성공적으로 블록 18개를 채웠습니다
[J] [16:17:06] [Render thread/INFO]: [System] [CHAT] -2960, -32, 3023에 있는 블록을 바꿨습니다
[J] [16:17:06] [Render thread/INFO]: [System] [CHAT] -2960, -31, 3023에 있는 블록을 바꿨습니다
[J] [16:17:06] [Render thread/INFO]: [System] [CHAT] -2960, -20, 3023에 있는 블록을 바꿨습니다
[J] [16:17:06] [Render thread/INFO]: [System] [CHAT] 성공적으로 블록 2개를 채웠습니다 [7]
[J] [16:17:06] [Render thread/INFO]: [System] [CHAT] -2959, -52, 3008에 있는 블록을 바꿨습니다
[J] [16:17:06] [Render thread/INFO]: [System] [CHAT] 성공적으로 블록 2개를 채웠습니다 [8]
[J] [16:17:06] [Render thread/INFO]: [System] [CHAT] 성공적으로 블록 7개를 채웠습니다
[J] [16:17:06] [Render thread/INFO]: [System] [CHAT] -2959, -13, 3008에 있는 블록을 바꿨습니다
[J] [16:17:06] [Render thread/INFO]: [System] [CHAT] 성공적으로 블록 2개를 채웠습니다 [9]
[J] [16:17:06] [Render thread/INFO]: [System] [CHAT] 성공적으로 블록 6개를 채웠습니다
[J] [16:17:06] [Render thread/INFO]: [System] [CHAT] 성공적으로 블록 8개를 채웠습니다
[J] [16:17:06] [Render thread/INFO]: [System] [CHAT] -2959, -52, 3011에 있는 블록을 바꿨습니다
[J] [16:17:06] [Render thread/INFO]: [System] [CHAT] -2959, -20, 3011에 있는 블록을 바꿨습니다
[J] [16:17:06] [Render thread/INFO]: [System] [CHAT] 성공적으로 블록 8개를 채웠습니다 [2]
[J] [16:17:06] [Render thread/INFO]: [System] [CHAT] 성공적으로 블록 8개를 채웠습니다 [3]
[J] [16:17:06] [Render thread/INFO]: [System] [CHAT] 성공적으로 블록 9개를 채웠습니다
[J] [16:17:06] [Render thread/INFO]: [System] [CHAT] 성공적으로 블록 2개를 채웠습니다
[J] [16:17:06] [Render thread/INFO]: [System] [CHAT] 성공적으로 블록 4개를 채웠습니다
[J] [16:17:06] [Render thread/INFO]: [System] [CHAT] 성공적으로 블록 2개를 채웠습니다 [2]
[J] [16:17:06] [Render thread/INFO]: [System] [CHAT] 성공적으로 블록 2개를 채웠습니다 [3]
[J] [16:17:06] [Render thread/INFO]: [System] [CHAT] 성공적으로 블록 3개를 채웠습니다
[J] [16:17:06] [Render thread/INFO]: [System] [CHAT] -2959, -24, 3015에 있는 블록을 바꿨습니다
[J] [16:17:06] [Render thread/INFO]: [System] [CHAT] 성공적으로 블록 2개를 채웠습니다 [4]
[J] [16:17:06] [Render thread/INFO]: [System] [CHAT] -2959, -52, 3016에 있는 블록을 바꿨습니다
[J] [16:17:06] [Render thread/INFO]: [System] [CHAT] 성공적으로 블록 2개를 채웠습니다 [5]
[J] [16:17:06] [Render thread/INFO]: [System] [CHAT] -2959, -50, 3016에 있는 블록을 바꿨습니다
[J] [16:17:06] [Render thread/INFO]: [System] [CHAT] -2959, -49, 3016에 있는 블록을 바꿨습니다
[J] [16:17:06] [Render thread/INFO]: [System] [CHAT] 성공적으로 블록 5개를 채웠습니다
[J] [16:17:06] [Render thread/INFO]: [System] [CHAT] -2959, -43, 3016에 있는 블록을 바꿨습니다
[J] [16:17:06] [Render thread/INFO]: [System] [CHAT] -2959, -41, 3016에 있는 블록을 바꿨습니다
[J] [16:17:06] [Render thread/INFO]: [System] [CHAT] -2959, -30, 3016에 있는 블록을 바꿨습니다
[J] [16:17:06] [Render thread/INFO]: [System] [CHAT] 성공적으로 블록 5개를 채웠습니다 [2]
[J] [16:17:06] [Render thread/INFO]: [System] [CHAT] 성공적으로 블록 7개를 채웠습니다
[J] [16:17:06] [Render thread/INFO]: [System] [CHAT] 성공적으로 블록 2개를 채웠습니다
[J] [16:17:06] [Render thread/INFO]: [System] [CHAT] -2959, -50, 3017에 있는 블록을 바꿨습니다
[J] [16:17:06] [Render thread/INFO]: [System] [CHAT] 성공적으로 블록 9개를 채웠습니다
[J] [16:17:06] [Render thread/INFO]: [System] [CHAT] -2959, -34, 3017에 있는 블록을 바꿨습니다
[J] [16:17:06] [Render thread/INFO]: [System] [CHAT] -2959, -28, 3017에 있는 블록을 바꿨습니다
[J] [16:17:06] [Render thread/INFO]: [System] [CHAT] 성공적으로 블록 7개를 채웠습니다
[J] [16:17:06] [Render thread/INFO]: [System] [CHAT] -2959, -51, 3018에 있는 블록을 바꿨습니다
[J] [16:17:06] [Render thread/INFO]: [System] [CHAT] -2959, -50, 3018에 있는 블록을 바꿨습니다
[J] [16:17:06] [Render thread/INFO]: [System] [CHAT] -2959, -49, 3018에 있는 블록을 바꿨습니다
[J] [16:17:06] [Render thread/INFO]: [System] [CHAT] -2959, -48, 3018에 있는 블록을 바꿨습니다
[J] [16:17:06] [Render thread/INFO]: [System] [CHAT] -2959, -47, 3018에 있는 블록을 바꿨습니다
[J] [16:17:06] [Render thread/INFO]: [System] [CHAT] -2959, -46, 3018에 있는 블록을 바꿨습니다
[J] [16:17:06] [Render thread/INFO]: [System] [CHAT] 성공적으로 블록 3개를 채웠습니다
[J] [16:17:06] [Render thread/INFO]: [System] [CHAT] -2959, -41, 3018에 있는 블록을 바꿨습니다
[J] [16:17:06] [Render thread/INFO]: [System] [CHAT] 성공적으로 블록 7개를 채웠습니다
[J] [16:17:06] [Render thread/INFO]: [System] [CHAT] 성공적으로 블록 2개를 채웠습니다
[J] [16:17:06] [Render thread/INFO]: [System] [CHAT] 성공적으로 블록 7개를 채웠습니다 [2]
[J] [16:17:06] [Render thread/INFO]: [System] [CHAT] 성공적으로 블록 3개를 채웠습니다 [2]
[J] [16:17:06] [Render thread/INFO]: [System] [CHAT] 성공적으로 블록 2개를 채웠습니다 [2]
[J] [16:17:06] [Render thread/INFO]: [System] [CHAT] -2959, -42, 3019에 있는 블록을 바꿨습니다
[J] [16:17:06] [Render thread/INFO]: [System] [CHAT] -2959, -41, 3019에 있는 블록을 바꿨습니다
[J] [16:17:06] [Render thread/INFO]: [System] [CHAT] -2959, -40, 3019에 있는 블록을 바꿨습니다
[J] [16:17:06] [Render thread/INFO]: [System] [CHAT] -2959, -39, 3019에 있는 블록을 바꿨습니다
[J] [16:17:06] [Render thread/INFO]: [System] [CHAT] -2959, -38, 3019에 있는 블록을 바꿨습니다
[J] [16:17:06] [Render thread/INFO]: [System] [CHAT] 성공적으로 블록 2개를 채웠습니다
[J] [16:17:06] [Render thread/INFO]: [System] [CHAT] 성공적으로 블록 7개를 채웠습니다
[J] [16:17:06] [Render thread/INFO]: [System] [CHAT] 성공적으로 블록 2개를 채웠습니다 [2]
[J] [16:17:06] [Render thread/INFO]: [System] [CHAT] 성공적으로 블록 4개를 채웠습니다
[J] [16:17:06] [Render thread/INFO]: [System] [CHAT] 성공적으로 블록 8개를 채웠습니다
[J] [16:17:06] [Render thread/INFO]: [System] [CHAT] 성공적으로 블록 7개를 채웠습니다 [2]
[J] [16:17:06] [Render thread/INFO]: [System] [CHAT] 성공적으로 블록 4개를 채웠습니다 [2]
[J] [16:17:06] [Render thread/INFO]: [System] [CHAT] -2959, -51, 3021에 있는 블록을 바꿨습니다
[J] [16:17:07] [Render thread/INFO]: [System] [CHAT] 성공적으로 블록 3개를 채웠습니다
[J] [16:17:07] [Render thread/INFO]: [System] [CHAT] 성공적으로 블록 2개를 채웠습니다
[J] [16:17:07] [Render thread/INFO]: [System] [CHAT] 성공적으로 블록 2개를 채웠습니다 [2]
[J] [16:17:07] [Render thread/INFO]: [System] [CHAT] -2959, -31, 3021에 있는 블록을 바꿨습니다
[J] [16:17:07] [Render thread/INFO]: [System] [CHAT] -2959, -30, 3021에 있는 블록을 바꿨습니다
[J] [16:17:07] [Render thread/INFO]: [System] [CHAT] -2959, -29, 3021에 있는 블록을 바꿨습니다
[J] [16:17:07] [Render thread/INFO]: [System] [CHAT] -2959, -28, 3021에 있는 블록을 바꿨습니다
[J] [16:17:07] [Render thread/INFO]: [System] [CHAT] 성공적으로 블록 7개를 채웠습니다
[J] [16:17:07] [Render thread/INFO]: [System] [CHAT] 성공적으로 블록 2개를 채웠습니다
[J] [16:17:07] [Render thread/INFO]: [System] [CHAT] 성공적으로 블록 9개를 채웠습니다
[J] [16:17:07] [Render thread/INFO]: [System] [CHAT] -2959, -34, 3023에 있는 블록을 바꿨습니다
[J] [16:17:07] [Render thread/INFO]: [System] [CHAT] -2959, -33, 3023에 있는 블록을 바꿨습니다
[J] [16:17:07] [Render thread/INFO]: [System] [CHAT] -2959, -32, 3023에 있는 블록을 바꿨습니다
[J] [16:17:07] [Render thread/INFO]: [System] [CHAT] 성공적으로 블록 6개를 채웠습니다
[J] [16:17:07] [Render thread/INFO]: [System] [CHAT] -2959, -23, 3023에 있는 블록을 바꿨습니다
[J] [16:17:07] [Render thread/INFO]: [System] [CHAT] -2959, -22, 3023에 있는 블록을 바꿨습니다
[J] [16:17:07] [Render thread/INFO]: [System] [CHAT] 성공적으로 블록 2개를 채웠습니다
[J] [16:17:07] [Render thread/INFO]: [System] [CHAT] -2959, -20, 3023에 있는 블록을 바꿨습니다
[J] [16:17:07] [Render thread/INFO]: [System] [CHAT] -2959, -19, 3023에 있는 블록을 바꿨습니다
[J] [16:17:07] [Render thread/INFO]: [System] [CHAT] 성공적으로 블록 2개를 채웠습니다 [2]
[J] [16:17:07] [Render thread/INFO]: [System] [CHAT] 성공적으로 블록 4개를 채웠습니다
[J] [16:17:07] [Render thread/INFO]: [System] [CHAT] 성공적으로 블록 18개를 채웠습니다
[J] [16:17:07] [Render thread/INFO]: [System] [CHAT] 성공적으로 블록 128개를 채웠습니다
[J] [16:17:07] [Render thread/INFO]: [System] [CHAT] 성공적으로 블록 14개를 채웠습니다
[J] [16:17:07] [Render thread/INFO]: [System] [CHAT] 성공적으로 블록 144개를 채웠습니다
[J] [16:17:07] [Render thread/INFO]: [System] [CHAT] 성공적으로 블록 6개를 채웠습니다
[J] [16:17:07] [Render thread/INFO]: [System] [CHAT] 성공적으로 블록 2개를 채웠습니다
[J] [16:17:07] [Render thread/INFO]: [System] [CHAT] 성공적으로 블록 2개를 채웠습니다 [2]
[J] [16:17:07] [Render thread/INFO]: [System] [CHAT] -2958, -13, 3008에 있는 블록을 바꿨습니다
[J] [16:17:07] [Render thread/INFO]: [System] [CHAT] 성공적으로 블록 3개를 채웠습니다
[J] [16:17:07] [Render thread/INFO]: [System] [CHAT] 성공적으로 블록 2개를 채웠습니다 [3]
[J] [16:17:07] [Render thread/INFO]: [System] [CHAT] -2958, -52, 3011에 있는 블록을 바꿨습니다
[J] [16:17:07] [Render thread/INFO]: [System] [CHAT] 성공적으로 블록 3개를 채웠습니다 [2]
[J] [16:17:07] [Render thread/INFO]: [System] [CHAT] -2958, -21, 3011에 있는 블록을 바꿨습니다
[J] [16:17:07] [Render thread/INFO]: [System] [CHAT] 성공적으로 블록 4개를 채웠습니다
[J] [16:17:07] [Render thread/INFO]: [System] [CHAT] -2958, -51, 3012에 있는 블록을 바꿨습니다
[J] [16:17:07] [Render thread/INFO]: [System] [CHAT] 성공적으로 블록 3개를 채웠습니다 [3]
[J] [16:17:07] [Render thread/INFO]: [System] [CHAT] -2958, -52, 3013에 있는 블록을 바꿨습니다
[J] [16:17:07] [Render thread/INFO]: [System] [CHAT] -2958, -51, 3013에 있는 블록을 바꿨습니다
[J] [16:17:07] [Render thread/INFO]: [System] [CHAT] 성공적으로 블록 10개를 채웠습니다
[J] [16:17:07] [Render thread/INFO]: [System] [CHAT] 성공적으로 블록 2개를 채웠습니다
[J] [16:17:07] [Render thread/INFO]: [System] [CHAT] 성공적으로 블록 4개를 채웠습니다
[J] [16:17:07] [Render thread/INFO]: [System] [CHAT] -2958, -53, 3015에 있는 블록을 바꿨습니다
[J] [16:17:07] [Render thread/INFO]: [System] [CHAT] 성공적으로 블록 2개를 채웠습니다 [2]
[J] [16:17:07] [Render thread/INFO]: [System] [CHAT] 성공적으로 블록 5개를 채웠습니다
[J] [16:17:07] [Render thread/INFO]: [System] [CHAT] -2958, -52, 3016에 있는 블록을 바꿨습니다
[J] [16:17:07] [Render thread/INFO]: [System] [CHAT] 성공적으로 블록 4개를 채웠습니다 [2]
[J] [16:17:07] [Render thread/INFO]: [System] [CHAT] 성공적으로 블록 4개를 채웠습니다 [3]
[J] [16:17:07] [Render thread/INFO]: [System] [CHAT] 성공적으로 블록 2개를 채웠습니다 [3]
[J] [16:17:07] [Render thread/INFO]: [System] [CHAT] 성공적으로 블록 32개를 채웠습니다
[J] [16:17:07] [Render thread/INFO]: [System] [CHAT] 성공적으로 블록 10개를 채웠습니다
[J] [16:17:07] [Render thread/INFO]: [System] [CHAT] -2958, -25, 3016에 있는 블록을 바꿨습니다
[J] [16:17:07] [Render thread/INFO]: [System] [CHAT] -2958, -22, 3016에 있는 블록을 바꿨습니다
[J] [16:17:07] [Render thread/INFO]: [System] [CHAT] 성공적으로 블록 2개를 채웠습니다 [4]
[J] [16:17:07] [Render thread/INFO]: [System] [CHAT] -2958, -52, 3017에 있는 블록을 바꿨습니다
[J] [16:17:07] [Render thread/INFO]: [System] [CHAT] 성공적으로 블록 4개를 채웠습니다
[J] [16:17:07] [Render thread/INFO]: [System] [CHAT] -2958, -49, 3017에 있는 블록을 바꿨습니다
[J] [16:17:07] [Render thread/INFO]: [System] [CHAT] 성공적으로 블록 10개를 채웠습니다
[J] [16:17:07] [Render thread/INFO]: [System] [CHAT] -2958, -43, 3017에 있는 블록을 바꿨습니다
[J] [16:17:07] [Render thread/INFO]: [System] [CHAT] 성공적으로 블록 2개를 채웠습니다
[J] [16:17:07] [Render thread/INFO]: [System] [CHAT] 성공적으로 블록 2개를 채웠습니다 [2]
[J] [16:17:07] [Render thread/INFO]: [System] [CHAT] 성공적으로 블록 5개를 채웠습니다
[J] [16:17:07] [Render thread/INFO]: [System] [CHAT] 성공적으로 블록 4개를 채웠습니다
[J] [16:17:07] [Render thread/INFO]: [System] [CHAT] 성공적으로 블록 6개를 채웠습니다
[J] [16:17:07] [Render thread/INFO]: [System] [CHAT] 성공적으로 블록 10개를 채웠습니다
[J] [16:17:07] [Render thread/INFO]: [System] [CHAT] -2958, -53, 3018에 있는 블록을 바꿨습니다
[J] [16:17:07] [Render thread/INFO]: [System] [CHAT] -2958, -52, 3018에 있는 블록을 바꿨습니다
[J] [16:17:07] [Render thread/INFO]: [System] [CHAT] -2958, -51, 3018에 있는 블록을 바꿨습니다
[J] [16:17:07] [Render thread/INFO]: [System] [CHAT] 성공적으로 블록 2개를 채웠습니다
[J] [16:17:07] [Render thread/INFO]: [System] [CHAT] 성공적으로 블록 12개를 채웠습니다
[J] [16:17:07] [Render thread/INFO]: [System] [CHAT] 성공적으로 블록 3개를 채웠습니다
[J] [16:17:07] [Render thread/INFO]: [System] [CHAT] -2958, -41, 3018에 있는 블록을 바꿨습니다
[J] [16:17:07] [Render thread/INFO]: [System] [CHAT] -2958, -22, 3018에 있는 블록을 바꿨습니다
[J] [16:17:07] [Render thread/INFO]: [System] [CHAT] -2958, -51, 3019에 있는 블록을 바꿨습니다
[J] [16:17:07] [Render thread/INFO]: [System] [CHAT] 성공적으로 블록 3개를 채웠습니다 [2]
[J] [16:17:07] [Render thread/INFO]: [System] [CHAT] 성공적으로 블록 4개를 채웠습니다
[J] [16:17:07] [Render thread/INFO]: [System] [CHAT] 성공적으로 블록 4개를 채웠습니다 [2]
[J] [16:17:07] [Render thread/INFO]: [System] [CHAT] -2958, -38, 3019에 있는 블록을 바꿨습니다
[J] [16:17:07] [Render thread/INFO]: [System] [CHAT] 성공적으로 블록 3개를 채웠습니다 [3]
[J] [16:17:07] [Render thread/INFO]: [System] [CHAT] -2958, -32, 3019에 있는 블록을 바꿨습니다
[J] [16:17:07] [Render thread/INFO]: [System] [CHAT] 성공적으로 블록 3개를 채웠습니다 [4]
[J] [16:17:07] [Render thread/INFO]: [System] [CHAT] 성공적으로 블록 4개를 채웠습니다 [3]
[J] [16:17:07] [Render thread/INFO]: [System] [CHAT] 성공적으로 블록 4개를 채웠습니다 [4]
[J] [16:17:07] [Render thread/INFO]: [System] [CHAT] -2958, -52, 3020에 있는 블록을 바꿨습니다
[J] [16:17:07] [Render thread/INFO]: [System] [CHAT] 성공적으로 블록 2개를 채웠습니다
[J] [16:17:07] [Render thread/INFO]: [System] [CHAT] 성공적으로 블록 2개를 채웠습니다 [2]
[J] [16:17:07] [Render thread/INFO]: [System] [CHAT] 성공적으로 블록 2개를 채웠습니다 [3]
[J] [16:17:07] [Render thread/INFO]: [System] [CHAT] 성공적으로 블록 4개를 채웠습니다 [5]
[J] [16:17:07] [Render thread/INFO]: [System] [CHAT] -2958, -33, 3020에 있는 블록을 바꿨습니다
[J] [16:17:07] [Render thread/INFO]: [System] [CHAT] 성공적으로 블록 4개를 채웠습니다 [6]
[J] [16:17:07] [Render thread/INFO]: [System] [CHAT] 성공적으로 블록 4개를 채웠습니다 [7]
[J] [16:17:07] [Render thread/INFO]: [System] [CHAT] -2958, -29, 3020에 있는 블록을 바꿨습니다
[J] [16:17:07] [Render thread/INFO]: [System] [CHAT] -2958, -22, 3020에 있는 블록을 바꿨습니다
[J] [16:17:07] [Render thread/INFO]: [System] [CHAT] -2958, -52, 3021에 있는 블록을 바꿨습니다
[J] [16:17:07] [Render thread/INFO]: [System] [CHAT] -2958, -51, 3021에 있는 블록을 바꿨습니다
[J] [16:17:07] [Render thread/INFO]: [System] [CHAT] -2958, -50, 3021에 있는 블록을 바꿨습니다
[J] [16:17:07] [Render thread/INFO]: [System] [CHAT] -2958, -40, 3021에 있는 블록을 바꿨습니다
[J] [16:17:07] [Render thread/INFO]: [System] [CHAT] -2958, -39, 3021에 있는 블록을 바꿨습니다
[J] [16:17:07] [Render thread/INFO]: [System] [CHAT] 성공적으로 블록 4개를 채웠습니다
[J] [16:17:07] [Render thread/INFO]: [System] [CHAT] 성공적으로 블록 2개를 채웠습니다
[J] [16:17:07] [Render thread/INFO]: [System] [CHAT] -2958, -29, 3021에 있는 블록을 바꿨습니다
[J] [16:17:07] [Render thread/INFO]: [System] [CHAT] 성공적으로 블록 2개를 채웠습니다 [2]
[J] [16:17:07] [Render thread/INFO]: [System] [CHAT] -2958, -26, 3021에 있는 블록을 바꿨습니다
[J] [16:17:07] [Render thread/INFO]: [System] [CHAT] 성공적으로 블록 2개를 채웠습니다 [3]
[J] [16:17:07] [Render thread/INFO]: [System] [CHAT] 성공적으로 블록 3개를 채웠습니다
[J] [16:17:07] [Render thread/INFO]: [System] [CHAT] -2958, -28, 3022에 있는 블록을 바꿨습니다
[J] [16:17:07] [Render thread/INFO]: [System] [CHAT] -2958, -27, 3022에 있는 블록을 바꿨습니다
[J] [16:17:07] [Render thread/INFO]: [System] [CHAT] -2958, -26, 3022에 있는 블록을 바꿨습니다
[J] [16:17:07] [Render thread/INFO]: [System] [CHAT] -2958, -20, 3022에 있는 블록을 바꿨습니다
[J] [16:17:07] [Render thread/INFO]: [System] [CHAT] -2958, -22, 3023에 있는 블록을 바꿨습니다
[J] [16:17:07] [Render thread/INFO]: [System] [CHAT] -2958, -20, 3023에 있는 블록을 바꿨습니다
[J] [16:17:07] [Render thread/INFO]: [System] [CHAT] -2957, -53, 3008에 있는 블록을 바꿨습니다
[J] [16:17:07] [Render thread/INFO]: [System] [CHAT] -2957, -52, 3008에 있는 블록을 바꿨습니다
[J] [16:17:07] [Render thread/INFO]: [System] [CHAT] 성공적으로 블록 3개를 채웠습니다
[J] [16:17:07] [Render thread/INFO]: [System] [CHAT] 성공적으로 블록 16개를 채웠습니다
[J] [16:17:07] [Render thread/INFO]: [System] [CHAT] 성공적으로 블록 7개를 채웠습니다
[J] [16:17:07] [Render thread/INFO]: [System] [CHAT] -2957, -24, 3008에 있는 블록을 바꿨습니다
[J] [16:17:07] [Render thread/INFO]: [System] [CHAT] 성공적으로 블록 5개를 채웠습니다
[J] [16:17:07] [Render thread/INFO]: [System] [CHAT] 성공적으로 블록 5개를 채웠습니다 [2]
[J] [16:17:07] [Render thread/INFO]: [System] [CHAT] -2957, -21, 3008에 있는 블록을 바꿨습니다
[J] [16:17:07] [Render thread/INFO]: [System] [CHAT] -2957, -13, 3008에 있는 블록을 바꿨습니다
[J] [16:17:07] [Render thread/INFO]: [System] [CHAT] -2957, -53, 3009에 있는 블록을 바꿨습니다
[J] [16:17:07] [Render thread/INFO]: [System] [CHAT] 성공적으로 블록 2개를 채웠습니다
[J] [16:17:07] [Render thread/INFO]: [System] [CHAT] -2957, -24, 3009에 있는 블록을 바꿨습니다
[J] [16:17:07] [Render thread/INFO]: [System] [CHAT] 성공적으로 블록 2개를 채웠습니다 [2]
[J] [16:17:07] [Render thread/INFO]: [System] [CHAT] 성공적으로 블록 3개를 채웠습니다
[J] [16:17:07] [Render thread/INFO]: [System] [CHAT] 성공적으로 블록 2개를 채웠습니다 [3]
[J] [16:17:07] [Render thread/INFO]: [System] [CHAT] 성공적으로 블록 2개를 채웠습니다 [4]
[J] [16:17:07] [Render thread/INFO]: [System] [CHAT] 성공적으로 블록 2개를 채웠습니다 [5]
[J] [16:17:07] [Render thread/INFO]: [System] [CHAT] -2957, -24, 3011에 있는 블록을 바꿨습니다
[J] [16:17:07] [Render thread/INFO]: [System] [CHAT] 성공적으로 블록 2개를 채웠습니다 [6]
[J] [16:17:07] [Render thread/INFO]: [System] [CHAT] 성공적으로 블록 2개를 채웠습니다 [7]
[J] [16:17:07] [Render thread/INFO]: [System] [CHAT] 성공적으로 블록 6개를 채웠습니다
[J] [16:17:07] [Render thread/INFO]: [System] [CHAT] 성공적으로 블록 2개를 채웠습니다 [8]
[J] [16:17:07] [Render thread/INFO]: [System] [CHAT] -2957, -52, 3013에 있는 블록을 바꿨습니다
[J] [16:17:07] [Render thread/INFO]: [System] [CHAT] 성공적으로 블록 2개를 채웠습니다 [9]
[J] [16:17:07] [Render thread/INFO]: [System] [CHAT] 성공적으로 블록 9개를 채웠습니다
[J] [16:17:07] [Render thread/INFO]: [System] [CHAT] -2957, -53, 3015에 있는 블록을 바꿨습니다
[J] [16:17:07] [Render thread/INFO]: [System] [CHAT] 성공적으로 블록 4개를 채웠습니다
[J] [16:17:07] [Render thread/INFO]: [System] [CHAT] -2957, -52, 3016에 있는 블록을 바꿨습니다
[J] [16:17:07] [Render thread/INFO]: [System] [CHAT] 성공적으로 블록 12개를 채웠습니다
[J] [16:17:07] [Render thread/INFO]: [System] [CHAT] 성공적으로 블록 7개를 채웠습니다
[J] [16:17:07] [Render thread/INFO]: [System] [CHAT] 성공적으로 블록 7개를 채웠습니다 [2]
[J] [16:17:07] [Render thread/INFO]: [System] [CHAT] -2957, -52, 3017에 있는 블록을 바꿨습니다
[J] [16:17:07] [Render thread/INFO]: [System] [CHAT] -2957, -49, 3017에 있는 블록을 바꿨습니다
[J] [16:17:07] [Render thread/INFO]: [System] [CHAT] -2957, -43, 3017에 있는 블록을 바꿨습니다
[J] [16:17:07] [Render thread/INFO]: [System] [CHAT] 성공적으로 블록 6개를 채웠습니다
[J] [16:17:07] [Render thread/INFO]: [System] [CHAT] 성공적으로 블록 2개를 채웠습니다
[J] [16:17:07] [Render thread/INFO]: [System] [CHAT] 성공적으로 블록 8개를 채웠습니다
[J] [16:17:07] [Render thread/INFO]: [System] [CHAT] 성공적으로 블록 4개를 채웠습니다
[J] [16:17:07] [Render thread/INFO]: [System] [CHAT] 성공적으로 블록 2개를 채웠습니다 [2]
[J] [16:17:07] [Render thread/INFO]: [System] [CHAT] 성공적으로 블록 4개를 채웠습니다 [2]
[J] [16:17:07] [Render thread/INFO]: [System] [CHAT] 성공적으로 블록 2개를 채웠습니다 [3]
[J] [16:17:07] [Render thread/INFO]: [System] [CHAT] -2957, -52, 3018에 있는 블록을 바꿨습니다
[J] [16:17:07] [Render thread/INFO]: [System] [CHAT] 성공적으로 블록 3개를 채웠습니다
[J] [16:17:07] [Render thread/INFO]: [System] [CHAT] -2957, -41, 3018에 있는 블록을 바꿨습니다
[J] [16:17:07] [Render thread/INFO]: [System] [CHAT] 성공적으로 블록 2개를 채웠습니다 [4]
[J] [16:17:07] [Render thread/INFO]: [System] [CHAT] 성공적으로 블록 2개를 채웠습니다 [5]
[J] [16:17:07] [Render thread/INFO]: [System] [CHAT] 성공적으로 블록 2개를 채웠습니다 [6]
[J] [16:17:07] [Render thread/INFO]: [System] [CHAT] -2957, -51, 3019에 있는 블록을 바꿨습니다
[J] [16:17:08] [Render thread/INFO]: [System] [CHAT] 성공적으로 블록 2개를 채웠습니다 [7]
[J] [16:17:08] [Render thread/INFO]: [System] [CHAT] 성공적으로 블록 6개를 채웠습니다
[J] [16:17:08] [Render thread/INFO]: [System] [CHAT] 성공적으로 블록 2개를 채웠습니다 [8]
[J] [16:17:08] [Render thread/INFO]: [System] [CHAT] -2957, -33, 3019에 있는 블록을 바꿨습니다
[J] [16:17:08] [Render thread/INFO]: [System] [CHAT] -2957, -32, 3019에 있는 블록을 바꿨습니다
[J] [16:17:08] [Render thread/INFO]: [System] [CHAT] -2957, -28, 3019에 있는 블록을 바꿨습니다
[J] [16:17:08] [Render thread/INFO]: [System] [CHAT] 성공적으로 블록 2개를 채웠습니다 [9]
[J] [16:17:08] [Render thread/INFO]: [System] [CHAT] -2957, -53, 3020에 있는 블록을 바꿨습니다
[J] [16:17:08] [Render thread/INFO]: [System] [CHAT] -2957, -52, 3020에 있는 블록을 바꿨습니다
[J] [16:17:08] [Render thread/INFO]: [System] [CHAT] 성공적으로 블록 8개를 채웠습니다
[J] [16:17:08] [Render thread/INFO]: [System] [CHAT] 성공적으로 블록 2개를 채웠습니다 [10]
[J] [16:17:08] [Render thread/INFO]: [System] [CHAT] 성공적으로 블록 3개를 채웠습니다
[J] [16:17:08] [Render thread/INFO]: [System] [CHAT] 성공적으로 블록 2개를 채웠습니다 [11]
[J] [16:17:08] [Render thread/INFO]: [System] [CHAT] -2957, -52, 3021에 있는 블록을 바꿨습니다
[J] [16:17:08] [Render thread/INFO]: [System] [CHAT] -2957, -51, 3021에 있는 블록을 바꿨습니다
[J] [16:17:08] [Render thread/INFO]: [System] [CHAT] 성공적으로 블록 2개를 채웠습니다 [12]
[J] [16:17:08] [Render thread/INFO]: [System] [CHAT] 성공적으로 블록 2개를 채웠습니다 [13]
[J] [16:17:08] [Render thread/INFO]: [System] [CHAT] -2957, -53, 3022에 있는 블록을 바꿨습니다
[J] [16:17:08] [Render thread/INFO]: [System] [CHAT] -2957, -27, 3022에 있는 블록을 바꿨습니다
[J] [16:17:08] [Render thread/INFO]: [System] [CHAT] -2957, -26, 3022에 있는 블록을 바꿨습니다
[J] [16:17:08] [Render thread/INFO]: [System] [CHAT] -2957, -28, 3023에 있는 블록을 바꿨습니다
[J] [16:17:08] [Render thread/INFO]: [System] [CHAT] 성공적으로 블록 2개를 채웠습니다 [14]
[J] [16:17:08] [Render thread/INFO]: [System] [CHAT] -2957, -25, 3023에 있는 블록을 바꿨습니다
[J] [16:17:08] [Render thread/INFO]: [System] [CHAT] -2957, -24, 3023에 있는 블록을 바꿨습니다
[J] [16:17:08] [Render thread/INFO]: [System] [CHAT] -2957, -22, 3023에 있는 블록을 바꿨습니다
[J] [16:17:08] [Render thread/INFO]: [System] [CHAT] -2957, -21, 3023에 있는 블록을 바꿨습니다
[J] [16:17:08] [Render thread/INFO]: [System] [CHAT] 성공적으로 블록 2개를 채웠습니다 [15]
[J] [16:17:08] [Render thread/INFO]: [System] [CHAT] 성공적으로 블록 2개를 채웠습니다 [16]
[J] [16:17:08] [Render thread/INFO]: [System] [CHAT] -2956, -51, 3008에 있는 블록을 바꿨습니다
[J] [16:17:08] [Render thread/INFO]: [System] [CHAT] 성공적으로 블록 10개를 채웠습니다
[J] [16:17:08] [Render thread/INFO]: [System] [CHAT] -2956, -49, 3008에 있는 블록을 바꿨습니다
[J] [16:17:08] [Render thread/INFO]: [System] [CHAT] 성공적으로 블록 6개를 채웠습니다
[J] [16:17:08] [Render thread/INFO]: [System] [CHAT] -2956, -42, 3008에 있는 블록을 바꿨습니다
[J] [16:17:08] [Render thread/INFO]: [System] [CHAT] -2956, -41, 3008에 있는 블록을 바꿨습니다
[J] [16:17:08] [Render thread/INFO]: [System] [CHAT] 성공적으로 블록 14개를 채웠습니다
[J] [16:17:08] [Render thread/INFO]: [System] [CHAT] 성공적으로 블록 9개를 채웠습니다
[J] [16:17:08] [Render thread/INFO]: [System] [CHAT] 성공적으로 블록 80개를 채웠습니다
[J] [16:17:08] [Render thread/INFO]: [System] [CHAT] 성공적으로 블록 14개를 채웠습니다 [2]
[J] [16:17:08] [Render thread/INFO]: [System] [CHAT] 성공적으로 블록 5개를 채웠습니다
[J] [16:17:08] [Render thread/INFO]: [System] [CHAT] 성공적으로 블록 5개를 채웠습니다 [2]
[J] [16:17:08] [Render thread/INFO]: [System] [CHAT] -2956, -20, 3008에 있는 블록을 바꿨습니다
[J] [16:17:08] [Render thread/INFO]: [System] [CHAT] -2956, -13, 3008에 있는 블록을 바꿨습니다
[J] [16:17:08] [Render thread/INFO]: [System] [CHAT] 성공적으로 블록 2개를 채웠습니다
[J] [16:17:08] [Render thread/INFO]: [System] [CHAT] -2956, -51, 3009에 있는 블록을 바꿨습니다
[J] [16:17:08] [Render thread/INFO]: [System] [CHAT] 성공적으로 블록 9개를 채웠습니다
[J] [16:17:08] [Render thread/INFO]: [System] [CHAT] -2956, -21, 3009에 있는 블록을 바꿨습니다
[J] [16:17:08] [Render thread/INFO]: [System] [CHAT] -2956, -20, 3009에 있는 블록을 바꿨습니다
[J] [16:17:08] [Render thread/INFO]: [System] [CHAT] 성공적으로 블록 2개를 채웠습니다 [2]
[J] [16:17:08] [Render thread/INFO]: [System] [CHAT] -2956, -49, 3010에 있는 블록을 바꿨습니다
[J] [16:17:08] [Render thread/INFO]: [System] [CHAT] 성공적으로 블록 6개를 채웠습니다
[J] [16:17:08] [Render thread/INFO]: [System] [CHAT] -2956, -42, 3010에 있는 블록을 바꿨습니다
[J] [16:17:08] [Render thread/INFO]: [System] [CHAT] -2956, -41, 3010에 있는 블록을 바꿨습니다
[J] [16:17:08] [Render thread/INFO]: [System] [CHAT] -2956, -26, 3010에 있는 블록을 바꿨습니다
[J] [16:17:08] [Render thread/INFO]: [System] [CHAT] -2956, -24, 3010에 있는 블록을 바꿨습니다
[J] [16:17:08] [Render thread/INFO]: [System] [CHAT] -2956, -53, 3011에 있는 블록을 바꿨습니다
[J] [16:17:08] [Render thread/INFO]: [System] [CHAT] -2956, -51, 3011에 있는 블록을 바꿨습니다
[J] [16:17:08] [Render thread/INFO]: [System] [CHAT] 성공적으로 블록 9개를 채웠습니다
[J] [16:17:08] [Render thread/INFO]: [System] [CHAT] -2956, -21, 3011에 있는 블록을 바꿨습니다
[J] [16:17:08] [Render thread/INFO]: [System] [CHAT] -2956, -20, 3011에 있는 블록을 바꿨습니다
[J] [16:17:08] [Render thread/INFO]: [System] [CHAT] 성공적으로 블록 2개를 채웠습니다
[J] [16:17:08] [Render thread/INFO]: [System] [CHAT] -2956, -49, 3012에 있는 블록을 바꿨습니다
[J] [16:17:08] [Render thread/INFO]: [System] [CHAT] 성공적으로 블록 6개를 채웠습니다
[J] [16:17:08] [Render thread/INFO]: [System] [CHAT] -2956, -42, 3012에 있는 블록을 바꿨습니다
[J] [16:17:08] [Render thread/INFO]: [System] [CHAT] -2956, -41, 3012에 있는 블록을 바꿨습니다
[J] [16:17:08] [Render thread/INFO]: [System] [CHAT] -2956, -26, 3012에 있는 블록을 바꿨습니다
[J] [16:17:08] [Render thread/INFO]: [System] [CHAT] -2956, -24, 3012에 있는 블록을 바꿨습니다
[J] [16:17:08] [Render thread/INFO]: [System] [CHAT] -2956, -52, 3013에 있는 블록을 바꿨습니다
[J] [16:17:08] [Render thread/INFO]: [System] [CHAT] 성공적으로 블록 9개를 채웠습니다
[J] [16:17:08] [Render thread/INFO]: [System] [CHAT] 성공적으로 블록 3개를 채웠습니다
[J] [16:17:08] [Render thread/INFO]: [System] [CHAT] 성공적으로 블록 4개를 채웠습니다
[J] [16:17:08] [Render thread/INFO]: [System] [CHAT] -2956, -51, 3014에 있는 블록을 바꿨습니다
[J] [16:17:08] [Render thread/INFO]: [System] [CHAT] -2956, -49, 3014에 있는 블록을 바꿨습니다
[J] [16:17:08] [Render thread/INFO]: [System] [CHAT] 성공적으로 블록 6개를 채웠습니다
[J] [16:17:08] [Render thread/INFO]: [System] [CHAT] -2956, -42, 3014에 있는 블록을 바꿨습니다
[J] [16:17:08] [Render thread/INFO]: [System] [CHAT] -2956, -41, 3014에 있는 블록을 바꿨습니다
[J] [16:17:08] [Render thread/INFO]: [System] [CHAT] -2956, -26, 3014에 있는 블록을 바꿨습니다
[J] [16:17:08] [Render thread/INFO]: [System] [CHAT] 성공적으로 블록 9개를 채웠습니다
[J] [16:17:08] [Render thread/INFO]: [System] [CHAT] 성공적으로 블록 9개를 채웠습니다 [2]
[J] [16:17:08] [Render thread/INFO]: [System] [CHAT] 성공적으로 블록 10개를 채웠습니다
[J] [16:17:08] [Render thread/INFO]: [System] [CHAT] 성공적으로 블록 3개를 채웠습니다
[J] [16:17:08] [Render thread/INFO]: [System] [CHAT] -2956, -52, 3015에 있는 블록을 바꿨습니다
[J] [16:17:08] [Render thread/INFO]: [System] [CHAT] 성공적으로 블록 2개를 채웠습니다
[J] [16:17:08] [Render thread/INFO]: [System] [CHAT] 성공적으로 블록 9개를 채웠습니다 [3]
[J] [16:17:08] [Render thread/INFO]: [System] [CHAT] -2956, -26, 3015에 있는 블록을 바꿨습니다
[J] [16:17:08] [Render thread/INFO]: [System] [CHAT] -2956, -52, 3016에 있는 블록을 바꿨습니다
[J] [16:17:08] [Render thread/INFO]: [System] [CHAT] -2956, -51, 3016에 있는 블록을 바꿨습니다
[J] [16:17:08] [Render thread/INFO]: [System] [CHAT] -2956, -49, 3016에 있는 블록을 바꿨습니다
[J] [16:17:08] [Render thread/INFO]: [System] [CHAT] 성공적으로 블록 6개를 채웠습니다
[J] [16:17:08] [Render thread/INFO]: [System] [CHAT] -2956, -42, 3016에 있는 블록을 바꿨습니다
[J] [16:17:08] [Render thread/INFO]: [System] [CHAT] -2956, -41, 3016에 있는 블록을 바꿨습니다
[J] [16:17:08] [Render thread/INFO]: [System] [CHAT] 성공적으로 블록 4개를 채웠습니다
[J] [16:17:08] [Render thread/INFO]: [System] [CHAT] 성공적으로 블록 2개를 채웠습니다
[J] [16:17:08] [Render thread/INFO]: [System] [CHAT] 성공적으로 블록 7개를 채웠습니다
[J] [16:17:08] [Render thread/INFO]: [System] [CHAT] -2956, -53, 3017에 있는 블록을 바꿨습니다
[J] [16:17:08] [Render thread/INFO]: [System] [CHAT] 성공적으로 블록 2개를 채웠습니다 [2]
[J] [16:17:08] [Render thread/INFO]: [System] [CHAT] 성공적으로 블록 2개를 채웠습니다 [3]
[J] [16:17:08] [Render thread/INFO]: [System] [CHAT] 성공적으로 블록 9개를 채웠습니다
[J] [16:17:08] [Render thread/INFO]: [System] [CHAT] 성공적으로 블록 4개를 채웠습니다 [2]
[J] [16:17:08] [Render thread/INFO]: [System] [CHAT] -2956, -28, 3017에 있는 블록을 바꿨습니다
[J] [16:17:08] [Render thread/INFO]: [System] [CHAT] -2956, -50, 3018에 있는 블록을 바꿨습니다
[J] [16:17:08] [Render thread/INFO]: [System] [CHAT] -2956, -49, 3018에 있는 블록을 바꿨습니다
[J] [16:17:08] [Render thread/INFO]: [System] [CHAT] -2956, -48, 3018에 있는 블록을 바꿨습니다
[J] [16:17:08] [Render thread/INFO]: [System] [CHAT] -2956, -47, 3018에 있는 블록을 바꿨습니다
[J] [16:17:08] [Render thread/INFO]: [System] [CHAT] -2956, -46, 3018에 있는 블록을 바꿨습니다
[J] [16:17:08] [Render thread/INFO]: [System] [CHAT] -2956, -41, 3018에 있는 블록을 바꿨습니다
[J] [16:17:08] [Render thread/INFO]: [System] [CHAT] -2956, -53, 3019에 있는 블록을 바꿨습니다
[J] [16:17:08] [Render thread/INFO]: [System] [CHAT] -2956, -52, 3019에 있는 블록을 바꿨습니다
[J] [16:17:08] [Render thread/INFO]: [System] [CHAT] -2956, -51, 3019에 있는 블록을 바꿨습니다
[J] [16:17:08] [Render thread/INFO]: [System] [CHAT] -2956, -41, 3019에 있는 블록을 바꿨습니다
[J] [16:17:08] [Render thread/INFO]: [System] [CHAT] -2956, -33, 3019에 있는 블록을 바꿨습니다
[J] [16:17:08] [Render thread/INFO]: [System] [CHAT] -2956, -32, 3019에 있는 블록을 바꿨습니다
[J] [16:17:08] [Render thread/INFO]: [System] [CHAT] -2956, -28, 3019에 있는 블록을 바꿨습니다
[J] [16:17:08] [Render thread/INFO]: [System] [CHAT] -2956, -53, 3020에 있는 블록을 바꿨습니다
[J] [16:17:08] [Render thread/INFO]: [System] [CHAT] 성공적으로 블록 3개를 채웠습니다
[J] [16:17:08] [Render thread/INFO]: [System] [CHAT] 성공적으로 블록 2개를 채웠습니다
[J] [16:17:08] [Render thread/INFO]: [System] [CHAT] -2956, -40, 3020에 있는 블록을 바꿨습니다
[J] [16:17:08] [Render thread/INFO]: [System] [CHAT] -2956, -39, 3020에 있는 블록을 바꿨습니다
[J] [16:17:08] [Render thread/INFO]: [System] [CHAT] 성공적으로 블록 4개를 채웠습니다
[J] [16:17:08] [Render thread/INFO]: [System] [CHAT] -2956, -51, 3021에 있는 블록을 바꿨습니다
[J] [16:17:08] [Render thread/INFO]: [System] [CHAT] -2956, -40, 3021에 있는 블록을 바꿨습니다
[J] [16:17:08] [Render thread/INFO]: [System] [CHAT] -2956, -39, 3021에 있는 블록을 바꿨습니다
[J] [16:17:08] [Render thread/INFO]: [System] [CHAT] 성공적으로 블록 2개를 채웠습니다
[J] [16:17:08] [Render thread/INFO]: [System] [CHAT] 성공적으로 블록 2개를 채웠습니다 [2]
[J] [16:17:08] [Render thread/INFO]: [System] [CHAT] -2956, -27, 3022에 있는 블록을 바꿨습니다
[J] [16:17:08] [Render thread/INFO]: [System] [CHAT] -2956, -26, 3022에 있는 블록을 바꿨습니다
[J] [16:17:08] [Render thread/INFO]: [System] [CHAT] 성공적으로 블록 2개를 채웠습니다 [3]
[J] [16:17:08] [Render thread/INFO]: [System] [CHAT] -2956, -25, 3023에 있는 블록을 바꿨습니다
[J] [16:17:08] [Render thread/INFO]: [System] [CHAT] -2956, -24, 3023에 있는 블록을 바꿨습니다
[J] [16:17:08] [Render thread/INFO]: [System] [CHAT] -2956, -23, 3023에 있는 블록을 바꿨습니다
[J] [16:17:08] [Render thread/INFO]: [System] [CHAT] -2955, -51, 3008에 있는 블록을 바꿨습니다
[J] [16:17:08] [Render thread/INFO]: [System] [CHAT] -2955, -50, 3008에 있는 블록을 바꿨습니다
[J] [16:17:08] [Render thread/INFO]: [System] [CHAT] -2955, -39, 3008에 있는 블록을 바꿨습니다
[J] [16:17:08] [Render thread/INFO]: [System] [CHAT] 성공적으로 블록 10개를 채웠습니다
[J] [16:17:08] [Render thread/INFO]: [System] [CHAT] -2955, -28, 3008에 있는 블록을 바꿨습니다
[J] [16:17:08] [Render thread/INFO]: [System] [CHAT] -2955, -13, 3008에 있는 블록을 바꿨습니다
[J] [16:17:08] [Render thread/INFO]: [System] [CHAT] -2955, -53, 3009에 있는 블록을 바꿨습니다
[J] [16:17:08] [Render thread/INFO]: [System] [CHAT] -2955, -52, 3009에 있는 블록을 바꿨습니다
[J] [16:17:08] [Render thread/INFO]: [System] [CHAT] 성공적으로 블록 2개를 채웠습니다
[J] [16:17:08] [Render thread/INFO]: [System] [CHAT] -2955, -50, 3009에 있는 블록을 바꿨습니다
[J] [16:17:08] [Render thread/INFO]: [System] [CHAT] -2955, -49, 3009에 있는 블록을 바꿨습니다
[J] [16:17:08] [Render thread/INFO]: [System] [CHAT] -2955, -41, 3009에 있는 블록을 바꿨습니다
[J] [16:17:08] [Render thread/INFO]: [System] [CHAT] 성공적으로 블록 12개를 채웠습니다
[J] [16:17:08] [Render thread/INFO]: [System] [CHAT] -2955, -20, 3009에 있는 블록을 바꿨습니다
[J] [16:17:08] [Render thread/INFO]: [System] [CHAT] -2955, -14, 3009에 있는 블록을 바꿨습니다
[J] [16:17:08] [Render thread/INFO]: [System] [CHAT] 성공적으로 블록 4개를 채웠습니다
[J] [16:17:08] [Render thread/INFO]: [System] [CHAT] -2955, -50, 3010에 있는 블록을 바꿨습니다
[J] [16:17:08] [Render thread/INFO]: [System] [CHAT] -2955, -39, 3010에 있는 블록을 바꿨습니다
[J] [16:17:08] [Render thread/INFO]: [System] [CHAT] 성공적으로 블록 10개를 채웠습니다
[J] [16:17:08] [Render thread/INFO]: [System] [CHAT] -2955, -28, 3010에 있는 블록을 바꿨습니다
[J] [16:17:08] [Render thread/INFO]: [System] [CHAT] 성공적으로 블록 2개를 채웠습니다
[J] [16:17:08] [Render thread/INFO]: [System] [CHAT] -2955, -53, 3011에 있는 블록을 바꿨습니다
[J] [16:17:08] [Render thread/INFO]: [System] [CHAT] 성공적으로 블록 4개를 채웠습니다
[J] [16:17:08] [Render thread/INFO]: [System] [CHAT] -2955, -50, 3011에 있는 블록을 바꿨습니다
[J] [16:17:08] [Render thread/INFO]: [System] [CHAT] -2955, -49, 3011에 있는 블록을 바꿨습니다
[J] [16:17:08] [Render thread/INFO]: [System] [CHAT] -2955, -41, 3011에 있는 블록을 바꿨습니다
[J] [16:17:08] [Render thread/INFO]: [System] [CHAT] 성공적으로 블록 12개를 채웠습니다
[J] [16:17:08] [Render thread/INFO]: [System] [CHAT] -2955, -20, 3011에 있는 블록을 바꿨습니다
[J] [16:17:08] [Render thread/INFO]: [System] [CHAT] -2955, -53, 3012에 있는 블록을 바꿨습니다
[J] [16:17:08] [Render thread/INFO]: [System] [CHAT] -2955, -50, 3012에 있는 블록을 바꿨습니다
[J] [16:17:08] [Render thread/INFO]: [System] [CHAT] -2955, -39, 3012에 있는 블록을 바꿨습니다
[J] [16:17:09] [Render thread/INFO]: [System] [CHAT] 성공적으로 블록 10개를 채웠습니다
[J] [16:17:09] [Render thread/INFO]: [System] [CHAT] -2955, -28, 3012에 있는 블록을 바꿨습니다
[J] [16:17:09] [Render thread/INFO]: [System] [CHAT] 성공적으로 블록 2개를 채웠습니다
[J] [16:17:09] [Render thread/INFO]: [System] [CHAT] -2955, -53, 3013에 있는 블록을 바꿨습니다
[J] [16:17:09] [Render thread/INFO]: [System] [CHAT] 성공적으로 블록 4개를 채웠습니다
[J] [16:17:09] [Render thread/INFO]: [System] [CHAT] -2955, -50, 3013에 있는 블록을 바꿨습니다
[J] [16:17:09] [Render thread/INFO]: [System] [CHAT] -2955, -49, 3013에 있는 블록을 바꿨습니다
[J] [16:17:09] [Render thread/INFO]: [System] [CHAT] -2955, -41, 3013에 있는 블록을 바꿨습니다
[J] [16:17:09] [Render thread/INFO]: [System] [CHAT] 성공적으로 블록 12개를 채웠습니다
[J] [16:17:09] [Render thread/INFO]: [System] [CHAT] 성공적으로 블록 2개를 채웠습니다
[J] [16:17:09] [Render thread/INFO]: [System] [CHAT] -2955, -21, 3013에 있는 블록을 바꿨습니다
[J] [16:17:09] [Render thread/INFO]: [System] [CHAT] -2955, -51, 3014에 있는 블록을 바꿨습니다
[J] [16:17:09] [Render thread/INFO]: [System] [CHAT] -2955, -50, 3014에 있는 블록을 바꿨습니다
[J] [16:17:09] [Render thread/INFO]: [System] [CHAT] -2955, -39, 3014에 있는 블록을 바꿨습니다
[J] [16:17:09] [Render thread/INFO]: [System] [CHAT] 성공적으로 블록 9개를 채웠습니다
[J] [16:17:09] [Render thread/INFO]: [System] [CHAT] -2955, -29, 3014에 있는 블록을 바꿨습니다
[J] [16:17:09] [Render thread/INFO]: [System] [CHAT] -2955, -28, 3014에 있는 블록을 바꿨습니다
[J] [16:17:09] [Render thread/INFO]: [System] [CHAT] -2955, -26, 3014에 있는 블록을 바꿨습니다
[J] [16:17:09] [Render thread/INFO]: [System] [CHAT] -2955, -24, 3014에 있는 블록을 바꿨습니다
[J] [16:17:09] [Render thread/INFO]: [System] [CHAT] -2955, -23, 3014에 있는 블록을 바꿨습니다
[J] [16:17:09] [Render thread/INFO]: [System] [CHAT] -2955, -52, 3015에 있는 블록을 바꿨습니다
[J] [16:17:09] [Render thread/INFO]: [System] [CHAT] -2955, -50, 3015에 있는 블록을 바꿨습니다
[J] [16:17:09] [Render thread/INFO]: [System] [CHAT] -2955, -49, 3015에 있는 블록을 바꿨습니다
[J] [16:17:09] [Render thread/INFO]: [System] [CHAT] -2955, -41, 3015에 있는 블록을 바꿨습니다
[J] [16:17:09] [Render thread/INFO]: [System] [CHAT] -2955, -39, 3015에 있는 블록을 바꿨습니다
[J] [16:17:09] [Render thread/INFO]: [System] [CHAT] 성공적으로 블록 9개를 채웠습니다
[J] [16:17:09] [Render thread/INFO]: [System] [CHAT] 성공적으로 블록 12개를 채웠습니다
[J] [16:17:09] [Render thread/INFO]: [System] [CHAT] -2955, -25, 3015에 있는 블록을 바꿨습니다
[J] [16:17:09] [Render thread/INFO]: [System] [CHAT] -2955, -24, 3015에 있는 블록을 바꿨습니다
[J] [16:17:09] [Render thread/INFO]: [System] [CHAT] 성공적으로 블록 2개를 채웠습니다
[J] [16:17:09] [Render thread/INFO]: [System] [CHAT] -2955, -51, 3016에 있는 블록을 바꿨습니다
[J] [16:17:09] [Render thread/INFO]: [System] [CHAT] -2955, -50, 3016에 있는 블록을 바꿨습니다
[J] [16:17:09] [Render thread/INFO]: [System] [CHAT] 성공적으로 블록 7개를 채웠습니다
[J] [16:17:09] [Render thread/INFO]: [System] [CHAT] -2955, -39, 3016에 있는 블록을 바꿨습니다
[J] [16:17:09] [Render thread/INFO]: [System] [CHAT] 성공적으로 블록 2개를 채웠습니다 [2]
[J] [16:17:09] [Render thread/INFO]: [System] [CHAT] 성공적으로 블록 3개를 채웠습니다
[J] [16:17:09] [Render thread/INFO]: [System] [CHAT] -2955, -52, 3017에 있는 블록을 바꿨습니다
[J] [16:17:09] [Render thread/INFO]: [System] [CHAT] 성공적으로 블록 2개를 채웠습니다 [3]
[J] [16:17:09] [Render thread/INFO]: [System] [CHAT] -2955, -41, 3017에 있는 블록을 바꿨습니다
[J] [16:17:09] [Render thread/INFO]: [System] [CHAT] 성공적으로 블록 2개를 채웠습니다 [4]
[J] [16:17:09] [Render thread/INFO]: [System] [CHAT] 성공적으로 블록 6개를 채웠습니다
[J] [16:17:09] [Render thread/INFO]: [System] [CHAT] 성공적으로 블록 8개를 채웠습니다
[J] [16:17:09] [Render thread/INFO]: [System] [CHAT] 성공적으로 블록 3개를 채웠습니다
[J] [16:17:09] [Render thread/INFO]: [System] [CHAT] -2955, -53, 3018에 있는 블록을 바꿨습니다
[J] [16:17:09] [Render thread/INFO]: [System] [CHAT] -2955, -52, 3018에 있는 블록을 바꿨습니다
[J] [16:17:09] [Render thread/INFO]: [System] [CHAT] 성공적으로 블록 2개를 채웠습니다
[J] [16:17:09] [Render thread/INFO]: [System] [CHAT] 성공적으로 블록 4개를 채웠습니다
[J] [16:17:09] [Render thread/INFO]: [System] [CHAT] 성공적으로 블록 5개를 채웠습니다
[J] [16:17:09] [Render thread/INFO]: [System] [CHAT] -2955, -51, 3019에 있는 블록을 바꿨습니다
[J] [16:17:09] [Render thread/INFO]: [System] [CHAT] 성공적으로 블록 10개를 채웠습니다
[J] [16:17:09] [Render thread/INFO]: [System] [CHAT] -2955, -38, 3019에 있는 블록을 바꿨습니다
[J] [16:17:09] [Render thread/INFO]: [System] [CHAT] 성공적으로 블록 3개를 채웠습니다
[J] [16:17:09] [Render thread/INFO]: [System] [CHAT] -2955, -32, 3019에 있는 블록을 바꿨습니다
[J] [16:17:09] [Render thread/INFO]: [System] [CHAT] 성공적으로 블록 2개를 채웠습니다
[J] [16:17:09] [Render thread/INFO]: [System] [CHAT] -2955, -52, 3020에 있는 블록을 바꿨습니다
[J] [16:17:09] [Render thread/INFO]: [System] [CHAT] 성공적으로 블록 10개를 채웠습니다
[J] [16:17:09] [Render thread/INFO]: [System] [CHAT] -2955, -40, 3020에 있는 블록을 바꿨습니다
[J] [16:17:09] [Render thread/INFO]: [System] [CHAT] -2955, -39, 3020에 있는 블록을 바꿨습니다
[J] [16:17:09] [Render thread/INFO]: [System] [CHAT] -2955, -33, 3020에 있는 블록을 바꿨습니다
[J] [16:17:09] [Render thread/INFO]: [System] [CHAT] -2955, -29, 3020에 있는 블록을 바꿨습니다
[J] [16:17:09] [Render thread/INFO]: [System] [CHAT] -2955, -52, 3021에 있는 블록을 바꿨습니다
[J] [16:17:09] [Render thread/INFO]: [System] [CHAT] -2955, -51, 3021에 있는 블록을 바꿨습니다
[J] [16:17:09] [Render thread/INFO]: [System] [CHAT] -2955, -50, 3021에 있는 블록을 바꿨습니다
[J] [16:17:09] [Render thread/INFO]: [System] [CHAT] -2955, -29, 3021에 있는 블록을 바꿨습니다
[J] [16:17:09] [Render thread/INFO]: [System] [CHAT] 성공적으로 블록 2개를 채웠습니다
[J] [16:17:09] [Render thread/INFO]: [System] [CHAT] -2955, -26, 3021에 있는 블록을 바꿨습니다
[J] [16:17:09] [Render thread/INFO]: [System] [CHAT] 성공적으로 블록 2개를 채웠습니다 [2]
[J] [16:17:09] [Render thread/INFO]: [System] [CHAT] -2955, -28, 3022에 있는 블록을 바꿨습니다
[J] [16:17:09] [Render thread/INFO]: [System] [CHAT] -2955, -27, 3022에 있는 블록을 바꿨습니다
[J] [16:17:09] [Render thread/INFO]: [System] [CHAT] -2955, -26, 3022에 있는 블록을 바꿨습니다
[J] [16:17:09] [Render thread/INFO]: [System] [CHAT] 성공적으로 블록 3개를 채웠습니다
[J] [16:17:09] [Render thread/INFO]: [System] [CHAT] 성공적으로 블록 2개를 채웠습니다 [3]
[J] [16:17:09] [Render thread/INFO]: [System] [CHAT] -2954, -51, 3008에 있는 블록을 바꿨습니다
[J] [16:17:09] [Render thread/INFO]: [System] [CHAT] 성공적으로 블록 11개를 채웠습니다
[J] [16:17:09] [Render thread/INFO]: [System] [CHAT] 성공적으로 블록 6개를 채웠습니다
[J] [16:17:09] [Render thread/INFO]: [System] [CHAT] 성공적으로 블록 2개를 채웠습니다 [4]
[J] [16:17:09] [Render thread/INFO]: [System] [CHAT] -2954, -13, 3008에 있는 블록을 바꿨습니다
[J] [16:17:09] [Render thread/INFO]: [System] [CHAT] -2954, -53, 3009에 있는 블록을 바꿨습니다
[J] [16:17:09] [Render thread/INFO]: [System] [CHAT] 성공적으로 블록 3개를 채웠습니다
[J] [16:17:09] [Render thread/INFO]: [System] [CHAT] 성공적으로 블록 2개를 채웠습니다 [5]
[J] [16:17:09] [Render thread/INFO]: [System] [CHAT] -2954, -14, 3009에 있는 블록을 바꿨습니다
[J] [16:17:09] [Render thread/INFO]: [System] [CHAT] -2954, -51, 3010에 있는 블록을 바꿨습니다
[J] [16:17:09] [Render thread/INFO]: [System] [CHAT] -2954, -20, 3010에 있는 블록을 바꿨습니다
[J] [16:17:09] [Render thread/INFO]: [System] [CHAT] -2954, -19, 3010에 있는 블록을 바꿨습니다
[J] [16:17:09] [Render thread/INFO]: [System] [CHAT] 성공적으로 블록 2개를 채웠습니다 [6]
[J] [16:17:09] [Render thread/INFO]: [System] [CHAT] -2954, -15, 3010에 있는 블록을 바꿨습니다
[J] [16:17:09] [Render thread/INFO]: [System] [CHAT] 성공적으로 블록 4개를 채웠습니다
[J] [16:17:09] [Render thread/INFO]: [System] [CHAT] 성공적으로 블록 3개를 채웠습니다
[J] [16:17:09] [Render thread/INFO]: [System] [CHAT] -2954, -16, 3011에 있는 블록을 바꿨습니다
[J] [16:17:09] [Render thread/INFO]: [System] [CHAT] -2954, -52, 3012에 있는 블록을 바꿨습니다
[J] [16:17:09] [Render thread/INFO]: [System] [CHAT] -2954, -51, 3012에 있는 블록을 바꿨습니다
[J] [16:17:09] [Render thread/INFO]: [System] [CHAT] -2954, -20, 3012에 있는 블록을 바꿨습니다
[J] [16:17:09] [Render thread/INFO]: [System] [CHAT] -2954, -19, 3012에 있는 블록을 바꿨습니다
[J] [16:17:09] [Render thread/INFO]: [System] [CHAT] 성공적으로 블록 2개를 채웠습니다
[J] [16:17:09] [Render thread/INFO]: [System] [CHAT] -2954, -53, 3014에 있는 블록을 바꿨습니다
[J] [16:17:09] [Render thread/INFO]: [System] [CHAT] -2954, -52, 3014에 있는 블록을 바꿨습니다
[J] [16:17:09] [Render thread/INFO]: [System] [CHAT] -2954, -51, 3014에 있는 블록을 바꿨습니다
[J] [16:17:09] [Render thread/INFO]: [System] [CHAT] -2954, -40, 3014에 있는 블록을 바꿨습니다
[J] [16:17:09] [Render thread/INFO]: [System] [CHAT] -2954, -39, 3014에 있는 블록을 바꿨습니다
[J] [16:17:09] [Render thread/INFO]: [System] [CHAT] -2954, -30, 3014에 있는 블록을 바꿨습니다
[J] [16:17:09] [Render thread/INFO]: [System] [CHAT] -2954, -29, 3014에 있는 블록을 바꿨습니다
[J] [16:17:09] [Render thread/INFO]: [System] [CHAT] -2954, -28, 3014에 있는 블록을 바꿨습니다
[J] [16:17:09] [Render thread/INFO]: [System] [CHAT] -2954, -27, 3014에 있는 블록을 바꿨습니다
[J] [16:17:09] [Render thread/INFO]: [System] [CHAT] -2954, -52, 3015에 있는 블록을 바꿨습니다
[J] [16:17:09] [Render thread/INFO]: [System] [CHAT] 성공적으로 블록 2개를 채웠습니다
[J] [16:17:09] [Render thread/INFO]: [System] [CHAT] -2954, -39, 3015에 있는 블록을 바꿨습니다
[J] [16:17:09] [Render thread/INFO]: [System] [CHAT] 성공적으로 블록 9개를 채웠습니다
[J] [16:17:09] [Render thread/INFO]: [System] [CHAT] 성공적으로 블록 6개를 채웠습니다
[J] [16:17:09] [Render thread/INFO]: [System] [CHAT] -2954, -25, 3015에 있는 블록을 바꿨습니다
[J] [16:17:09] [Render thread/INFO]: [System] [CHAT] -2954, -40, 3016에 있는 블록을 바꿨습니다
[J] [16:17:09] [Render thread/INFO]: [System] [CHAT] -2954, -39, 3016에 있는 블록을 바꿨습니다
[J] [16:17:09] [Render thread/INFO]: [System] [CHAT] 성공적으로 블록 4개를 채웠습니다
[J] [16:17:09] [Render thread/INFO]: [System] [CHAT] -2954, -37, 3016에 있는 블록을 바꿨습니다
[J] [16:17:09] [Render thread/INFO]: [System] [CHAT] -2954, -35, 3016에 있는 블록을 바꿨습니다
[J] [16:17:09] [Render thread/INFO]: [System] [CHAT] 성공적으로 블록 16개를 채웠습니다
[J] [16:17:09] [Render thread/INFO]: [System] [CHAT] 성공적으로 블록 2개를 채웠습니다
[J] [16:17:09] [Render thread/INFO]: [System] [CHAT] -2954, -52, 3017에 있는 블록을 바꿨습니다
[J] [16:17:09] [Render thread/INFO]: [System] [CHAT] 성공적으로 블록 2개를 채웠습니다 [2]
[J] [16:17:09] [Render thread/INFO]: [System] [CHAT] 성공적으로 블록 2개를 채웠습니다 [3]
[J] [16:17:09] [Render thread/INFO]: [System] [CHAT] 성공적으로 블록 2개를 채웠습니다 [4]
[J] [16:17:09] [Render thread/INFO]: [System] [CHAT] -2954, -53, 3018에 있는 블록을 바꿨습니다
[J] [16:17:09] [Render thread/INFO]: [System] [CHAT] -2954, -52, 3018에 있는 블록을 바꿨습니다
[J] [16:17:09] [Render thread/INFO]: [System] [CHAT] 성공적으로 블록 2개를 채웠습니다 [5]
[J] [16:17:09] [Render thread/INFO]: [System] [CHAT] -2954, -51, 3019에 있는 블록을 바꿨습니다
[J] [16:17:09] [Render thread/INFO]: [System] [CHAT] 성공적으로 블록 10개를 채웠습니다
[J] [16:17:09] [Render thread/INFO]: [System] [CHAT] -2954, -40, 3019에 있는 블록을 바꿨습니다
[J] [16:17:09] [Render thread/INFO]: [System] [CHAT] -2954, -39, 3019에 있는 블록을 바꿨습니다
[J] [16:17:09] [Render thread/INFO]: [System] [CHAT] -2954, -37, 3019에 있는 블록을 바꿨습니다
[J] [16:17:09] [Render thread/INFO]: [System] [CHAT] -2954, -35, 3019에 있는 블록을 바꿨습니다
[J] [16:17:09] [Render thread/INFO]: [System] [CHAT] -2954, -30, 3019에 있는 블록을 바꿨습니다
[J] [16:17:09] [Render thread/INFO]: [System] [CHAT] -2954, -53, 3020에 있는 블록을 바꿨습니다
[J] [16:17:09] [Render thread/INFO]: [System] [CHAT] -2954, -52, 3020에 있는 블록을 바꿨습니다
[J] [16:17:09] [Render thread/INFO]: [System] [CHAT] -2954, -51, 3020에 있는 블록을 바꿨습니다
[J] [16:17:09] [Render thread/INFO]: [System] [CHAT] 성공적으로 블록 10개를 채웠습니다
[J] [16:17:09] [Render thread/INFO]: [System] [CHAT] -2954, -40, 3020에 있는 블록을 바꿨습니다
[J] [16:17:09] [Render thread/INFO]: [System] [CHAT] -2954, -39, 3020에 있는 블록을 바꿨습니다
[J] [16:17:09] [Render thread/INFO]: [System] [CHAT] 성공적으로 블록 9개를 채웠습니다
[J] [16:17:09] [Render thread/INFO]: [System] [CHAT] -2954, -53, 3021에 있는 블록을 바꿨습니다
[J] [16:17:09] [Render thread/INFO]: [System] [CHAT] -2954, -52, 3021에 있는 블록을 바꿨습니다
[J] [16:17:09] [Render thread/INFO]: [System] [CHAT] -2954, -51, 3021에 있는 블록을 바꿨습니다
[J] [16:17:09] [Render thread/INFO]: [System] [CHAT] -2954, -40, 3021에 있는 블록을 바꿨습니다
[J] [16:17:09] [Render thread/INFO]: [System] [CHAT] -2954, -39, 3021에 있는 블록을 바꿨습니다
[J] [16:17:09] [Render thread/INFO]: [System] [CHAT] -2954, -31, 3021에 있는 블록을 바꿨습니다
[J] [16:17:09] [Render thread/INFO]: [System] [CHAT] -2954, -30, 3021에 있는 블록을 바꿨습니다
[J] [16:17:09] [Render thread/INFO]: [System] [CHAT] -2954, -29, 3021에 있는 블록을 바꿨습니다
[J] [16:17:09] [Render thread/INFO]: [System] [CHAT] -2954, -28, 3021에 있는 블록을 바꿨습니다
[J] [16:17:09] [Render thread/INFO]: [System] [CHAT] -2954, -27, 3021에 있는 블록을 바꿨습니다
[J] [16:17:09] [Render thread/INFO]: [System] [CHAT] 성공적으로 블록 2개를 채웠습니다
[J] [16:17:09] [Render thread/INFO]: [System] [CHAT] 성공적으로 블록 3개를 채웠습니다
[J] [16:17:09] [Render thread/INFO]: [System] [CHAT] 성공적으로 블록 4개를 채웠습니다
[J] [16:17:09] [Render thread/INFO]: [System] [CHAT] 성공적으로 블록 2개를 채웠습니다 [2]
[J] [16:17:09] [Render thread/INFO]: [System] [CHAT] -2953, -16, 3008에 있는 블록을 바꿨습니다
[J] [16:17:09] [Render thread/INFO]: [System] [CHAT] -2953, -15, 3008에 있는 블록을 바꿨습니다
[J] [16:17:09] [Render thread/INFO]: [System] [CHAT] -2953, -14, 3008에 있는 블록을 바꿨습니다
[J] [16:17:09] [Render thread/INFO]: [System] [CHAT] -2953, -13, 3008에 있는 블록을 바꿨습니다
[J] [16:17:09] [Render thread/INFO]: [System] [CHAT] 성공적으로 블록 2개를 채웠습니다 [3]
[J] [16:17:09] [Render thread/INFO]: [System] [CHAT] 성공적으로 블록 2개를 채웠습니다 [4]
[J] [16:17:09] [Render thread/INFO]: [System] [CHAT] 성공적으로 블록 4개를 채웠습니다
[J] [16:17:09] [Render thread/INFO]: [System] [CHAT] 성공적으로 블록 2개를 채웠습니다 [5]
[J] [16:17:09] [Render thread/INFO]: [System] [CHAT] 성공적으로 블록 2개를 채웠습니다 [6]
[J] [16:17:10] [Render thread/INFO]: [System] [CHAT] -2953, -32, 3014에 있는 블록을 바꿨습니다
[J] [16:17:10] [Render thread/INFO]: [System] [CHAT] -2953, -31, 3014에 있는 블록을 바꿨습니다
[J] [16:17:10] [Render thread/INFO]: [System] [CHAT] -2953, -30, 3014에 있는 블록을 바꿨습니다
[J] [16:17:10] [Render thread/INFO]: [System] [CHAT] 성공적으로 블록 4개를 채웠습니다 [2]
[J] [16:17:10] [Render thread/INFO]: [System] [CHAT] -2953, -40, 3015에 있는 블록을 바꿨습니다
[J] [16:17:10] [Render thread/INFO]: [System] [CHAT] -2953, -39, 3015에 있는 블록을 바꿨습니다
[J] [16:17:10] [Render thread/INFO]: [System] [CHAT] -2953, -32, 3015에 있는 블록을 바꿨습니다
[J] [16:17:10] [Render thread/INFO]: [System] [CHAT] 성공적으로 블록 6개를 채웠습니다
[J] [16:17:10] [Render thread/INFO]: [System] [CHAT] -2953, -30, 3015에 있는 블록을 바꿨습니다
[J] [16:17:10] [Render thread/INFO]: [System] [CHAT] -2953, -53, 3016에 있는 블록을 바꿨습니다
[J] [16:17:10] [Render thread/INFO]: [System] [CHAT] 성공적으로 블록 4개를 채웠습니다
[J] [16:17:10] [Render thread/INFO]: [System] [CHAT] 성공적으로 블록 2개를 채웠습니다
[J] [16:17:10] [Render thread/INFO]: [System] [CHAT] 성공적으로 블록 2개를 채웠습니다 [2]
[J] [16:17:10] [Render thread/INFO]: [System] [CHAT] 성공적으로 블록 2개를 채웠습니다 [3]
[J] [16:17:10] [Render thread/INFO]: [System] [CHAT] 성공적으로 블록 2개를 채웠습니다 [4]
[J] [16:17:10] [Render thread/INFO]: [System] [CHAT] 성공적으로 블록 4개를 채웠습니다 [2]
[J] [16:17:10] [Render thread/INFO]: [System] [CHAT] 성공적으로 블록 2개를 채웠습니다 [5]
[J] [16:17:10] [Render thread/INFO]: [System] [CHAT] -2953, -40, 3020에 있는 블록을 바꿨습니다
[J] [16:17:10] [Render thread/INFO]: [System] [CHAT] -2953, -39, 3020에 있는 블록을 바꿨습니다
[J] [16:17:10] [Render thread/INFO]: [System] [CHAT] -2953, -32, 3020에 있는 블록을 바꿨습니다
[J] [16:17:10] [Render thread/INFO]: [System] [CHAT] -2953, -30, 3020에 있는 블록을 바꿨습니다
[J] [16:17:10] [Render thread/INFO]: [System] [CHAT] -2953, -51, 3021에 있는 블록을 바꿨습니다
[J] [16:17:10] [Render thread/INFO]: [System] [CHAT] -2953, -32, 3021에 있는 블록을 바꿨습니다
[J] [16:17:10] [Render thread/INFO]: [System] [CHAT] -2953, -31, 3021에 있는 블록을 바꿨습니다
[J] [16:17:10] [Render thread/INFO]: [System] [CHAT] -2953, -30, 3021에 있는 블록을 바꿨습니다
[J] [16:17:10] [Render thread/INFO]: [System] [CHAT] 성공적으로 블록 2개를 채웠습니다
[J] [16:17:10] [Render thread/INFO]: [System] [CHAT] 성공적으로 블록 2개를 채웠습니다 [2]
[J] [16:17:10] [Render thread/INFO]: [System] [CHAT] 성공적으로 블록 2개를 채웠습니다 [3]
[J] [16:17:10] [Render thread/INFO]: [System] [CHAT] -2952, -53, 3013에 있는 블록을 바꿨습니다
[J] [16:17:10] [Render thread/INFO]: [System] [CHAT] 성공적으로 블록 2개를 채웠습니다 [4]
[J] [16:17:10] [Render thread/INFO]: [System] [CHAT] 성공적으로 블록 2개를 채웠습니다 [5]
[J] [16:17:10] [Render thread/INFO]: [System] [CHAT] -2952, -53, 3015에 있는 블록을 바꿨습니다
[J] [16:17:10] [Render thread/INFO]: [System] [CHAT] 성공적으로 블록 2개를 채웠습니다 [6]
[J] [16:17:10] [Render thread/INFO]: [System] [CHAT] 성공적으로 블록 2개를 채웠습니다 [7]
[J] [16:17:10] [Render thread/INFO]: [System] [CHAT] 성공적으로 블록 2개를 채웠습니다 [8]
[J] [16:17:10] [Render thread/INFO]: [System] [CHAT] 성공적으로 블록 2개를 채웠습니다 [9]
[J] [16:17:10] [Render thread/INFO]: [System] [CHAT] -2952, -53, 3022에 있는 블록을 바꿨습니다
[J] [16:17:10] [Render thread/INFO]: [System] [CHAT] 성공적으로 블록 2개를 채웠습니다 [10]
[J] [16:17:10] [Render thread/INFO]: [System] [CHAT] 성공적으로 블록 2개를 채웠습니다 [11]
[J] [16:17:10] [Render thread/INFO]: [System] [CHAT] 성공적으로 블록 2개를 채웠습니다 [12]
[J] [16:17:10] [Render thread/INFO]: [System] [CHAT] 성공적으로 블록 2개를 채웠습니다 [13]
[J] [16:17:10] [Render thread/INFO]: [System] [CHAT] -2951, -52, 3010에 있는 블록을 바꿨습니다
[J] [16:17:10] [Render thread/INFO]: [System] [CHAT] -2951, -52, 3011에 있는 블록을 바꿨습니다
[J] [16:17:10] [Render thread/INFO]: [System] [CHAT] 성공적으로 블록 2개를 채웠습니다 [14]
[J] [16:17:10] [Render thread/INFO]: [System] [CHAT] -2951, -53, 3013에 있는 블록을 바꿨습니다
[J] [16:17:10] [Render thread/INFO]: [System] [CHAT] -2951, -52, 3013에 있는 블록을 바꿨습니다
[J] [16:17:10] [Render thread/INFO]: [System] [CHAT] -2951, -52, 3014에 있는 블록을 바꿨습니다
[J] [16:17:10] [Render thread/INFO]: [System] [CHAT] 성공적으로 블록 4개를 채웠습니다
[J] [16:17:10] [Render thread/INFO]: [System] [CHAT] 성공적으로 블록 2개를 채웠습니다 [15]
[J] [16:17:10] [Render thread/INFO]: [System] [CHAT] 성공적으로 블록 2개를 채웠습니다 [16]
[J] [16:17:10] [Render thread/INFO]: [System] [CHAT] -2951, -52, 3017에 있는 블록을 바꿨습니다
[J] [16:17:10] [Render thread/INFO]: [System] [CHAT] 성공적으로 블록 2개를 채웠습니다 [17]
[J] [16:17:10] [Render thread/INFO]: [System] [CHAT] -2951, -52, 3018에 있는 블록을 바꿨습니다
[J] [16:17:10] [Render thread/INFO]: [System] [CHAT] -2951, -53, 3020에 있는 블록을 바꿨습니다
[J] [16:17:10] [Render thread/INFO]: [System] [CHAT] -2951, -52, 3020에 있는 블록을 바꿨습니다
[J] [16:17:10] [Render thread/INFO]: [System] [CHAT] 성공적으로 블록 4개를 채웠습니다
[J] [16:17:10] [Render thread/INFO]: [System] [CHAT] 성공적으로 블록 2개를 채웠습니다 [18]
[J] [16:17:10] [Render thread/INFO]: [System] [CHAT] -2950, -53, 3008에 있는 블록을 바꿨습니다
[J] [16:17:10] [Render thread/INFO]: [System] [CHAT] 성공적으로 블록 2개를 채웠습니다 [19]
[J] [16:17:10] [Render thread/INFO]: [System] [CHAT] -2950, -53, 3010에 있는 블록을 바꿨습니다
[J] [16:17:10] [Render thread/INFO]: [System] [CHAT] -2950, -52, 3010에 있는 블록을 바꿨습니다
[J] [16:17:10] [Render thread/INFO]: [System] [CHAT] 성공적으로 블록 2개를 채웠습니다 [20]
[J] [16:17:10] [Render thread/INFO]: [System] [CHAT] -2950, -52, 3011에 있는 블록을 바꿨습니다
[J] [16:17:10] [Render thread/INFO]: [System] [CHAT] -2950, -53, 3013에 있는 블록을 바꿨습니다
[J] [16:17:10] [Render thread/INFO]: [System] [CHAT] -2950, -52, 3013에 있는 블록을 바꿨습니다
[J] [16:17:10] [Render thread/INFO]: [System] [CHAT] -2950, -53, 3014에 있는 블록을 바꿨습니다
[J] [16:17:10] [Render thread/INFO]: [System] [CHAT] -2950, -52, 3014에 있는 블록을 바꿨습니다
[J] [16:17:10] [Render thread/INFO]: [System] [CHAT] 성공적으로 블록 2개를 채웠습니다
[J] [16:17:10] [Render thread/INFO]: [System] [CHAT] 성공적으로 블록 2개를 채웠습니다 [2]
[J] [16:17:10] [Render thread/INFO]: [System] [CHAT] -2950, -52, 3017에 있는 블록을 바꿨습니다
[J] [16:17:10] [Render thread/INFO]: [System] [CHAT] -2950, -52, 3018에 있는 블록을 바꿨습니다
[J] [16:17:10] [Render thread/INFO]: [System] [CHAT] 성공적으로 블록 2개를 채웠습니다 [3]
[J] [16:17:10] [Render thread/INFO]: [System] [CHAT] 성공적으로 블록 2개를 채웠습니다 [4]
[J] [16:17:10] [Render thread/INFO]: [System] [CHAT] 성공적으로 블록 3개를 채웠습니다
[J] [16:17:10] [Render thread/INFO]: [System] [CHAT] 성공적으로 블록 3개를 채웠습니다 [2]
[J] [16:17:10] [Render thread/INFO]: [System] [CHAT] -2949, -53, 3008에 있는 블록을 바꿨습니다
[J] [16:17:10] [Render thread/INFO]: [System] [CHAT] 성공적으로 블록 4개를 채웠습니다
[J] [16:17:10] [Render thread/INFO]: [System] [CHAT] -2949, -53, 3010에 있는 블록을 바꿨습니다
[J] [16:17:10] [Render thread/INFO]: [System] [CHAT] 성공적으로 블록 2개를 채웠습니다 [5]
[J] [16:17:10] [Render thread/INFO]: [System] [CHAT] -2949, -52, 3012에 있는 블록을 바꿨습니다
[J] [16:17:10] [Render thread/INFO]: [System] [CHAT] 성공적으로 블록 4개를 채웠습니다 [2]
[J] [16:17:10] [Render thread/INFO]: [System] [CHAT] 성공적으로 블록 2개를 채웠습니다 [6]
[J] [16:17:10] [Render thread/INFO]: [System] [CHAT] 성공적으로 블록 2개를 채웠습니다 [7]
[J] [16:17:10] [Render thread/INFO]: [System] [CHAT] 성공적으로 블록 2개를 채웠습니다 [8]
[J] [16:17:10] [Render thread/INFO]: [System] [CHAT] 성공적으로 블록 2개를 채웠습니다 [9]
[J] [16:17:10] [Render thread/INFO]: [System] [CHAT] 성공적으로 블록 2개를 채웠습니다 [10]
[J] [16:17:10] [Render thread/INFO]: [System] [CHAT] -2949, -53, 3021에 있는 블록을 바꿨습니다
[J] [16:17:10] [Render thread/INFO]: [System] [CHAT] 성공적으로 블록 3개를 채웠습니다
[J] [16:17:10] [Render thread/INFO]: [System] [CHAT] 성공적으로 블록 3개를 채웠습니다 [2]
[J] [16:17:10] [Render thread/INFO]: [System] [CHAT] -2948, -53, 3008에 있는 블록을 바꿨습니다
[J] [16:17:10] [Render thread/INFO]: [System] [CHAT] 성공적으로 블록 2개를 채웠습니다 [11]
[J] [16:17:10] [Render thread/INFO]: [System] [CHAT] 성공적으로 블록 2개를 채웠습니다 [12]
[J] [16:17:10] [Render thread/INFO]: [System] [CHAT] 성공적으로 블록 2개를 채웠습니다 [13]
[J] [16:17:10] [Render thread/INFO]: [System] [CHAT] -2948, -53, 3010에 있는 블록을 바꿨습니다
[J] [16:17:10] [Render thread/INFO]: [System] [CHAT] -2948, -52, 3010에 있는 블록을 바꿨습니다
[J] [16:17:10] [Render thread/INFO]: [System] [CHAT] 성공적으로 블록 2개를 채웠습니다 [14]
[J] [16:17:10] [Render thread/INFO]: [System] [CHAT] -2948, -52, 3011에 있는 블록을 바꿨습니다
[J] [16:17:10] [Render thread/INFO]: [System] [CHAT] 성공적으로 블록 3개를 채웠습니다
[J] [16:17:10] [Render thread/INFO]: [System] [CHAT] 성공적으로 블록 2개를 채웠습니다 [15]
[J] [16:17:10] [Render thread/INFO]: [System] [CHAT] -2948, -52, 3013에 있는 블록을 바꿨습니다
[J] [16:17:10] [Render thread/INFO]: [System] [CHAT] -2948, -52, 3014에 있는 블록을 바꿨습니다
[J] [16:17:10] [Render thread/INFO]: [System] [CHAT] -2948, -52, 3015에 있는 블록을 바꿨습니다
[J] [16:17:10] [Render thread/INFO]: [System] [CHAT] 성공적으로 블록 2개를 채웠습니다 [16]
[J] [16:17:10] [Render thread/INFO]: [System] [CHAT] 성공적으로 블록 2개를 채웠습니다 [17]
[J] [16:17:10] [Render thread/INFO]: [System] [CHAT] 성공적으로 블록 2개를 채웠습니다 [18]
[J] [16:17:10] [Render thread/INFO]: [System] [CHAT] -2948, -53, 3019에 있는 블록을 바꿨습니다
[J] [16:17:10] [Render thread/INFO]: [System] [CHAT] -2948, -53, 3020에 있는 블록을 바꿨습니다
[J] [16:17:10] [Render thread/INFO]: [System] [CHAT] -2948, -53, 3021에 있는 블록을 바꿨습니다
[J] [16:17:10] [Render thread/INFO]: [System] [CHAT] 성공적으로 블록 2개를 채웠습니다 [19]
[J] [16:17:10] [Render thread/INFO]: [System] [CHAT] 성공적으로 블록 2개를 채웠습니다 [20]
[J] [16:17:10] [Render thread/INFO]: [System] [CHAT] -2947, -52, 3010에 있는 블록을 바꿨습니다
[J] [16:17:10] [Render thread/INFO]: [System] [CHAT] -2947, -53, 3011에 있는 블록을 바꿨습니다
[J] [16:17:10] [Render thread/INFO]: [System] [CHAT] -2947, -52, 3011에 있는 블록을 바꿨습니다
[J] [16:17:10] [Render thread/INFO]: [System] [CHAT] 성공적으로 블록 2개를 채웠습니다 [21]
[J] [16:17:10] [Render thread/INFO]: [System] [CHAT] -2947, -52, 3013에 있는 블록을 바꿨습니다
[J] [16:17:10] [Render thread/INFO]: [System] [CHAT] 성공적으로 블록 2개를 채웠습니다 [22]
[J] [16:17:10] [Render thread/INFO]: [System] [CHAT] 성공적으로 블록 2개를 채웠습니다 [23]
[J] [16:17:10] [Render thread/INFO]: [System] [CHAT] 성공적으로 블록 3개를 채웠습니다
[J] [16:17:10] [Render thread/INFO]: [System] [CHAT] -2947, -52, 3016에 있는 블록을 바꿨습니다
[J] [16:17:10] [Render thread/INFO]: [System] [CHAT] -2947, -53, 3017에 있는 블록을 바꿨습니다
[J] [16:17:10] [Render thread/INFO]: [System] [CHAT] -2947, -53, 3018에 있는 블록을 바꿨습니다
[J] [16:17:10] [Render thread/INFO]: [System] [CHAT] -2947, -53, 3019에 있는 블록을 바꿨습니다
[J] [16:17:10] [Render thread/INFO]: [System] [CHAT] -2947, -53, 3020에 있는 블록을 바꿨습니다
[J] [16:17:10] [Render thread/INFO]: [System] [CHAT] -2947, -53, 3021에 있는 블록을 바꿨습니다
[J] [16:17:10] [Render thread/INFO]: [System] [CHAT] 성공적으로 블록 4개를 채웠습니다
[J] [16:17:10] [Render thread/INFO]: [System] [CHAT] -2946, -53, 3009에 있는 블록을 바꿨습니다
[J] [16:17:10] [Render thread/INFO]: [System] [CHAT] 성공적으로 블록 2개를 채웠습니다
[J] [16:17:10] [Render thread/INFO]: [System] [CHAT] -2946, -53, 3011에 있는 블록을 바꿨습니다
[J] [16:17:10] [Render thread/INFO]: [System] [CHAT] 성공적으로 블록 2개를 채웠습니다 [2]
[J] [16:17:10] [Render thread/INFO]: [System] [CHAT] -2946, -53, 3014에 있는 블록을 바꿨습니다
[J] [16:17:10] [Render thread/INFO]: [System] [CHAT] 성공적으로 블록 2개를 채웠습니다 [3]
[J] [16:17:10] [Render thread/INFO]: [System] [CHAT] 성공적으로 블록 2개를 채웠습니다 [4]
[J] [16:17:10] [Render thread/INFO]: [System] [CHAT] 성공적으로 블록 5개를 채웠습니다
[J] [16:17:10] [Render thread/INFO]: [System] [CHAT] 성공적으로 블록 4개를 채웠습니다
[J] [16:17:10] [Render thread/INFO]: [System] [CHAT] -2945, -53, 3008에 있는 블록을 바꿨습니다
[J] [16:17:10] [Render thread/INFO]: [System] [CHAT] 성공적으로 블록 2개를 채웠습니다 [5]
[J] [16:17:10] [Render thread/INFO]: [System] [CHAT] 성공적으로 블록 2개를 채웠습니다 [6]
[J] [16:17:10] [Render thread/INFO]: [System] [CHAT] -2945, -53, 3011에 있는 블록을 바꿨습니다
[J] [16:17:10] [Render thread/INFO]: [System] [CHAT] 성공적으로 블록 2개를 채웠습니다 [7]
[J] [16:17:10] [Render thread/INFO]: [System] [CHAT] -2945, -53, 3013에 있는 블록을 바꿨습니다
[J] [16:17:10] [Render thread/INFO]: [System] [CHAT] -2945, -52, 3013에 있는 블록을 바꿨습니다
[J] [16:17:10] [Render thread/INFO]: [System] [CHAT] -2945, -53, 3014에 있는 블록을 바꿨습니다
[J] [16:17:10] [Render thread/INFO]: [System] [CHAT] 성공적으로 블록 5개를 채웠습니다
[J] [16:17:10] [Render thread/INFO]: [System] [CHAT] 성공적으로 블록 64개를 채웠습니다
[J] [16:17:10] [Render thread/INFO]: [System] [CHAT] 성공적으로 블록 3개를 채웠습니다
[J] [16:17:10] [Render thread/INFO]: [System] [CHAT] 성공적으로 블록 3개를 채웠습니다 [2]
[J] [16:17:10] [Render thread/INFO]: [System] [CHAT] -2928, -53, 3010에 있는 블록을 바꿨습니다
[J] [16:17:10] [Render thread/INFO]: [System] [CHAT] -2928, -53, 3011에 있는 블록을 바꿨습니다
[J] [16:17:10] [Render thread/INFO]: [System] [CHAT] -2928, -53, 3012에 있는 블록을 바꿨습니다
[J] [16:17:10] [Render thread/INFO]: [System] [CHAT] 성공적으로 블록 3개를 채웠습니다 [3]
[J] [16:17:10] [Render thread/INFO]: [System] [CHAT] 성공적으로 블록 3개를 채웠습니다 [4]
[J] [16:17:10] [Render thread/INFO]: [System] [CHAT] -2928, -53, 3014에 있는 블록을 바꿨습니다
[J] [16:17:10] [Render thread/INFO]: [System] [CHAT] 성공적으로 블록 3개를 채웠습니다 [5]
[J] [16:17:10] [Render thread/INFO]: [System] [CHAT] 성공적으로 블록 3개를 채웠습니다 [6]
[J] [16:17:10] [Render thread/INFO]: [System] [CHAT] -2928, -53, 3015에 있는 블록을 바꿨습니다
[J] [16:17:10] [Render thread/INFO]: [System] [CHAT] -2928, -52, 3015에 있는 블록을 바꿨습니다
[J] [16:17:10] [Render thread/INFO]: [System] [CHAT] -2928, -53, 3016에 있는 블록을 바꿨습니다
[J] [16:17:10] [Render thread/INFO]: [System] [CHAT] -2928, -52, 3016에 있는 블록을 바꿨습니다
[J] [16:17:10] [Render thread/INFO]: [System] [CHAT] -2928, -53, 3017에 있는 블록을 바꿨습니다
[J] [16:17:10] [Render thread/INFO]: [System] [CHAT] -2928, -52, 3017에 있는 블록을 바꿨습니다
[J] [16:17:11] [Render thread/INFO]: [System] [CHAT] -2928, -51, 3017에 있는 블록을 바꿨습니다
[J] [16:17:11] [Render thread/INFO]: [System] [CHAT] -2928, -53, 3018에 있는 블록을 바꿨습니다
[J] [16:17:11] [Render thread/INFO]: [System] [CHAT] -2928, -52, 3018에 있는 블록을 바꿨습니다
[J] [16:17:11] [Render thread/INFO]: [System] [CHAT] 성공적으로 블록 2개를 채웠습니다
[J] [16:17:11] [Render thread/INFO]: [System] [CHAT] 성공적으로 블록 2개를 채웠습니다 [2]
[J] [16:17:11] [Render thread/INFO]: [System] [CHAT] 성공적으로 블록 2개를 채웠습니다 [3]
[J] [16:17:11] [Render thread/INFO]: [System] [CHAT] 성공적으로 블록 6개를 채웠습니다
[J] [16:17:11] [Render thread/INFO]: [System] [CHAT] 성공적으로 블록 2개를 채웠습니다 [4]
[J] [16:17:11] [Render thread/INFO]: [System] [CHAT] -2928, -52, 3022에 있는 블록을 바꿨습니다
[J] [16:17:11] [Render thread/INFO]: [System] [CHAT] 성공적으로 블록 2개를 채웠습니다 [5]
[J] [16:17:11] [Render thread/INFO]: [System] [CHAT] -2928, -52, 3023에 있는 블록을 바꿨습니다
[J] [16:17:11] [Render thread/INFO]: [System] [CHAT] -2927, -53, 3010에 있는 블록을 바꿨습니다
[J] [16:17:11] [Render thread/INFO]: [System] [CHAT] -2927, -53, 3011에 있는 블록을 바꿨습니다
[J] [16:17:11] [Render thread/INFO]: [System] [CHAT] -2927, -53, 3012에 있는 블록을 바꿨습니다
[J] [16:17:11] [Render thread/INFO]: [System] [CHAT] -2927, -53, 3014에 있는 블록을 바꿨습니다
[J] [16:17:11] [Render thread/INFO]: [System] [CHAT] -2927, -53, 3015에 있는 블록을 바꿨습니다
[J] [16:17:11] [Render thread/INFO]: [System] [CHAT] 성공적으로 블록 2개를 채웠습니다
[J] [16:17:11] [Render thread/INFO]: [System] [CHAT] -2927, -53, 3016에 있는 블록을 바꿨습니다
[J] [16:17:11] [Render thread/INFO]: [System] [CHAT] 성공적으로 블록 2개를 채웠습니다 [2]
[J] [16:17:11] [Render thread/INFO]: [System] [CHAT] 성공적으로 블록 2개를 채웠습니다 [3]
[J] [16:17:11] [Render thread/INFO]: [System] [CHAT] -2927, -53, 3018에 있는 블록을 바꿨습니다
[J] [16:17:11] [Render thread/INFO]: [System] [CHAT] -2927, -52, 3018에 있는 블록을 바꿨습니다
[J] [16:17:11] [Render thread/INFO]: [System] [CHAT] -2927, -53, 3020에 있는 블록을 바꿨습니다
[J] [16:17:11] [Render thread/INFO]: [System] [CHAT] -2927, -53, 3021에 있는 블록을 바꿨습니다
[J] [16:17:11] [Render thread/INFO]: [System] [CHAT] 성공적으로 블록 2개를 채웠습니다 [4]
[J] [16:17:11] [Render thread/INFO]: [System] [CHAT] -2927, -52, 3023에 있는 블록을 바꿨습니다
[J] [16:17:11] [Render thread/INFO]: [System] [CHAT] -2927, -51, 3023에 있는 블록을 바꿨습니다
[J] [16:17:11] [Render thread/INFO]: [System] [CHAT] -2926, -53, 3010에 있는 블록을 바꿨습니다
[J] [16:17:11] [Render thread/INFO]: [System] [CHAT] -2926, -53, 3011에 있는 블록을 바꿨습니다
[J] [16:17:11] [Render thread/INFO]: [System] [CHAT] -2926, -53, 3012에 있는 블록을 바꿨습니다
[J] [16:17:11] [Render thread/INFO]: [System] [CHAT] -2926, -53, 3014에 있는 블록을 바꿨습니다
[J] [16:17:11] [Render thread/INFO]: [System] [CHAT] 성공적으로 블록 2개를 채웠습니다
[J] [16:17:11] [Render thread/INFO]: [System] [CHAT] -2926, -53, 3016에 있는 블록을 바꿨습니다
[J] [16:17:11] [Render thread/INFO]: [System] [CHAT] 성공적으로 블록 4개를 채웠습니다
[J] [16:17:11] [Render thread/INFO]: [System] [CHAT] 성공적으로 블록 4개를 채웠습니다 [2]
[J] [16:17:11] [Render thread/INFO]: [System] [CHAT] -2926, -53, 3018에 있는 블록을 바꿨습니다
[J] [16:17:11] [Render thread/INFO]: [System] [CHAT] 성공적으로 블록 2개를 채웠습니다 [2]
[J] [16:17:11] [Render thread/INFO]: [System] [CHAT] -2926, -53, 3019에 있는 블록을 바꿨습니다
[J] [16:17:11] [Render thread/INFO]: [System] [CHAT] -2926, -53, 3020에 있는 블록을 바꿨습니다
[J] [16:17:11] [Render thread/INFO]: [System] [CHAT] -2926, -53, 3021에 있는 블록을 바꿨습니다
[J] [16:17:11] [Render thread/INFO]: [System] [CHAT] -2926, -53, 3022에 있는 블록을 바꿨습니다
[J] [16:17:11] [Render thread/INFO]: [System] [CHAT] -2926, -51, 3022에 있는 블록을 바꿨습니다
[J] [16:17:11] [Render thread/INFO]: [System] [CHAT] -2926, -53, 3023에 있는 블록을 바꿨습니다
[J] [16:17:11] [Render thread/INFO]: [System] [CHAT] -2926, -52, 3023에 있는 블록을 바꿨습니다
[J] [16:17:11] [Render thread/INFO]: [System] [CHAT] -2926, -51, 3023에 있는 블록을 바꿨습니다
[J] [16:17:11] [Render thread/INFO]: [System] [CHAT] 성공적으로 블록 2개를 채웠습니다
[J] [16:17:11] [Render thread/INFO]: [System] [CHAT] 성공적으로 블록 2개를 채웠습니다 [2]
[J] [16:17:11] [Render thread/INFO]: [System] [CHAT] -2925, -53, 3012에 있는 블록을 바꿨습니다
[J] [16:17:11] [Render thread/INFO]: [System] [CHAT] -2925, -52, 3012에 있는 블록을 바꿨습니다
[J] [16:17:11] [Render thread/INFO]: [System] [CHAT] -2925, -53, 3013에 있는 블록을 바꿨습니다
[J] [16:17:11] [Render thread/INFO]: [System] [CHAT] -2925, -52, 3013에 있는 블록을 바꿨습니다
[J] [16:17:11] [Render thread/INFO]: [System] [CHAT] -2925, -51, 3013에 있는 블록을 바꿨습니다
[J] [16:17:11] [Render thread/INFO]: [System] [CHAT] -2925, -53, 3014에 있는 블록을 바꿨습니다
[J] [16:17:11] [Render thread/INFO]: [System] [CHAT] -2925, -52, 3014에 있는 블록을 바꿨습니다
[J] [16:17:11] [Render thread/INFO]: [System] [CHAT] -2925, -52, 3015에 있는 블록을 바꿨습니다
[J] [16:17:11] [Render thread/INFO]: [System] [CHAT] -2925, -53, 3016에 있는 블록을 바꿨습니다
[J] [16:17:11] [Render thread/INFO]: [System] [CHAT] -2925, -53, 3017에 있는 블록을 바꿨습니다
[J] [16:17:11] [Render thread/INFO]: [System] [CHAT] -2925, -53, 3018에 있는 블록을 바꿨습니다
[J] [16:17:11] [Render thread/INFO]: [System] [CHAT] 성공적으로 블록 2개를 채웠습니다
[J] [16:17:11] [Render thread/INFO]: [System] [CHAT] 성공적으로 블록 2개를 채웠습니다 [2]
[J] [16:17:11] [Render thread/INFO]: [System] [CHAT] -2925, -53, 3019에 있는 블록을 바꿨습니다
[J] [16:17:11] [Render thread/INFO]: [System] [CHAT] 성공적으로 블록 3개를 채웠습니다
[J] [16:17:11] [Render thread/INFO]: [System] [CHAT] 성공적으로 블록 2개를 채웠습니다 [3]
[J] [16:17:11] [Render thread/INFO]: [System] [CHAT] -2925, -52, 3022에 있는 블록을 바꿨습니다
[J] [16:17:11] [Render thread/INFO]: [System] [CHAT] -2925, -53, 3023에 있는 블록을 바꿨습니다
[J] [16:17:11] [Render thread/INFO]: [System] [CHAT] -2925, -52, 3023에 있는 블록을 바꿨습니다
[J] [16:17:11] [Render thread/INFO]: [System] [CHAT] -2925, -51, 3023에 있는 블록을 바꿨습니다
[J] [16:17:11] [Render thread/INFO]: [System] [CHAT] 성공적으로 블록 256개를 채웠습니다
[J] [16:17:11] [Render thread/INFO]: [System] [CHAT] 성공적으로 블록 4개를 채웠습니다
[J] [16:17:11] [Render thread/INFO]: [System] [CHAT] -2944, -52, 2992에 있는 블록을 바꿨습니다
[J] [16:17:11] [Render thread/INFO]: [System] [CHAT] 성공적으로 블록 24개를 채웠습니다
[J] [16:17:11] [Render thread/INFO]: [System] [CHAT] 성공적으로 블록 36개를 채웠습니다
[J] [16:17:11] [Render thread/INFO]: [System] [CHAT] 성공적으로 블록 24개를 채웠습니다 [2]
[J] [16:17:11] [Render thread/INFO]: [System] [CHAT] 성공적으로 블록 72개를 채웠습니다
[J] [16:17:11] [Render thread/INFO]: [System] [CHAT] 성공적으로 블록 56개를 채웠습니다
[J] [16:17:11] [Render thread/INFO]: [System] [CHAT] -2944, -52, 2993에 있는 블록을 바꿨습니다
[J] [16:17:11] [Render thread/INFO]: [System] [CHAT] 성공적으로 블록 42개를 채웠습니다
[J] [16:17:11] [Render thread/INFO]: [System] [CHAT] 성공적으로 블록 4개를 채웠습니다
[J] [16:17:11] [Render thread/INFO]: [System] [CHAT] 성공적으로 블록 66개를 채웠습니다
[J] [16:17:11] [Render thread/INFO]: [System] [CHAT] 성공적으로 블록 24개를 채웠습니다
[J] [16:17:11] [Render thread/INFO]: [System] [CHAT] 성공적으로 블록 26개를 채웠습니다
[J] [16:17:11] [Render thread/INFO]: [System] [CHAT] 성공적으로 블록 2개를 채웠습니다
[J] [16:17:11] [Render thread/INFO]: [System] [CHAT] -2944, -52, 2995에 있는 블록을 바꿨습니다
[J] [16:17:11] [Render thread/INFO]: [System] [CHAT] 성공적으로 블록 6개를 채웠습니다
[J] [16:17:11] [Render thread/INFO]: [System] [CHAT] -2944, -21, 2995에 있는 블록을 바꿨습니다
[J] [16:17:11] [Render thread/INFO]: [System] [CHAT] 성공적으로 블록 12개를 채웠습니다
[J] [16:17:11] [Render thread/INFO]: [System] [CHAT] 성공적으로 블록 2개를 채웠습니다 [2]
[J] [16:17:11] [Render thread/INFO]: [System] [CHAT] -2944, -51, 2996에 있는 블록을 바꿨습니다
[J] [16:17:11] [Render thread/INFO]: [System] [CHAT] 성공적으로 블록 14개를 채웠습니다
[J] [16:17:11] [Render thread/INFO]: [System] [CHAT] 성공적으로 블록 96개를 채웠습니다
[J] [16:17:11] [Render thread/INFO]: [System] [CHAT] 성공적으로 블록 10개를 채웠습니다
[J] [16:17:11] [Render thread/INFO]: [System] [CHAT] 성공적으로 블록 108개를 채웠습니다
[J] [16:17:11] [Render thread/INFO]: [System] [CHAT] 성공적으로 블록 13개를 채웠습니다
[J] [16:17:11] [Render thread/INFO]: [System] [CHAT] 성공적으로 블록 3개를 채웠습니다
[J] [16:17:11] [Render thread/INFO]: [System] [CHAT] 성공적으로 블록 3개를 채웠습니다 [2]
[J] [16:17:11] [Render thread/INFO]: [System] [CHAT] -2944, -52, 2997에 있는 블록을 바꿨습니다
[J] [16:17:11] [Render thread/INFO]: [System] [CHAT] -2944, -51, 2997에 있는 블록을 바꿨습니다
[J] [16:17:11] [Render thread/INFO]: [System] [CHAT] 성공적으로 블록 12개를 채웠습니다
[J] [16:17:11] [Render thread/INFO]: [System] [CHAT] 성공적으로 블록 3개를 채웠습니다 [3]
[J] [16:17:11] [Render thread/INFO]: [System] [CHAT] 성공적으로 블록 3개를 채웠습니다 [4]
[J] [16:17:11] [Render thread/INFO]: [System] [CHAT] 성공적으로 블록 3개를 채웠습니다 [5]
[J] [16:17:11] [Render thread/INFO]: [System] [CHAT] 성공적으로 블록 2개를 채웠습니다
[J] [16:17:11] [Render thread/INFO]: [System] [CHAT] -2944, -53, 2998에 있는 블록을 바꿨습니다
[J] [16:17:11] [Render thread/INFO]: [System] [CHAT] 성공적으로 블록 2개를 채웠습니다 [2]
[J] [16:17:11] [Render thread/INFO]: [System] [CHAT] 성공적으로 블록 7개를 채웠습니다
[J] [16:17:11] [Render thread/INFO]: [System] [CHAT] 성공적으로 블록 8개를 채웠습니다
[J] [16:17:11] [Render thread/INFO]: [System] [CHAT] -2944, -49, 2998에 있는 블록을 바꿨습니다
[J] [16:17:11] [Render thread/INFO]: [System] [CHAT] 성공적으로 블록 6개를 채웠습니다
[J] [16:17:11] [Render thread/INFO]: [System] [CHAT] -2944, -42, 2998에 있는 블록을 바꿨습니다
[J] [16:17:11] [Render thread/INFO]: [System] [CHAT] -2944, -41, 2998에 있는 블록을 바꿨습니다
[J] [16:17:11] [Render thread/INFO]: [System] [CHAT] 성공적으로 블록 11개를 채웠습니다
[J] [16:17:11] [Render thread/INFO]: [System] [CHAT] 성공적으로 블록 84개를 채웠습니다
[J] [16:17:11] [Render thread/INFO]: [System] [CHAT] 성공적으로 블록 10개를 채웠습니다
[J] [16:17:11] [Render thread/INFO]: [System] [CHAT] -2944, -26, 2998에 있는 블록을 바꿨습니다
[J] [16:17:11] [Render thread/INFO]: [System] [CHAT] -2944, -24, 2998에 있는 블록을 바꿨습니다
[J] [16:17:11] [Render thread/INFO]: [System] [CHAT] 성공적으로 블록 3개를 채웠습니다
[J] [16:17:11] [Render thread/INFO]: [System] [CHAT] 성공적으로 블록 3개를 채웠습니다 [2]
[J] [16:17:11] [Render thread/INFO]: [System] [CHAT] 성공적으로 블록 3개를 채웠습니다 [3]
[J] [16:17:11] [Render thread/INFO]: [System] [CHAT] -2944, -52, 2999에 있는 블록을 바꿨습니다
[J] [16:17:11] [Render thread/INFO]: [System] [CHAT] 성공적으로 블록 7개를 채웠습니다
[J] [16:17:11] [Render thread/INFO]: [System] [CHAT] -2944, -50, 2999에 있는 블록을 바꿨습니다
[J] [16:17:11] [Render thread/INFO]: [System] [CHAT] 성공적으로 블록 10개를 채웠습니다
[J] [16:17:11] [Render thread/INFO]: [System] [CHAT] -2944, -39, 2999에 있는 블록을 바꿨습니다
[J] [16:17:11] [Render thread/INFO]: [System] [CHAT] 성공적으로 블록 10개를 채웠습니다 [2]
[J] [16:17:11] [Render thread/INFO]: [System] [CHAT] -2944, -28, 2999에 있는 블록을 바꿨습니다
[J] [16:17:11] [Render thread/INFO]: [System] [CHAT] 성공적으로 블록 2개를 채웠습니다
[J] [16:17:11] [Render thread/INFO]: [System] [CHAT] -2944, -53, 3000에 있는 블록을 바꿨습니다
[J] [16:17:11] [Render thread/INFO]: [System] [CHAT] 성공적으로 블록 2개를 채웠습니다 [2]
[J] [16:17:11] [Render thread/INFO]: [System] [CHAT] -2944, -51, 3000에 있는 블록을 바꿨습니다
[J] [16:17:11] [Render thread/INFO]: [System] [CHAT] 성공적으로 블록 9개를 채웠습니다
[J] [16:17:11] [Render thread/INFO]: [System] [CHAT] 성공적으로 블록 4개를 채웠습니다
[J] [16:17:11] [Render thread/INFO]: [System] [CHAT] -2944, -20, 3000에 있는 블록을 바꿨습니다
[J] [16:17:11] [Render thread/INFO]: [System] [CHAT] -2944, -19, 3000에 있는 블록을 바꿨습니다
[J] [16:17:11] [Render thread/INFO]: [System] [CHAT] 성공적으로 블록 2개를 채웠습니다
[J] [16:17:11] [Render thread/INFO]: [System] [CHAT] 성공적으로 블록 2개를 채웠습니다 [2]
[J] [16:17:11] [Render thread/INFO]: [System] [CHAT] -2944, -53, 3002에 있는 블록을 바꿨습니다
[J] [16:17:11] [Render thread/INFO]: [System] [CHAT] 성공적으로 블록 2개를 채웠습니다 [3]
[J] [16:17:11] [Render thread/INFO]: [System] [CHAT] 성공적으로 블록 2개를 채웠습니다 [4]
[J] [16:17:11] [Render thread/INFO]: [System] [CHAT] -2944, -52, 3003에 있는 블록을 바꿨습니다
[J] [16:17:11] [Render thread/INFO]: [System] [CHAT] 성공적으로 블록 4개를 채웠습니다
[J] [16:17:11] [Render thread/INFO]: [System] [CHAT] -2944, -52, 3004에 있는 블록을 바꿨습니다
[J] [16:17:11] [Render thread/INFO]: [System] [CHAT] -2944, -53, 3005에 있는 블록을 바꿨습니다
[J] [16:17:11] [Render thread/INFO]: [System] [CHAT] 성공적으로 블록 2개를 채웠습니다 [5]
[J] [16:17:11] [Render thread/INFO]: [System] [CHAT] 성공적으로 블록 2개를 채웠습니다 [6]
[J] [16:17:11] [Render thread/INFO]: [System] [CHAT] -2944, -52, 3006에 있는 블록을 바꿨습니다
[J] [16:17:11] [Render thread/INFO]: [System] [CHAT] -2944, -53, 3007에 있는 블록을 바꿨습니다
[J] [16:17:11] [Render thread/INFO]: [System] [CHAT] -2944, -52, 3007에 있는 블록을 바꿨습니다
[J] [16:17:11] [Render thread/INFO]: [System] [CHAT] 성공적으로 블록 2개를 채웠습니다 [7]
[J] [16:17:11] [Render thread/INFO]: [System] [CHAT] -2943, -52, 2993에 있는 블록을 바꿨습니다
[J] [16:17:11] [Render thread/INFO]: [System] [CHAT] -2943, -53, 2995에 있는 블록을 바꿨습니다
[J] [16:17:11] [Render thread/INFO]: [System] [CHAT] 성공적으로 블록 2개를 채웠습니다 [8]
[J] [16:17:11] [Render thread/INFO]: [System] [CHAT] 성공적으로 블록 10개를 채웠습니다
[J] [16:17:11] [Render thread/INFO]: [System] [CHAT] -2943, -53, 2996에 있는 블록을 바꿨습니다
[J] [16:17:11] [Render thread/INFO]: [System] [CHAT] -2943, -51, 2996에 있는 블록을 바꿨습니다
[J] [16:17:11] [Render thread/INFO]: [System] [CHAT] 성공적으로 블록 3개를 채웠습니다
[J] [16:17:11] [Render thread/INFO]: [System] [CHAT] -2943, -52, 2997에 있는 블록을 바꿨습니다
[J] [16:17:11] [Render thread/INFO]: [System] [CHAT] -2943, -51, 2997에 있는 블록을 바꿨습니다
[J] [16:17:11] [Render thread/INFO]: [System] [CHAT] 성공적으로 블록 2개를 채웠습니다
[J] [16:17:11] [Render thread/INFO]: [System] [CHAT] -2943, -24, 2997에 있는 블록을 바꿨습니다
[J] [16:17:11] [Render thread/INFO]: [System] [CHAT] 성공적으로 블록 2개를 채웠습니다 [2]
[J] [16:17:12] [Render thread/INFO]: [System] [CHAT] -2943, -53, 2998에 있는 블록을 바꿨습니다
[J] [16:17:12] [Render thread/INFO]: [System] [CHAT] 성공적으로 블록 9개를 채웠습니다
[J] [16:17:12] [Render thread/INFO]: [System] [CHAT] -2943, -21, 2998에 있는 블록을 바꿨습니다
[J] [16:17:12] [Render thread/INFO]: [System] [CHAT] -2943, -20, 2998에 있는 블록을 바꿨습니다
[J] [16:17:12] [Render thread/INFO]: [System] [CHAT] -2943, -52, 2999에 있는 블록을 바꿨습니다
[J] [16:17:12] [Render thread/INFO]: [System] [CHAT] -2943, -50, 2999에 있는 블록을 바꿨습니다
[J] [16:17:12] [Render thread/INFO]: [System] [CHAT] -2943, -49, 2999에 있는 블록을 바꿨습니다
[J] [16:17:12] [Render thread/INFO]: [System] [CHAT] -2943, -41, 2999에 있는 블록을 바꿨습니다
[J] [16:17:12] [Render thread/INFO]: [System] [CHAT] 성공적으로 블록 12개를 채웠습니다
[J] [16:17:12] [Render thread/INFO]: [System] [CHAT] -2943, -20, 2999에 있는 블록을 바꿨습니다
[J] [16:17:12] [Render thread/INFO]: [System] [CHAT] 성공적으로 블록 2개를 채웠습니다
[J] [16:17:12] [Render thread/INFO]: [System] [CHAT] 성공적으로 블록 2개를 채웠습니다 [2]
[J] [16:17:12] [Render thread/INFO]: [System] [CHAT] 성공적으로 블록 2개를 채웠습니다 [3]
[J] [16:17:12] [Render thread/INFO]: [System] [CHAT] 성공적으로 블록 5개를 채웠습니다
[J] [16:17:12] [Render thread/INFO]: [System] [CHAT] -2943, -52, 3003에 있는 블록을 바꿨습니다
[J] [16:17:12] [Render thread/INFO]: [System] [CHAT] -2943, -52, 3004에 있는 블록을 바꿨습니다
[J] [16:17:12] [Render thread/INFO]: [System] [CHAT] -2943, -53, 3005에 있는 블록을 바꿨습니다
[J] [16:17:12] [Render thread/INFO]: [System] [CHAT] -2943, -52, 3006에 있는 블록을 바꿨습니다
[J] [16:17:12] [Render thread/INFO]: [System] [CHAT] -2943, -53, 3007에 있는 블록을 바꿨습니다
[J] [16:17:12] [Render thread/INFO]: [System] [CHAT] -2943, -52, 3007에 있는 블록을 바꿨습니다
[J] [16:17:12] [Render thread/INFO]: [System] [CHAT] -2942, -53, 2992에 있는 블록을 바꿨습니다
[J] [16:17:12] [Render thread/INFO]: [System] [CHAT] 성공적으로 블록 2개를 채웠습니다
[J] [16:17:12] [Render thread/INFO]: [System] [CHAT] -2942, -52, 2993에 있는 블록을 바꿨습니다
[J] [16:17:12] [Render thread/INFO]: [System] [CHAT] -2942, -52, 2994에 있는 블록을 바꿨습니다
[J] [16:17:12] [Render thread/INFO]: [System] [CHAT] 성공적으로 블록 2개를 채웠습니다 [2]
[J] [16:17:12] [Render thread/INFO]: [System] [CHAT] -2942, -21, 2995에 있는 블록을 바꿨습니다
[J] [16:17:12] [Render thread/INFO]: [System] [CHAT] -2942, -52, 2996에 있는 블록을 바꿨습니다
[J] [16:17:12] [Render thread/INFO]: [System] [CHAT] 성공적으로 블록 6개를 채웠습니다
[J] [16:17:12] [Render thread/INFO]: [System] [CHAT] 성공적으로 블록 3개를 채웠습니다
[J] [16:17:12] [Render thread/INFO]: [System] [CHAT] 성공적으로 블록 2개를 채웠습니다 [3]
[J] [16:17:12] [Render thread/INFO]: [System] [CHAT] 성공적으로 블록 2개를 채웠습니다 [4]
[J] [16:17:12] [Render thread/INFO]: [System] [CHAT] 성공적으로 블록 6개를 채웠습니다 [2]
[J] [16:17:12] [Render thread/INFO]: [System] [CHAT] 성공적으로 블록 2개를 채웠습니다 [5]
[J] [16:17:12] [Render thread/INFO]: [System] [CHAT] 성공적으로 블록 2개를 채웠습니다 [6]
[J] [16:17:12] [Render thread/INFO]: [System] [CHAT] -2942, -53, 2998에 있는 블록을 바꿨습니다
[J] [16:17:12] [Render thread/INFO]: [System] [CHAT] 성공적으로 블록 3개를 채웠습니다 [2]
[J] [16:17:12] [Render thread/INFO]: [System] [CHAT] -2942, -49, 2998에 있는 블록을 바꿨습니다
[J] [16:17:12] [Render thread/INFO]: [System] [CHAT] 성공적으로 블록 6개를 채웠습니다 [3]
[J] [16:17:12] [Render thread/INFO]: [System] [CHAT] -2942, -42, 2998에 있는 블록을 바꿨습니다
[J] [16:17:12] [Render thread/INFO]: [System] [CHAT] -2942, -41, 2998에 있는 블록을 바꿨습니다
[J] [16:17:12] [Render thread/INFO]: [System] [CHAT] -2942, -26, 2998에 있는 블록을 바꿨습니다
[J] [16:17:12] [Render thread/INFO]: [System] [CHAT] -2942, -24, 2998에 있는 블록을 바꿨습니다
[J] [16:17:12] [Render thread/INFO]: [System] [CHAT] 성공적으로 블록 2개를 채웠습니다
[J] [16:17:12] [Render thread/INFO]: [System] [CHAT] -2942, -50, 2999에 있는 블록을 바꿨습니다
[J] [16:17:12] [Render thread/INFO]: [System] [CHAT] -2942, -39, 2999에 있는 블록을 바꿨습니다
[J] [16:17:12] [Render thread/INFO]: [System] [CHAT] 성공적으로 블록 10개를 채웠습니다
[J] [16:17:12] [Render thread/INFO]: [System] [CHAT] -2942, -28, 2999에 있는 블록을 바꿨습니다
[J] [16:17:12] [Render thread/INFO]: [System] [CHAT] 성공적으로 블록 2개를 채웠습니다 [2]
[J] [16:17:12] [Render thread/INFO]: [System] [CHAT] -2942, -20, 3000에 있는 블록을 바꿨습니다
[J] [16:17:12] [Render thread/INFO]: [System] [CHAT] -2942, -19, 3000에 있는 블록을 바꿨습니다
[J] [16:17:12] [Render thread/INFO]: [System] [CHAT] -2942, -53, 3001에 있는 블록을 바꿨습니다
[J] [16:17:12] [Render thread/INFO]: [System] [CHAT] 성공적으로 블록 4개를 채웠습니다
[J] [16:17:12] [Render thread/INFO]: [System] [CHAT] -2942, -53, 3003에 있는 블록을 바꿨습니다
[J] [16:17:12] [Render thread/INFO]: [System] [CHAT] 성공적으로 블록 2개를 채웠습니다
[J] [16:17:12] [Render thread/INFO]: [System] [CHAT] -2942, -52, 3005에 있는 블록을 바꿨습니다
[J] [16:17:12] [Render thread/INFO]: [System] [CHAT] 성공적으로 블록 2개를 채웠습니다 [2]
[J] [16:17:12] [Render thread/INFO]: [System] [CHAT] -2942, -53, 3007에 있는 블록을 바꿨습니다
[J] [16:17:12] [Render thread/INFO]: [System] [CHAT] 성공적으로 블록 3개를 채웠습니다
[J] [16:17:12] [Render thread/INFO]: [System] [CHAT] -2941, -52, 2992에 있는 블록을 바꿨습니다
[J] [16:17:12] [Render thread/INFO]: [System] [CHAT] -2941, -53, 2993에 있는 블록을 바꿨습니다
[J] [16:17:12] [Render thread/INFO]: [System] [CHAT] 성공적으로 블록 2개를 채웠습니다 [3]
[J] [16:17:12] [Render thread/INFO]: [System] [CHAT] 성공적으로 블록 2개를 채웠습니다 [4]
[J] [16:17:12] [Render thread/INFO]: [System] [CHAT] -2941, -52, 2994에 있는 블록을 바꿨습니다
[J] [16:17:12] [Render thread/INFO]: [System] [CHAT] 성공적으로 블록 2개를 채웠습니다 [5]
[J] [16:17:12] [Render thread/INFO]: [System] [CHAT] -2941, -52, 2995에 있는 블록을 바꿨습니다
[J] [16:17:12] [Render thread/INFO]: [System] [CHAT] 성공적으로 블록 4개를 채웠습니다
[J] [16:17:12] [Render thread/INFO]: [System] [CHAT] 성공적으로 블록 2개를 채웠습니다 [6]
[J] [16:17:12] [Render thread/INFO]: [System] [CHAT] 성공적으로 블록 2개를 채웠습니다 [7]
[J] [16:17:12] [Render thread/INFO]: [System] [CHAT] -2941, -53, 2997에 있는 블록을 바꿨습니다
[J] [16:17:12] [Render thread/INFO]: [System] [CHAT] 성공적으로 블록 10개를 채웠습니다
[J] [16:17:12] [Render thread/INFO]: [System] [CHAT] -2941, -53, 2998에 있는 블록을 바꿨습니다
[J] [16:17:12] [Render thread/INFO]: [System] [CHAT] 성공적으로 블록 9개를 채웠습니다
[J] [16:17:12] [Render thread/INFO]: [System] [CHAT] 성공적으로 블록 3개를 채웠습니다
[J] [16:17:12] [Render thread/INFO]: [System] [CHAT] -2941, -22, 2998에 있는 블록을 바꿨습니다
[J] [16:17:12] [Render thread/INFO]: [System] [CHAT] -2941, -53, 2999에 있는 블록을 바꿨습니다
[J] [16:17:12] [Render thread/INFO]: [System] [CHAT] 성공적으로 블록 2개를 채웠습니다
[J] [16:17:12] [Render thread/INFO]: [System] [CHAT] -2941, -50, 2999에 있는 블록을 바꿨습니다
[J] [16:17:12] [Render thread/INFO]: [System] [CHAT] -2941, -49, 2999에 있는 블록을 바꿨습니다
[J] [16:17:12] [Render thread/INFO]: [System] [CHAT] -2941, -41, 2999에 있는 블록을 바꿨습니다
[J] [16:17:12] [Render thread/INFO]: [System] [CHAT] 성공적으로 블록 12개를 채웠습니다
[J] [16:17:12] [Render thread/INFO]: [System] [CHAT] 성공적으로 블록 2개를 채웠습니다 [2]
[J] [16:17:12] [Render thread/INFO]: [System] [CHAT] -2941, -21, 2999에 있는 블록을 바꿨습니다
[J] [16:17:12] [Render thread/INFO]: [System] [CHAT] -2941, -53, 3000에 있는 블록을 바꿨습니다
[J] [16:17:12] [Render thread/INFO]: [System] [CHAT] 성공적으로 블록 2개를 채웠습니다 [3]
[J] [16:17:12] [Render thread/INFO]: [System] [CHAT] 성공적으로 블록 3개를 채웠습니다
[J] [16:17:12] [Render thread/INFO]: [System] [CHAT] 성공적으로 블록 2개를 채웠습니다 [4]
[J] [16:17:12] [Render thread/INFO]: [System] [CHAT] 성공적으로 블록 2개를 채웠습니다 [5]
[J] [16:17:12] [Render thread/INFO]: [System] [CHAT] 성공적으로 블록 2개를 채웠습니다 [6]
[J] [16:17:12] [Render thread/INFO]: [System] [CHAT] -2941, -52, 3003에 있는 블록을 바꿨습니다
[J] [16:17:12] [Render thread/INFO]: [System] [CHAT] -2941, -52, 3004에 있는 블록을 바꿨습니다
[J] [16:17:12] [Render thread/INFO]: [System] [CHAT] -2941, -53, 3005에 있는 블록을 바꿨습니다
[J] [16:17:12] [Render thread/INFO]: [System] [CHAT] 성공적으로 블록 4개를 채웠습니다
[J] [16:17:12] [Render thread/INFO]: [System] [CHAT] 성공적으로 블록 3개를 채웠습니다
[J] [16:17:12] [Render thread/INFO]: [System] [CHAT] -2941, -52, 3006에 있는 블록을 바꿨습니다
[J] [16:17:12] [Render thread/INFO]: [System] [CHAT] -2941, -53, 3007에 있는 블록을 바꿨습니다
[J] [16:17:12] [Render thread/INFO]: [System] [CHAT] -2941, -52, 3007에 있는 블록을 바꿨습니다
[J] [16:17:12] [Render thread/INFO]: [System] [CHAT] 성공적으로 블록 2개를 채웠습니다
[J] [16:17:12] [Render thread/INFO]: [System] [CHAT] -2940, -53, 2993에 있는 블록을 바꿨습니다
[J] [16:17:12] [Render thread/INFO]: [System] [CHAT] -2940, -52, 2994에 있는 블록을 바꿨습니다
[J] [16:17:12] [Render thread/INFO]: [System] [CHAT] 성공적으로 블록 2개를 채웠습니다 [2]
[J] [16:17:12] [Render thread/INFO]: [System] [CHAT] 성공적으로 블록 4개를 채웠습니다
[J] [16:17:12] [Render thread/INFO]: [System] [CHAT] 성공적으로 블록 2개를 채웠습니다 [3]
[J] [16:17:12] [Render thread/INFO]: [System] [CHAT] 성공적으로 블록 2개를 채웠습니다 [4]
[J] [16:17:12] [Render thread/INFO]: [System] [CHAT] 성공적으로 블록 2개를 채웠습니다 [5]
[J] [16:17:12] [Render thread/INFO]: [System] [CHAT] 성공적으로 블록 2개를 채웠습니다 [6]
[J] [16:17:12] [Render thread/INFO]: [System] [CHAT] 성공적으로 블록 3개를 채웠습니다
[J] [16:17:12] [Render thread/INFO]: [System] [CHAT] -2940, -53, 2998에 있는 블록을 바꿨습니다
[J] [16:17:12] [Render thread/INFO]: [System] [CHAT] -2940, -49, 2998에 있는 블록을 바꿨습니다
[J] [16:17:12] [Render thread/INFO]: [System] [CHAT] 성공적으로 블록 6개를 채웠습니다
[J] [16:17:12] [Render thread/INFO]: [System] [CHAT] -2940, -42, 2998에 있는 블록을 바꿨습니다
[J] [16:17:12] [Render thread/INFO]: [System] [CHAT] -2940, -41, 2998에 있는 블록을 바꿨습니다
[J] [16:17:12] [Render thread/INFO]: [System] [CHAT] -2940, -26, 2998에 있는 블록을 바꿨습니다
[J] [16:17:12] [Render thread/INFO]: [System] [CHAT] 성공적으로 블록 9개를 채웠습니다
[J] [16:17:12] [Render thread/INFO]: [System] [CHAT] 성공적으로 블록 9개를 채웠습니다 [2]
[J] [16:17:12] [Render thread/INFO]: [System] [CHAT] 성공적으로 블록 10개를 채웠습니다
[J] [16:17:12] [Render thread/INFO]: [System] [CHAT] 성공적으로 블록 2개를 채웠습니다
[J] [16:17:12] [Render thread/INFO]: [System] [CHAT] -2940, -50, 2999에 있는 블록을 바꿨습니다
[J] [16:17:12] [Render thread/INFO]: [System] [CHAT] -2940, -39, 2999에 있는 블록을 바꿨습니다
[J] [16:17:12] [Render thread/INFO]: [System] [CHAT] 성공적으로 블록 9개를 채웠습니다 [3]
[J] [16:17:12] [Render thread/INFO]: [System] [CHAT] -2940, -29, 2999에 있는 블록을 바꿨습니다
[J] [16:17:12] [Render thread/INFO]: [System] [CHAT] -2940, -28, 2999에 있는 블록을 바꿨습니다
[J] [16:17:12] [Render thread/INFO]: [System] [CHAT] -2940, -26, 2999에 있는 블록을 바꿨습니다
[J] [16:17:12] [Render thread/INFO]: [System] [CHAT] -2940, -24, 2999에 있는 블록을 바꿨습니다
[J] [16:17:12] [Render thread/INFO]: [System] [CHAT] -2940, -23, 2999에 있는 블록을 바꿨습니다
[J] [16:17:12] [Render thread/INFO]: [System] [CHAT] -2940, -53, 3000에 있는 블록을 바꿨습니다
[J] [16:17:12] [Render thread/INFO]: [System] [CHAT] -2940, -52, 3000에 있는 블록을 바꿨습니다
[J] [16:17:12] [Render thread/INFO]: [System] [CHAT] -2940, -40, 3000에 있는 블록을 바꿨습니다
[J] [16:17:12] [Render thread/INFO]: [System] [CHAT] -2940, -39, 3000에 있는 블록을 바꿨습니다
[J] [16:17:12] [Render thread/INFO]: [System] [CHAT] -2940, -30, 3000에 있는 블록을 바꿨습니다
[J] [16:17:12] [Render thread/INFO]: [System] [CHAT] -2940, -29, 3000에 있는 블록을 바꿨습니다
[J] [16:17:12] [Render thread/INFO]: [System] [CHAT] -2940, -28, 3000에 있는 블록을 바꿨습니다
[J] [16:17:12] [Render thread/INFO]: [System] [CHAT] -2940, -27, 3000에 있는 블록을 바꿨습니다
[J] [16:17:12] [Render thread/INFO]: [System] [CHAT] -2940, -32, 3001에 있는 블록을 바꿨습니다
[J] [16:17:12] [Render thread/INFO]: [System] [CHAT] -2940, -31, 3001에 있는 블록을 바꿨습니다
[J] [16:17:12] [Render thread/INFO]: [System] [CHAT] -2940, -30, 3001에 있는 블록을 바꿨습니다
[J] [16:17:12] [Render thread/INFO]: [System] [CHAT] -2940, -52, 3003에 있는 블록을 바꿨습니다
[J] [16:17:12] [Render thread/INFO]: [System] [CHAT] 성공적으로 블록 2개를 채웠습니다
[J] [16:17:12] [Render thread/INFO]: [System] [CHAT] -2940, -52, 3004에 있는 블록을 바꿨습니다
[J] [16:17:12] [Render thread/INFO]: [System] [CHAT] -2940, -52, 3006에 있는 블록을 바꿨습니다
[J] [16:17:12] [Render thread/INFO]: [System] [CHAT] 성공적으로 블록 2개를 채웠습니다 [2]
[J] [16:17:12] [Render thread/INFO]: [System] [CHAT] -2939, -10, 2992에 있는 블록을 바꿨습니다
[J] [16:17:12] [Render thread/INFO]: [System] [CHAT] -2939, -9, 2992에 있는 블록을 바꿨습니다
[J] [16:17:12] [Render thread/INFO]: [System] [CHAT] -2939, -8, 2992에 있는 블록을 바꿨습니다
[J] [16:17:12] [Render thread/INFO]: [System] [CHAT] -2939, -53, 2993에 있는 블록을 바꿨습니다
[J] [16:17:12] [Render thread/INFO]: [System] [CHAT] -2939, -52, 2993에 있는 블록을 바꿨습니다
[J] [16:17:12] [Render thread/INFO]: [System] [CHAT] 성공적으로 블록 4개를 채웠습니다
[J] [16:17:12] [Render thread/INFO]: [System] [CHAT] 성공적으로 블록 2개를 채웠습니다
[J] [16:17:12] [Render thread/INFO]: [System] [CHAT] 성공적으로 블록 2개를 채웠습니다 [2]
[J] [16:17:12] [Render thread/INFO]: [System] [CHAT] 성공적으로 블록 4개를 채웠습니다 [2]
[J] [16:17:12] [Render thread/INFO]: [System] [CHAT] 성공적으로 블록 3개를 채웠습니다
[J] [16:17:12] [Render thread/INFO]: [System] [CHAT] -2939, -24, 2995에 있는 블록을 바꿨습니다
[J] [16:17:12] [Render thread/INFO]: [System] [CHAT] -2939, -53, 2996에 있는 블록을 바꿨습니다
[J] [16:17:12] [Render thread/INFO]: [System] [CHAT] -2939, -52, 2996에 있는 블록을 바꿨습니다
[J] [16:17:12] [Render thread/INFO]: [System] [CHAT] 성공적으로 블록 10개를 채웠습니다
[J] [16:17:12] [Render thread/INFO]: [System] [CHAT] -2939, -53, 2997에 있는 블록을 바꿨습니다
[J] [16:17:12] [Render thread/INFO]: [System] [CHAT] 성공적으로 블록 2개를 채웠습니다
[J] [16:17:12] [Render thread/INFO]: [System] [CHAT] -2939, -53, 2998에 있는 블록을 바꿨습니다
[J] [16:17:12] [Render thread/INFO]: [System] [CHAT] 성공적으로 블록 9개를 채웠습니다
[J] [16:17:12] [Render thread/INFO]: [System] [CHAT] 성공적으로 블록 2개를 채웠습니다 [2]
[J] [16:17:12] [Render thread/INFO]: [System] [CHAT] 성공적으로 블록 7개를 채웠습니다
[J] [16:17:13] [Render thread/INFO]: [System] [CHAT] -2939, -53, 2999에 있는 블록을 바꿨습니다
[J] [16:17:13] [Render thread/INFO]: [System] [CHAT] -2939, -52, 2999에 있는 블록을 바꿨습니다
[J] [16:17:13] [Render thread/INFO]: [System] [CHAT] -2939, -50, 2999에 있는 블록을 바꿨습니다
[J] [16:17:13] [Render thread/INFO]: [System] [CHAT] -2939, -49, 2999에 있는 블록을 바꿨습니다
[J] [16:17:13] [Render thread/INFO]: [System] [CHAT] -2939, -41, 2999에 있는 블록을 바꿨습니다
[J] [16:17:13] [Render thread/INFO]: [System] [CHAT] -2939, -39, 2999에 있는 블록을 바꿨습니다
[J] [16:17:13] [Render thread/INFO]: [System] [CHAT] 성공적으로 블록 9개를 채웠습니다
[J] [16:17:13] [Render thread/INFO]: [System] [CHAT] 성공적으로 블록 12개를 채웠습니다
[J] [16:17:13] [Render thread/INFO]: [System] [CHAT] -2939, -25, 2999에 있는 블록을 바꿨습니다
[J] [16:17:13] [Render thread/INFO]: [System] [CHAT] -2939, -24, 2999에 있는 블록을 바꿨습니다
[J] [16:17:13] [Render thread/INFO]: [System] [CHAT] 성공적으로 블록 3개를 채웠습니다
[J] [16:17:13] [Render thread/INFO]: [System] [CHAT] -2939, -52, 3000에 있는 블록을 바꿨습니다
[J] [16:17:13] [Render thread/INFO]: [System] [CHAT] 성공적으로 블록 2개를 채웠습니다
[J] [16:17:13] [Render thread/INFO]: [System] [CHAT] -2939, -40, 3000에 있는 블록을 바꿨습니다
[J] [16:17:13] [Render thread/INFO]: [System] [CHAT] -2939, -39, 3000에 있는 블록을 바꿨습니다
[J] [16:17:13] [Render thread/INFO]: [System] [CHAT] 성공적으로 블록 9개를 채웠습니다
[J] [16:17:13] [Render thread/INFO]: [System] [CHAT] 성공적으로 블록 6개를 채웠습니다
[J] [16:17:13] [Render thread/INFO]: [System] [CHAT] -2939, -25, 3000에 있는 블록을 바꿨습니다
[J] [16:17:13] [Render thread/INFO]: [System] [CHAT] 성공적으로 블록 4개를 채웠습니다
[J] [16:17:13] [Render thread/INFO]: [System] [CHAT] -2939, -40, 3001에 있는 블록을 바꿨습니다
[J] [16:17:13] [Render thread/INFO]: [System] [CHAT] -2939, -39, 3001에 있는 블록을 바꿨습니다
[J] [16:17:13] [Render thread/INFO]: [System] [CHAT] -2939, -32, 3001에 있는 블록을 바꿨습니다
[J] [16:17:13] [Render thread/INFO]: [System] [CHAT] 성공적으로 블록 6개를 채웠습니다
[J] [16:17:13] [Render thread/INFO]: [System] [CHAT] -2939, -30, 3001에 있는 블록을 바꿨습니다
[J] [16:17:13] [Render thread/INFO]: [System] [CHAT] -2939, -53, 3003에 있는 블록을 바꿨습니다
[J] [16:17:13] [Render thread/INFO]: [System] [CHAT] 성공적으로 블록 2개를 채웠습니다
[J] [16:17:13] [Render thread/INFO]: [System] [CHAT] 성공적으로 블록 2개를 채웠습니다 [2]
[J] [16:17:13] [Render thread/INFO]: [System] [CHAT] -2939, -53, 3005에 있는 블록을 바꿨습니다
[J] [16:17:13] [Render thread/INFO]: [System] [CHAT] -2939, -52, 3006에 있는 블록을 바꿨습니다
[J] [16:17:13] [Render thread/INFO]: [System] [CHAT] 성공적으로 블록 2개를 채웠습니다 [3]
[J] [16:17:13] [Render thread/INFO]: [System] [CHAT] 성공적으로 블록 2개를 채웠습니다 [4]
[J] [16:17:13] [Render thread/INFO]: [System] [CHAT] 성공적으로 블록 4개를 채웠습니다
[J] [16:17:13] [Render thread/INFO]: [System] [CHAT] -2938, -41, 2992에 있는 블록을 바꿨습니다
[J] [16:17:13] [Render thread/INFO]: [System] [CHAT] 성공적으로 블록 4개를 채웠습니다 [2]
[J] [16:17:13] [Render thread/INFO]: [System] [CHAT] 성공적으로 블록 4개를 채웠습니다 [3]
[J] [16:17:13] [Render thread/INFO]: [System] [CHAT] 성공적으로 블록 5개를 채웠습니다
[J] [16:17:13] [Render thread/INFO]: [System] [CHAT] 성공적으로 블록 12개를 채웠습니다
[J] [16:17:13] [Render thread/INFO]: [System] [CHAT] 성공적으로 블록 4개를 채웠습니다 [4]
[J] [16:17:13] [Render thread/INFO]: [System] [CHAT] 성공적으로 블록 16개를 채웠습니다
[J] [16:17:13] [Render thread/INFO]: [System] [CHAT] 성공적으로 블록 2개를 채웠습니다
[J] [16:17:13] [Render thread/INFO]: [System] [CHAT] 성공적으로 블록 2개를 채웠습니다 [2]
[J] [16:17:13] [Render thread/INFO]: [System] [CHAT] -2938, -38, 2993에 있는 블록을 바꿨습니다
[J] [16:17:13] [Render thread/INFO]: [System] [CHAT] 성공적으로 블록 3개를 채웠습니다
[J] [16:17:13] [Render thread/INFO]: [System] [CHAT] -2938, -34, 2993에 있는 블록을 바꿨습니다
[J] [16:17:13] [Render thread/INFO]: [System] [CHAT] 성공적으로 블록 14개를 채웠습니다
[J] [16:17:13] [Render thread/INFO]: [System] [CHAT] 성공적으로 블록 6개를 채웠습니다
[J] [16:17:13] [Render thread/INFO]: [System] [CHAT] -2938, -43, 2994에 있는 블록을 바꿨습니다
[J] [16:17:13] [Render thread/INFO]: [System] [CHAT] -2938, -41, 2994에 있는 블록을 바꿨습니다
[J] [16:17:13] [Render thread/INFO]: [System] [CHAT] 성공적으로 블록 10개를 채웠습니다
[J] [16:17:13] [Render thread/INFO]: [System] [CHAT] 성공적으로 블록 2개를 채웠습니다
[J] [16:17:13] [Render thread/INFO]: [System] [CHAT] 성공적으로 블록 2개를 채웠습니다 [2]
[J] [16:17:13] [Render thread/INFO]: [System] [CHAT] -2938, -50, 2995에 있는 블록을 바꿨습니다
[J] [16:17:13] [Render thread/INFO]: [System] [CHAT] -2938, -49, 2995에 있는 블록을 바꿨습니다
[J] [16:17:13] [Render thread/INFO]: [System] [CHAT] 성공적으로 블록 5개를 채웠습니다
[J] [16:17:13] [Render thread/INFO]: [System] [CHAT] -2938, -43, 2995에 있는 블록을 바꿨습니다
[J] [16:17:13] [Render thread/INFO]: [System] [CHAT] -2938, -41, 2995에 있는 블록을 바꿨습니다
[J] [16:17:13] [Render thread/INFO]: [System] [CHAT] -2938, -30, 2995에 있는 블록을 바꿨습니다
[J] [16:17:13] [Render thread/INFO]: [System] [CHAT] 성공적으로 블록 5개를 채웠습니다 [2]
[J] [16:17:13] [Render thread/INFO]: [System] [CHAT] 성공적으로 블록 7개를 채웠습니다
[J] [16:17:13] [Render thread/INFO]: [System] [CHAT] 성공적으로 블록 4개를 채웠습니다
[J] [16:17:13] [Render thread/INFO]: [System] [CHAT] 성공적으로 블록 4개를 채웠습니다 [2]
[J] [16:17:13] [Render thread/INFO]: [System] [CHAT] -2938, -39, 2996에 있는 블록을 바꿨습니다
[J] [16:17:13] [Render thread/INFO]: [System] [CHAT] 성공적으로 블록 3개를 채웠습니다
[J] [16:17:13] [Render thread/INFO]: [System] [CHAT] 성공적으로 블록 8개를 채웠습니다
[J] [16:17:13] [Render thread/INFO]: [System] [CHAT] 성공적으로 블록 15개를 채웠습니다
[J] [16:17:13] [Render thread/INFO]: [System] [CHAT] 성공적으로 블록 10개를 채웠습니다
[J] [16:17:13] [Render thread/INFO]: [System] [CHAT] -2938, -25, 2996에 있는 블록을 바꿨습니다
[J] [16:17:13] [Render thread/INFO]: [System] [CHAT] -2938, -22, 2996에 있는 블록을 바꿨습니다
[J] [16:17:13] [Render thread/INFO]: [System] [CHAT] -2938, -52, 2997에 있는 블록을 바꿨습니다
[J] [16:17:13] [Render thread/INFO]: [System] [CHAT] 성공적으로 블록 4개를 채웠습니다
[J] [16:17:13] [Render thread/INFO]: [System] [CHAT] 성공적으로 블록 8개를 채웠습니다
[J] [16:17:13] [Render thread/INFO]: [System] [CHAT] 성공적으로 블록 6개를 채웠습니다
[J] [16:17:13] [Render thread/INFO]: [System] [CHAT] 성공적으로 블록 7개를 채웠습니다
[J] [16:17:13] [Render thread/INFO]: [System] [CHAT] 성공적으로 블록 7개를 채웠습니다 [2]
[J] [16:17:13] [Render thread/INFO]: [System] [CHAT] 성공적으로 블록 3개를 채웠습니다
[J] [16:17:13] [Render thread/INFO]: [System] [CHAT] -2938, -52, 2998에 있는 블록을 바꿨습니다
[J] [16:17:13] [Render thread/INFO]: [System] [CHAT] -2938, -49, 2998에 있는 블록을 바꿨습니다
[J] [16:17:13] [Render thread/INFO]: [System] [CHAT] 성공적으로 블록 6개를 채웠습니다 [2]
[J] [16:17:13] [Render thread/INFO]: [System] [CHAT] -2938, -42, 2998에 있는 블록을 바꿨습니다
[J] [16:17:13] [Render thread/INFO]: [System] [CHAT] -2938, -41, 2998에 있는 블록을 바꿨습니다
[J] [16:17:13] [Render thread/INFO]: [System] [CHAT] 성공적으로 블록 7개를 채웠습니다
[J] [16:17:13] [Render thread/INFO]: [System] [CHAT] 성공적으로 블록 2개를 채웠습니다
[J] [16:17:13] [Render thread/INFO]: [System] [CHAT] 성공적으로 블록 4개를 채웠습니다
[J] [16:17:13] [Render thread/INFO]: [System] [CHAT] -2938, -50, 2999에 있는 블록을 바꿨습니다
[J] [16:17:13] [Render thread/INFO]: [System] [CHAT] 성공적으로 블록 7개를 채웠습니다 [2]
[J] [16:17:13] [Render thread/INFO]: [System] [CHAT] 성공적으로 블록 4개를 채웠습니다 [2]
[J] [16:17:13] [Render thread/INFO]: [System] [CHAT] 성공적으로 블록 3개를 채웠습니다
[J] [16:17:13] [Render thread/INFO]: [System] [CHAT] 성공적으로 블록 8개를 채웠습니다
[J] [16:17:13] [Render thread/INFO]: [System] [CHAT] 성공적으로 블록 15개를 채웠습니다
[J] [16:17:13] [Render thread/INFO]: [System] [CHAT] 성공적으로 블록 2개를 채웠습니다
[J] [16:17:13] [Render thread/INFO]: [System] [CHAT] 성공적으로 블록 2개를 채웠습니다 [2]
[J] [16:17:13] [Render thread/INFO]: [System] [CHAT] -2938, -52, 3000에 있는 블록을 바꿨습니다
[J] [16:17:13] [Render thread/INFO]: [System] [CHAT] -2938, -40, 3000에 있는 블록을 바꿨습니다
[J] [16:17:13] [Render thread/INFO]: [System] [CHAT] -2938, -39, 3000에 있는 블록을 바꿨습니다
[J] [16:17:13] [Render thread/INFO]: [System] [CHAT] 성공적으로 블록 3개를 채웠습니다
[J] [16:17:13] [Render thread/INFO]: [System] [CHAT] -2938, -35, 3000에 있는 블록을 바꿨습니다
[J] [16:17:13] [Render thread/INFO]: [System] [CHAT] 성공적으로 블록 16개를 채웠습니다
[J] [16:17:13] [Render thread/INFO]: [System] [CHAT] 성공적으로 블록 4개를 채웠습니다
[J] [16:17:13] [Render thread/INFO]: [System] [CHAT] -2938, -53, 3001에 있는 블록을 바꿨습니다
[J] [16:17:13] [Render thread/INFO]: [System] [CHAT] 성공적으로 블록 4개를 채웠습니다 [2]
[J] [16:17:13] [Render thread/INFO]: [System] [CHAT] 성공적으로 블록 2개를 채웠습니다
[J] [16:17:13] [Render thread/INFO]: [System] [CHAT] -2938, -53, 3003에 있는 블록을 바꿨습니다
[J] [16:17:13] [Render thread/INFO]: [System] [CHAT] 성공적으로 블록 2개를 채웠습니다 [2]
[J] [16:17:13] [Render thread/INFO]: [System] [CHAT] -2938, -53, 3005에 있는 블록을 바꿨습니다
[J] [16:17:13] [Render thread/INFO]: [System] [CHAT] 성공적으로 블록 2개를 채웠습니다 [3]
[J] [16:17:13] [Render thread/INFO]: [System] [CHAT] -2938, -53, 3007에 있는 블록을 바꿨습니다
[J] [16:17:13] [Render thread/INFO]: [System] [CHAT] -2938, -52, 3007에 있는 블록을 바꿨습니다
[J] [16:17:13] [Render thread/INFO]: [System] [CHAT] 성공적으로 블록 4개를 채웠습니다
[J] [16:17:13] [Render thread/INFO]: [System] [CHAT] -2937, -43, 2992에 있는 블록을 바꿨습니다
[J] [16:17:13] [Render thread/INFO]: [System] [CHAT] -2937, -42, 2992에 있는 블록을 바꿨습니다
[J] [16:17:13] [Render thread/INFO]: [System] [CHAT] 성공적으로 블록 2개를 채웠습니다
[J] [16:17:13] [Render thread/INFO]: [System] [CHAT] 성공적으로 블록 12개를 채웠습니다
[J] [16:17:13] [Render thread/INFO]: [System] [CHAT] 성공적으로 블록 3개를 채웠습니다
[J] [16:17:13] [Render thread/INFO]: [System] [CHAT] -2937, -34, 2992에 있는 블록을 바꿨습니다
[J] [16:17:13] [Render thread/INFO]: [System] [CHAT] 성공적으로 블록 16개를 채웠습니다
[J] [16:17:13] [Render thread/INFO]: [System] [CHAT] -2937, -53, 2993에 있는 블록을 바꿨습니다
[J] [16:17:13] [Render thread/INFO]: [System] [CHAT] -2937, -52, 2993에 있는 블록을 바꿨습니다
[J] [16:17:13] [Render thread/INFO]: [System] [CHAT] 성공적으로 블록 2개를 채웠습니다
[J] [16:17:13] [Render thread/INFO]: [System] [CHAT] -2937, -42, 2993에 있는 블록을 바꿨습니다
[J] [16:17:13] [Render thread/INFO]: [System] [CHAT] 성공적으로 블록 3개를 채웠습니다
[J] [16:17:13] [Render thread/INFO]: [System] [CHAT] -2937, -34, 2993에 있는 블록을 바꿨습니다
[J] [16:17:13] [Render thread/INFO]: [System] [CHAT] -2937, -52, 2994에 있는 블록을 바꿨습니다
[J] [16:17:13] [Render thread/INFO]: [System] [CHAT] 성공적으로 블록 5개를 채웠습니다
[J] [16:17:13] [Render thread/INFO]: [System] [CHAT] -2937, -45, 2994에 있는 블록을 바꿨습니다
[J] [16:17:13] [Render thread/INFO]: [System] [CHAT] -2937, -44, 2994에 있는 블록을 바꿨습니다
[J] [16:17:13] [Render thread/INFO]: [System] [CHAT] -2937, -42, 2994에 있는 블록을 바꿨습니다
[J] [16:17:13] [Render thread/INFO]: [System] [CHAT] 성공적으로 블록 2개를 채웠습니다
[J] [16:17:13] [Render thread/INFO]: [System] [CHAT] 성공적으로 블록 6개를 채웠습니다
[J] [16:17:13] [Render thread/INFO]: [System] [CHAT] -2937, -34, 2994에 있는 블록을 바꿨습니다
[J] [16:17:13] [Render thread/INFO]: [System] [CHAT] 성공적으로 블록 2개를 채웠습니다 [2]
[J] [16:17:13] [Render thread/INFO]: [System] [CHAT] 성공적으로 블록 2개를 채웠습니다 [3]
[J] [16:17:13] [Render thread/INFO]: [System] [CHAT] -2937, -50, 2995에 있는 블록을 바꿨습니다
[J] [16:17:13] [Render thread/INFO]: [System] [CHAT] 성공적으로 블록 9개를 채웠습니다
[J] [16:17:13] [Render thread/INFO]: [System] [CHAT] -2937, -34, 2995에 있는 블록을 바꿨습니다
[J] [16:17:13] [Render thread/INFO]: [System] [CHAT] -2937, -28, 2995에 있는 블록을 바꿨습니다
[J] [16:17:13] [Render thread/INFO]: [System] [CHAT] 성공적으로 블록 7개를 채웠습니다
[J] [16:17:13] [Render thread/INFO]: [System] [CHAT] 성공적으로 블록 4개를 채웠습니다
[J] [16:17:13] [Render thread/INFO]: [System] [CHAT] -2937, -49, 2996에 있는 블록을 바꿨습니다
[J] [16:17:13] [Render thread/INFO]: [System] [CHAT] 성공적으로 블록 10개를 채웠습니다
[J] [16:17:13] [Render thread/INFO]: [System] [CHAT] -2937, -43, 2996에 있는 블록을 바꿨습니다
[J] [16:17:13] [Render thread/INFO]: [System] [CHAT] 성공적으로 블록 2개를 채웠습니다
[J] [16:17:13] [Render thread/INFO]: [System] [CHAT] 성공적으로 블록 2개를 채웠습니다 [2]
[J] [16:17:13] [Render thread/INFO]: [System] [CHAT] 성공적으로 블록 2개를 채웠습니다 [3]
[J] [16:17:13] [Render thread/INFO]: [System] [CHAT] -2937, -52, 2997에 있는 블록을 바꿨습니다
[J] [16:17:13] [Render thread/INFO]: [System] [CHAT] 성공적으로 블록 2개를 채웠습니다 [4]
[J] [16:17:13] [Render thread/INFO]: [System] [CHAT] -2937, -49, 2997에 있는 블록을 바꿨습니다
[J] [16:17:13] [Render thread/INFO]: [System] [CHAT] -2937, -43, 2997에 있는 블록을 바꿨습니다
[J] [16:17:13] [Render thread/INFO]: [System] [CHAT] 성공적으로 블록 2개를 채웠습니다 [5]
[J] [16:17:13] [Render thread/INFO]: [System] [CHAT] 성공적으로 블록 8개를 채웠습니다
[J] [16:17:13] [Render thread/INFO]: [System] [CHAT] 성공적으로 블록 4개를 채웠습니다
[J] [16:17:13] [Render thread/INFO]: [System] [CHAT] 성공적으로 블록 2개를 채웠습니다 [6]
[J] [16:17:13] [Render thread/INFO]: [System] [CHAT] 성공적으로 블록 4개를 채웠습니다 [2]
[J] [16:17:13] [Render thread/INFO]: [System] [CHAT] 성공적으로 블록 2개를 채웠습니다 [7]
[J] [16:17:13] [Render thread/INFO]: [System] [CHAT] 성공적으로 블록 9개를 채웠습니다
[J] [16:17:13] [Render thread/INFO]: [System] [CHAT] 성공적으로 블록 3개를 채웠습니다
[J] [16:17:13] [Render thread/INFO]: [System] [CHAT] 성공적으로 블록 4개를 채웠습니다 [3]
[J] [16:17:13] [Render thread/INFO]: [System] [CHAT] -2937, -28, 2998에 있는 블록을 바꿨습니다
[J] [16:17:13] [Render thread/INFO]: [System] [CHAT] -2937, -51, 2999에 있는 블록을 바꿨습니다
[J] [16:17:13] [Render thread/INFO]: [System] [CHAT] 성공적으로 블록 2개를 채웠습니다
[J] [16:17:13] [Render thread/INFO]: [System] [CHAT] -2937, -41, 2999에 있는 블록을 바꿨습니다
[J] [16:17:14] [Render thread/INFO]: [System] [CHAT] -2937, -52, 3000에 있는 블록을 바꿨습니다
[J] [16:17:14] [Render thread/INFO]: [System] [CHAT] -2937, -51, 3000에 있는 블록을 바꿨습니다
[J] [16:17:14] [Render thread/INFO]: [System] [CHAT] 성공적으로 블록 2개를 채웠습니다 [2]
[J] [16:17:14] [Render thread/INFO]: [System] [CHAT] 성공적으로 블록 2개를 채웠습니다 [3]
[J] [16:17:14] [Render thread/INFO]: [System] [CHAT] 성공적으로 블록 2개를 채웠습니다 [4]
[J] [16:17:14] [Render thread/INFO]: [System] [CHAT] -2937, -53, 3001에 있는 블록을 바꿨습니다
[J] [16:17:14] [Render thread/INFO]: [System] [CHAT] 성공적으로 블록 2개를 채웠습니다 [5]
[J] [16:17:14] [Render thread/INFO]: [System] [CHAT] 성공적으로 블록 2개를 채웠습니다 [6]
[J] [16:17:14] [Render thread/INFO]: [System] [CHAT] 성공적으로 블록 2개를 채웠습니다 [7]
[J] [16:17:14] [Render thread/INFO]: [System] [CHAT] 성공적으로 블록 2개를 채웠습니다 [8]
[J] [16:17:14] [Render thread/INFO]: [System] [CHAT] -2937, -53, 3003에 있는 블록을 바꿨습니다
[J] [16:17:14] [Render thread/INFO]: [System] [CHAT] -2937, -52, 3003에 있는 블록을 바꿨습니다
[J] [16:17:14] [Render thread/INFO]: [System] [CHAT] -2937, -53, 3004에 있는 블록을 바꿨습니다
[J] [16:17:14] [Render thread/INFO]: [System] [CHAT] -2937, -52, 3004에 있는 블록을 바꿨습니다
[J] [16:17:14] [Render thread/INFO]: [System] [CHAT] 성공적으로 블록 2개를 채웠습니다 [9]
[J] [16:17:14] [Render thread/INFO]: [System] [CHAT] 성공적으로 블록 2개를 채웠습니다 [10]
[J] [16:17:14] [Render thread/INFO]: [System] [CHAT] 성공적으로 블록 2개를 채웠습니다 [11]
[J] [16:17:14] [Render thread/INFO]: [System] [CHAT] -2937, -53, 3007에 있는 블록을 바꿨습니다
[J] [16:17:14] [Render thread/INFO]: [System] [CHAT] 성공적으로 블록 5개를 채웠습니다
[J] [16:17:14] [Render thread/INFO]: [System] [CHAT] 성공적으로 블록 2개를 채웠습니다 [12]
[J] [16:17:14] [Render thread/INFO]: [System] [CHAT] -2936, -40, 2992에 있는 블록을 바꿨습니다
[J] [16:17:14] [Render thread/INFO]: [System] [CHAT] -2936, -39, 2992에 있는 블록을 바꿨습니다
[J] [16:17:14] [Render thread/INFO]: [System] [CHAT] 성공적으로 블록 3개를 채웠습니다
[J] [16:17:14] [Render thread/INFO]: [System] [CHAT] -2936, -36, 2992에 있는 블록을 바꿨습니다
[J] [16:17:14] [Render thread/INFO]: [System] [CHAT] -2936, -35, 2992에 있는 블록을 바꿨습니다
[J] [16:17:14] [Render thread/INFO]: [System] [CHAT] -2936, -34, 2992에 있는 블록을 바꿨습니다
[J] [16:17:14] [Render thread/INFO]: [System] [CHAT] 성공적으로 블록 2개를 채웠습니다
[J] [16:17:14] [Render thread/INFO]: [System] [CHAT] -2936, -52, 2993에 있는 블록을 바꿨습니다
[J] [16:17:14] [Render thread/INFO]: [System] [CHAT] -2936, -42, 2993에 있는 블록을 바꿨습니다
[J] [16:17:14] [Render thread/INFO]: [System] [CHAT] -2936, -40, 2993에 있는 블록을 바꿨습니다
[J] [16:17:14] [Render thread/INFO]: [System] [CHAT] -2936, -39, 2993에 있는 블록을 바꿨습니다
[J] [16:17:14] [Render thread/INFO]: [System] [CHAT] 성공적으로 블록 2개를 채웠습니다 [2]
[J] [16:17:14] [Render thread/INFO]: [System] [CHAT] -2936, -35, 2993에 있는 블록을 바꿨습니다
[J] [16:17:14] [Render thread/INFO]: [System] [CHAT] -2936, -34, 2993에 있는 블록을 바꿨습니다
[J] [16:17:14] [Render thread/INFO]: [System] [CHAT] -2936, -33, 2993에 있는 블록을 바꿨습니다
[J] [16:17:14] [Render thread/INFO]: [System] [CHAT] -2936, -52, 2994에 있는 블록을 바꿨습니다
[J] [16:17:14] [Render thread/INFO]: [System] [CHAT] -2936, -44, 2994에 있는 블록을 바꿨습니다
[J] [16:17:14] [Render thread/INFO]: [System] [CHAT] 성공적으로 블록 2개를 채웠습니다
[J] [16:17:14] [Render thread/INFO]: [System] [CHAT] 성공적으로 블록 2개를 채웠습니다 [2]
[J] [16:17:14] [Render thread/INFO]: [System] [CHAT] 성공적으로 블록 2개를 채웠습니다 [3]
[J] [16:17:14] [Render thread/INFO]: [System] [CHAT] -2936, -36, 2994에 있는 블록을 바꿨습니다
[J] [16:17:14] [Render thread/INFO]: [System] [CHAT] -2936, -35, 2994에 있는 블록을 바꿨습니다
[J] [16:17:14] [Render thread/INFO]: [System] [CHAT] -2936, -34, 2994에 있는 블록을 바꿨습니다
[J] [16:17:14] [Render thread/INFO]: [System] [CHAT] 성공적으로 블록 2개를 채웠습니다 [4]
[J] [16:17:14] [Render thread/INFO]: [System] [CHAT] 성공적으로 블록 3개를 채웠습니다
[J] [16:17:14] [Render thread/INFO]: [System] [CHAT] 성공적으로 블록 2개를 채웠습니다 [5]
[J] [16:17:14] [Render thread/INFO]: [System] [CHAT] -2936, -50, 2995에 있는 블록을 바꿨습니다
[J] [16:17:14] [Render thread/INFO]: [System] [CHAT] -2936, -49, 2995에 있는 블록을 바꿨습니다
[J] [16:17:14] [Render thread/INFO]: [System] [CHAT] -2936, -48, 2995에 있는 블록을 바꿨습니다
[J] [16:17:14] [Render thread/INFO]: [System] [CHAT] -2936, -47, 2995에 있는 블록을 바꿨습니다
[J] [16:17:14] [Render thread/INFO]: [System] [CHAT] -2936, -46, 2995에 있는 블록을 바꿨습니다
[J] [16:17:14] [Render thread/INFO]: [System] [CHAT] -2936, -43, 2995에 있는 블록을 바꿨습니다
[J] [16:17:14] [Render thread/INFO]: [System] [CHAT] 성공적으로 블록 4개를 채웠습니다
[J] [16:17:14] [Render thread/INFO]: [System] [CHAT] 성공적으로 블록 6개를 채웠습니다
[J] [16:17:14] [Render thread/INFO]: [System] [CHAT] 성공적으로 블록 2개를 채웠습니다
[J] [16:17:14] [Render thread/INFO]: [System] [CHAT] 성공적으로 블록 7개를 채웠습니다
[J] [16:17:14] [Render thread/INFO]: [System] [CHAT] 성공적으로 블록 2개를 채웠습니다 [2]
[J] [16:17:14] [Render thread/INFO]: [System] [CHAT] 성공적으로 블록 2개를 채웠습니다 [3]
[J] [16:17:14] [Render thread/INFO]: [System] [CHAT] 성공적으로 블록 2개를 채웠습니다 [4]
[J] [16:17:14] [Render thread/INFO]: [System] [CHAT] 성공적으로 블록 12개를 채웠습니다
[J] [16:17:14] [Render thread/INFO]: [System] [CHAT] -2936, -41, 2996에 있는 블록을 바꿨습니다
[J] [16:17:14] [Render thread/INFO]: [System] [CHAT] -2936, -22, 2996에 있는 블록을 바꿨습니다
[J] [16:17:14] [Render thread/INFO]: [System] [CHAT] 성공적으로 블록 2개를 채웠습니다 [5]
[J] [16:17:14] [Render thread/INFO]: [System] [CHAT] -2936, -51, 2997에 있는 블록을 바꿨습니다
[J] [16:17:14] [Render thread/INFO]: [System] [CHAT] -2936, -41, 2997에 있는 블록을 바꿨습니다
[J] [16:17:14] [Render thread/INFO]: [System] [CHAT] 성공적으로 블록 2개를 채웠습니다 [6]
[J] [16:17:14] [Render thread/INFO]: [System] [CHAT] 성공적으로 블록 2개를 채웠습니다 [7]
[J] [16:17:14] [Render thread/INFO]: [System] [CHAT] 성공적으로 블록 2개를 채웠습니다 [8]
[J] [16:17:14] [Render thread/INFO]: [System] [CHAT] 성공적으로 블록 2개를 채웠습니다 [9]
[J] [16:17:14] [Render thread/INFO]: [System] [CHAT] -2936, -50, 2998에 있는 블록을 바꿨습니다
[J] [16:17:14] [Render thread/INFO]: [System] [CHAT] -2936, -49, 2998에 있는 블록을 바꿨습니다
[J] [16:17:14] [Render thread/INFO]: [System] [CHAT] -2936, -48, 2998에 있는 블록을 바꿨습니다
[J] [16:17:14] [Render thread/INFO]: [System] [CHAT] -2936, -47, 2998에 있는 블록을 바꿨습니다
[J] [16:17:14] [Render thread/INFO]: [System] [CHAT] -2936, -46, 2998에 있는 블록을 바꿨습니다
[J] [16:17:14] [Render thread/INFO]: [System] [CHAT] -2936, -41, 2998에 있는 블록을 바꿨습니다
[J] [16:17:14] [Render thread/INFO]: [System] [CHAT] -2936, -53, 2999에 있는 블록을 바꿨습니다
[J] [16:17:14] [Render thread/INFO]: [System] [CHAT] -2936, -51, 2999에 있는 블록을 바꿨습니다
[J] [16:17:14] [Render thread/INFO]: [System] [CHAT] -2936, -30, 2999에 있는 블록을 바꿨습니다
[J] [16:17:14] [Render thread/INFO]: [System] [CHAT] -2936, -53, 3000에 있는 블록을 바꿨습니다
[J] [16:17:14] [Render thread/INFO]: [System] [CHAT] -2936, -52, 3000에 있는 블록을 바꿨습니다
[J] [16:17:14] [Render thread/INFO]: [System] [CHAT] 성공적으로 블록 2개를 채웠습니다
[J] [16:17:14] [Render thread/INFO]: [System] [CHAT] 성공적으로 블록 2개를 채웠습니다 [2]
[J] [16:17:14] [Render thread/INFO]: [System] [CHAT] -2936, -53, 3001에 있는 블록을 바꿨습니다
[J] [16:17:14] [Render thread/INFO]: [System] [CHAT] -2936, -38, 3001에 있는 블록을 바꿨습니다
[J] [16:17:14] [Render thread/INFO]: [System] [CHAT] 성공적으로 블록 2개를 채웠습니다 [3]
[J] [16:17:14] [Render thread/INFO]: [System] [CHAT] -2936, -52, 3003에 있는 블록을 바꿨습니다
[J] [16:17:14] [Render thread/INFO]: [System] [CHAT] -2936, -53, 3004에 있는 블록을 바꿨습니다
[J] [16:17:14] [Render thread/INFO]: [System] [CHAT] -2936, -52, 3004에 있는 블록을 바꿨습니다
[J] [16:17:14] [Render thread/INFO]: [System] [CHAT] 성공적으로 블록 2개를 채웠습니다 [4]
[J] [16:17:14] [Render thread/INFO]: [System] [CHAT] -2936, -53, 3007에 있는 블록을 바꿨습니다
[J] [16:17:14] [Render thread/INFO]: [System] [CHAT] 성공적으로 블록 4개를 채웠습니다
[J] [16:17:14] [Render thread/INFO]: [System] [CHAT] 성공적으로 블록 2개를 채웠습니다 [5]
[J] [16:17:14] [Render thread/INFO]: [System] [CHAT] 성공적으로 블록 5개를 채웠습니다
[J] [16:17:14] [Render thread/INFO]: [System] [CHAT] -2935, -40, 2992에 있는 블록을 바꿨습니다
[J] [16:17:14] [Render thread/INFO]: [System] [CHAT] -2935, -39, 2992에 있는 블록을 바꿨습니다
[J] [16:17:14] [Render thread/INFO]: [System] [CHAT] 성공적으로 블록 4개를 채웠습니다 [2]
[J] [16:17:14] [Render thread/INFO]: [System] [CHAT] -2935, -30, 2992에 있는 블록을 바꿨습니다
[J] [16:17:14] [Render thread/INFO]: [System] [CHAT] -2935, -42, 2993에 있는 블록을 바꿨습니다
[J] [16:17:14] [Render thread/INFO]: [System] [CHAT] 성공적으로 블록 3개를 채웠습니다
[J] [16:17:14] [Render thread/INFO]: [System] [CHAT] -2935, -52, 2994에 있는 블록을 바꿨습니다
[J] [16:17:14] [Render thread/INFO]: [System] [CHAT] -2935, -40, 2994에 있는 블록을 바꿨습니다
[J] [16:17:14] [Render thread/INFO]: [System] [CHAT] -2935, -39, 2994에 있는 블록을 바꿨습니다
[J] [16:17:14] [Render thread/INFO]: [System] [CHAT] -2935, -53, 2995에 있는 블록을 바꿨습니다
[J] [16:17:14] [Render thread/INFO]: [System] [CHAT] -2935, -42, 2995에 있는 블록을 바꿨습니다
[J] [16:17:14] [Render thread/INFO]: [System] [CHAT] -2935, -41, 2995에 있는 블록을 바꿨습니다
[J] [16:17:14] [Render thread/INFO]: [System] [CHAT] -2935, -40, 2995에 있는 블록을 바꿨습니다
[J] [16:17:14] [Render thread/INFO]: [System] [CHAT] -2935, -39, 2995에 있는 블록을 바꿨습니다
[J] [16:17:14] [Render thread/INFO]: [System] [CHAT] -2935, -38, 2995에 있는 블록을 바꿨습니다
[J] [16:17:14] [Render thread/INFO]: [System] [CHAT] 성공적으로 블록 2개를 채웠습니다
[J] [16:17:14] [Render thread/INFO]: [System] [CHAT] 성공적으로 블록 7개를 채웠습니다
[J] [16:17:14] [Render thread/INFO]: [System] [CHAT] 성공적으로 블록 3개를 채웠습니다
[J] [16:17:14] [Render thread/INFO]: [System] [CHAT] -2935, -39, 2996에 있는 블록을 바꿨습니다
[J] [16:17:14] [Render thread/INFO]: [System] [CHAT] -2935, -38, 2996에 있는 블록을 바꿨습니다
[J] [16:17:14] [Render thread/INFO]: [System] [CHAT] 성공적으로 블록 3개를 채웠습니다 [2]
[J] [16:17:14] [Render thread/INFO]: [System] [CHAT] -2935, -32, 2996에 있는 블록을 바꿨습니다
[J] [16:17:14] [Render thread/INFO]: [System] [CHAT] 성공적으로 블록 4개를 채웠습니다
[J] [16:17:14] [Render thread/INFO]: [System] [CHAT] 성공적으로 블록 4개를 채웠습니다 [2]
[J] [16:17:14] [Render thread/INFO]: [System] [CHAT] 성공적으로 블록 4개를 채웠습니다 [3]
[J] [16:17:14] [Render thread/INFO]: [System] [CHAT] 성공적으로 블록 2개를 채웠습니다
[J] [16:17:14] [Render thread/INFO]: [System] [CHAT] -2935, -51, 2997에 있는 블록을 바꿨습니다
[J] [16:17:14] [Render thread/INFO]: [System] [CHAT] 성공적으로 블록 2개를 채웠습니다 [2]
[J] [16:17:14] [Render thread/INFO]: [System] [CHAT] 성공적으로 블록 6개를 채웠습니다
[J] [16:17:14] [Render thread/INFO]: [System] [CHAT] 성공적으로 블록 2개를 채웠습니다 [3]
[J] [16:17:14] [Render thread/INFO]: [System] [CHAT] -2935, -33, 2997에 있는 블록을 바꿨습니다
[J] [16:17:14] [Render thread/INFO]: [System] [CHAT] -2935, -32, 2997에 있는 블록을 바꿨습니다
[J] [16:17:14] [Render thread/INFO]: [System] [CHAT] -2935, -28, 2997에 있는 블록을 바꿨습니다
[J] [16:17:14] [Render thread/INFO]: [System] [CHAT] 성공적으로 블록 2개를 채웠습니다 [4]
[J] [16:17:14] [Render thread/INFO]: [System] [CHAT] 성공적으로 블록 2개를 채웠습니다 [5]
[J] [16:17:14] [Render thread/INFO]: [System] [CHAT] -2935, -52, 2998에 있는 블록을 바꿨습니다
[J] [16:17:14] [Render thread/INFO]: [System] [CHAT] -2935, -41, 2998에 있는 블록을 바꿨습니다
[J] [16:17:14] [Render thread/INFO]: [System] [CHAT] -2935, -33, 2998에 있는 블록을 바꿨습니다
[J] [16:17:14] [Render thread/INFO]: [System] [CHAT] -2935, -32, 2998에 있는 블록을 바꿨습니다
[J] [16:17:14] [Render thread/INFO]: [System] [CHAT] -2935, -28, 2998에 있는 블록을 바꿨습니다
[J] [16:17:14] [Render thread/INFO]: [System] [CHAT] 성공적으로 블록 2개를 채웠습니다
[J] [16:17:14] [Render thread/INFO]: [System] [CHAT] 성공적으로 블록 10개를 채웠습니다
[J] [16:17:14] [Render thread/INFO]: [System] [CHAT] -2935, -38, 2999에 있는 블록을 바꿨습니다
[J] [16:17:14] [Render thread/INFO]: [System] [CHAT] 성공적으로 블록 3개를 채웠습니다
[J] [16:17:14] [Render thread/INFO]: [System] [CHAT] -2935, -32, 2999에 있는 블록을 바꿨습니다
[J] [16:17:14] [Render thread/INFO]: [System] [CHAT] 성공적으로 블록 2개를 채웠습니다 [2]
[J] [16:17:14] [Render thread/INFO]: [System] [CHAT] -2935, -52, 3000에 있는 블록을 바꿨습니다
[J] [16:17:14] [Render thread/INFO]: [System] [CHAT] 성공적으로 블록 10개를 채웠습니다
[J] [16:17:14] [Render thread/INFO]: [System] [CHAT] -2935, -40, 3000에 있는 블록을 바꿨습니다
[J] [16:17:14] [Render thread/INFO]: [System] [CHAT] -2935, -39, 3000에 있는 블록을 바꿨습니다
[J] [16:17:14] [Render thread/INFO]: [System] [CHAT] -2935, -38, 3000에 있는 블록을 바꿨습니다
[J] [16:17:14] [Render thread/INFO]: [System] [CHAT] -2935, -35, 3000에 있는 블록을 바꿨습니다
[J] [16:17:14] [Render thread/INFO]: [System] [CHAT] -2935, -53, 3001에 있는 블록을 바꿨습니다
[J] [16:17:14] [Render thread/INFO]: [System] [CHAT] 성공적으로 블록 3개를 채웠습니다
[J] [16:17:14] [Render thread/INFO]: [System] [CHAT] -2935, -53, 3002에 있는 블록을 바꿨습니다
[J] [16:17:14] [Render thread/INFO]: [System] [CHAT] -2935, -53, 3003에 있는 블록을 바꿨습니다
[J] [16:17:14] [Render thread/INFO]: [System] [CHAT] 성공적으로 블록 2개를 채웠습니다
[J] [16:17:14] [Render thread/INFO]: [System] [CHAT] 성공적으로 블록 2개를 채웠습니다 [2]
[J] [16:17:14] [Render thread/INFO]: [System] [CHAT] 성공적으로 블록 2개를 채웠습니다 [3]
[J] [16:17:14] [Render thread/INFO]: [System] [CHAT] -2935, -53, 3006에 있는 블록을 바꿨습니다
[J] [16:17:14] [Render thread/INFO]: [System] [CHAT] -2935, -53, 3007에 있는 블록을 바꿨습니다
[J] [16:17:14] [Render thread/INFO]: [System] [CHAT] 성공적으로 블록 2개를 채웠습니다 [4]
[J] [16:17:14] [Render thread/INFO]: [System] [CHAT] -2934, -43, 2992에 있는 블록을 바꿨습니다
[J] [16:17:14] [Render thread/INFO]: [System] [CHAT] 성공적으로 블록 4개를 채웠습니다
[J] [16:17:14] [Render thread/INFO]: [System] [CHAT] 성공적으로 블록 12개를 채웠습니다
[J] [16:17:14] [Render thread/INFO]: [System] [CHAT] 성공적으로 블록 3개를 채웠습니다
[J] [16:17:14] [Render thread/INFO]: [System] [CHAT] 성공적으로 블록 3개를 채웠습니다 [2]
[J] [16:17:15] [Render thread/INFO]: [System] [CHAT] 성공적으로 블록 3개를 채웠습니다 [3]
[J] [16:17:15] [Render thread/INFO]: [System] [CHAT] 성공적으로 블록 2개를 채웠습니다 [5]
[J] [16:17:15] [Render thread/INFO]: [System] [CHAT] 성공적으로 블록 3개를 채웠습니다 [4]
[J] [16:17:15] [Render thread/INFO]: [System] [CHAT] -2934, -53, 2993에 있는 블록을 바꿨습니다
[J] [16:17:15] [Render thread/INFO]: [System] [CHAT] -2934, -43, 2993에 있는 블록을 바꿨습니다
[J] [16:17:15] [Render thread/INFO]: [System] [CHAT] -2934, -32, 2993에 있는 블록을 바꿨습니다
[J] [16:17:15] [Render thread/INFO]: [System] [CHAT] 성공적으로 블록 2개를 채웠습니다 [6]
[J] [16:17:15] [Render thread/INFO]: [System] [CHAT] -2934, -43, 2994에 있는 블록을 바꿨습니다
[J] [16:17:15] [Render thread/INFO]: [System] [CHAT] -2934, -32, 2994에 있는 블록을 바꿨습니다
[J] [16:17:15] [Render thread/INFO]: [System] [CHAT] -2934, -30, 2994에 있는 블록을 바꿨습니다
[J] [16:17:15] [Render thread/INFO]: [System] [CHAT] -2934, -53, 2995에 있는 블록을 바꿨습니다
[J] [16:17:15] [Render thread/INFO]: [System] [CHAT] -2934, -51, 2995에 있는 블록을 바꿨습니다
[J] [16:17:15] [Render thread/INFO]: [System] [CHAT] 성공적으로 블록 4개를 채웠습니다
[J] [16:17:15] [Render thread/INFO]: [System] [CHAT] -2934, -43, 2995에 있는 블록을 바꿨습니다
[J] [16:17:15] [Render thread/INFO]: [System] [CHAT] 성공적으로 블록 8개를 채웠습니다
[J] [16:17:15] [Render thread/INFO]: [System] [CHAT] 성공적으로 블록 7개를 채웠습니다
[J] [16:17:15] [Render thread/INFO]: [System] [CHAT] 성공적으로 블록 2개를 채웠습니다
[J] [16:17:15] [Render thread/INFO]: [System] [CHAT] 성공적으로 블록 2개를 채웠습니다 [2]
[J] [16:17:15] [Render thread/INFO]: [System] [CHAT] -2934, -51, 2996에 있는 블록을 바꿨습니다
[J] [16:17:15] [Render thread/INFO]: [System] [CHAT] 성공적으로 블록 2개를 채웠습니다 [3]
[J] [16:17:15] [Render thread/INFO]: [System] [CHAT] 성공적으로 블록 2개를 채웠습니다 [4]
[J] [16:17:15] [Render thread/INFO]: [System] [CHAT] 성공적으로 블록 4개를 채웠습니다
[J] [16:17:15] [Render thread/INFO]: [System] [CHAT] -2934, -33, 2996에 있는 블록을 바꿨습니다
[J] [16:17:15] [Render thread/INFO]: [System] [CHAT] 성공적으로 블록 4개를 채웠습니다 [2]
[J] [16:17:15] [Render thread/INFO]: [System] [CHAT] 성공적으로 블록 4개를 채웠습니다 [3]
[J] [16:17:15] [Render thread/INFO]: [System] [CHAT] -2934, -29, 2996에 있는 블록을 바꿨습니다
[J] [16:17:15] [Render thread/INFO]: [System] [CHAT] -2934, -22, 2996에 있는 블록을 바꿨습니다
[J] [16:17:15] [Render thread/INFO]: [System] [CHAT] 성공적으로 블록 2개를 채웠습니다 [5]
[J] [16:17:15] [Render thread/INFO]: [System] [CHAT] 성공적으로 블록 2개를 채웠습니다 [6]
[J] [16:17:15] [Render thread/INFO]: [System] [CHAT] 성공적으로 블록 8개를 채웠습니다
[J] [16:17:15] [Render thread/INFO]: [System] [CHAT] 성공적으로 블록 2개를 채웠습니다 [7]
[J] [16:17:15] [Render thread/INFO]: [System] [CHAT] 성공적으로 블록 4개를 채웠습니다 [4]
[J] [16:17:15] [Render thread/INFO]: [System] [CHAT] 성공적으로 블록 2개를 채웠습니다 [8]
[J] [16:17:15] [Render thread/INFO]: [System] [CHAT] -2934, -53, 2998에 있는 블록을 바꿨습니다
[J] [16:17:15] [Render thread/INFO]: [System] [CHAT] 성공적으로 블록 3개를 채웠습니다
[J] [16:17:15] [Render thread/INFO]: [System] [CHAT] -2934, -39, 2998에 있는 블록을 바꿨습니다
[J] [16:17:15] [Render thread/INFO]: [System] [CHAT] 성공적으로 블록 4개를 채웠습니다 [5]
[J] [16:17:15] [Render thread/INFO]: [System] [CHAT] 성공적으로 블록 3개를 채웠습니다 [2]
[J] [16:17:15] [Render thread/INFO]: [System] [CHAT] 성공적으로 블록 2개를 채웠습니다 [9]
[J] [16:17:15] [Render thread/INFO]: [System] [CHAT] 성공적으로 블록 10개를 채웠습니다
[J] [16:17:15] [Render thread/INFO]: [System] [CHAT] -2934, -40, 2999에 있는 블록을 바꿨습니다
[J] [16:17:15] [Render thread/INFO]: [System] [CHAT] -2934, -39, 2999에 있는 블록을 바꿨습니다
[J] [16:17:15] [Render thread/INFO]: [System] [CHAT] -2934, -33, 2999에 있는 블록을 바꿨습니다
[J] [16:17:15] [Render thread/INFO]: [System] [CHAT] -2934, -29, 2999에 있는 블록을 바꿨습니다
[J] [16:17:15] [Render thread/INFO]: [System] [CHAT] -2934, -51, 3000에 있는 블록을 바꿨습니다
[J] [16:17:15] [Render thread/INFO]: [System] [CHAT] 성공적으로 블록 10개를 채웠습니다
[J] [16:17:15] [Render thread/INFO]: [System] [CHAT] -2934, -40, 3000에 있는 블록을 바꿨습니다
[J] [16:17:15] [Render thread/INFO]: [System] [CHAT] -2934, -39, 3000에 있는 블록을 바꿨습니다
[J] [16:17:15] [Render thread/INFO]: [System] [CHAT] 성공적으로 블록 9개를 채웠습니다
[J] [16:17:15] [Render thread/INFO]: [System] [CHAT] 성공적으로 블록 2개를 채웠습니다
[J] [16:17:15] [Render thread/INFO]: [System] [CHAT] 성공적으로 블록 2개를 채웠습니다 [2]
[J] [16:17:15] [Render thread/INFO]: [System] [CHAT] -2934, -40, 3001에 있는 블록을 바꿨습니다
[J] [16:17:15] [Render thread/INFO]: [System] [CHAT] -2934, -39, 3001에 있는 블록을 바꿨습니다
[J] [16:17:15] [Render thread/INFO]: [System] [CHAT] -2934, -32, 3001에 있는 블록을 바꿨습니다
[J] [16:17:15] [Render thread/INFO]: [System] [CHAT] -2934, -30, 3001에 있는 블록을 바꿨습니다
[J] [16:17:15] [Render thread/INFO]: [System] [CHAT] -2934, -53, 3002에 있는 블록을 바꿨습니다
[J] [16:17:15] [Render thread/INFO]: [System] [CHAT] 성공적으로 블록 2개를 채웠습니다
[J] [16:17:15] [Render thread/INFO]: [System] [CHAT] -2934, -53, 3003에 있는 블록을 바꿨습니다
[J] [16:17:15] [Render thread/INFO]: [System] [CHAT] -2934, -52, 3003에 있는 블록을 바꿨습니다
[J] [16:17:15] [Render thread/INFO]: [System] [CHAT] 성공적으로 블록 2개를 채웠습니다 [2]
[J] [16:17:15] [Render thread/INFO]: [System] [CHAT] -2934, -53, 3006에 있는 블록을 바꿨습니다
[J] [16:17:15] [Render thread/INFO]: [System] [CHAT] -2934, -53, 3007에 있는 블록을 바꿨습니다
[J] [16:17:15] [Render thread/INFO]: [System] [CHAT] -2933, -52, 2992에 있는 블록을 바꿨습니다
[J] [16:17:15] [Render thread/INFO]: [System] [CHAT] 성공적으로 블록 3개를 채웠습니다
[J] [16:17:15] [Render thread/INFO]: [System] [CHAT] -2933, -32, 2992에 있는 블록을 바꿨습니다
[J] [16:17:15] [Render thread/INFO]: [System] [CHAT] 성공적으로 블록 2개를 채웠습니다
[J] [16:17:15] [Render thread/INFO]: [System] [CHAT] 성공적으로 블록 6개를 채웠습니다
[J] [16:17:15] [Render thread/INFO]: [System] [CHAT] 성공적으로 블록 6개를 채웠습니다 [2]
[J] [16:17:15] [Render thread/INFO]: [System] [CHAT] 성공적으로 블록 3개를 채웠습니다 [2]
[J] [16:17:15] [Render thread/INFO]: [System] [CHAT] -2933, -24, 2992에 있는 블록을 바꿨습니다
[J] [16:17:15] [Render thread/INFO]: [System] [CHAT] -2933, -23, 2992에 있는 블록을 바꿨습니다
[J] [16:17:15] [Render thread/INFO]: [System] [CHAT] -2933, -22, 2992에 있는 블록을 바꿨습니다
[J] [16:17:15] [Render thread/INFO]: [System] [CHAT] 성공적으로 블록 2개를 채웠습니다
[J] [16:17:15] [Render thread/INFO]: [System] [CHAT] 성공적으로 블록 3개를 채웠습니다 [3]
[J] [16:17:15] [Render thread/INFO]: [System] [CHAT] 성공적으로 블록 3개를 채웠습니다 [4]
[J] [16:17:15] [Render thread/INFO]: [System] [CHAT] -2933, -10, 2992에 있는 블록을 바꿨습니다
[J] [16:17:15] [Render thread/INFO]: [System] [CHAT] -2933, -9, 2992에 있는 블록을 바꿨습니다
[J] [16:17:15] [Render thread/INFO]: [System] [CHAT] -2933, -8, 2992에 있는 블록을 바꿨습니다
[J] [16:17:15] [Render thread/INFO]: [System] [CHAT] 성공적으로 블록 2개를 채웠습니다 [2]
[J] [16:17:15] [Render thread/INFO]: [System] [CHAT] -2933, -52, 2993에 있는 블록을 바꿨습니다
[J] [16:17:15] [Render thread/INFO]: [System] [CHAT] -2933, -32, 2993에 있는 블록을 바꿨습니다
[J] [16:17:15] [Render thread/INFO]: [System] [CHAT] 성공적으로 블록 2개를 채웠습니다 [3]
[J] [16:17:15] [Render thread/INFO]: [System] [CHAT] 성공적으로 블록 3개를 채웠습니다
[J] [16:17:15] [Render thread/INFO]: [System] [CHAT] 성공적으로 블록 2개를 채웠습니다 [4]
[J] [16:17:15] [Render thread/INFO]: [System] [CHAT] 성공적으로 블록 4개를 채웠습니다
[J] [16:17:15] [Render thread/INFO]: [System] [CHAT] -2933, -22, 2993에 있는 블록을 바꿨습니다
[J] [16:17:15] [Render thread/INFO]: [System] [CHAT] 성공적으로 블록 2개를 채웠습니다 [5]
[J] [16:17:15] [Render thread/INFO]: [System] [CHAT] -2933, -19, 2993에 있는 블록을 바꿨습니다
[J] [16:17:15] [Render thread/INFO]: [System] [CHAT] -2933, -18, 2993에 있는 블록을 바꿨습니다
[J] [16:17:15] [Render thread/INFO]: [System] [CHAT] 성공적으로 블록 2개를 채웠습니다 [6]
[J] [16:17:15] [Render thread/INFO]: [System] [CHAT] 성공적으로 블록 2개를 채웠습니다 [7]
[J] [16:17:15] [Render thread/INFO]: [System] [CHAT] -2933, -31, 2994에 있는 블록을 바꿨습니다
[J] [16:17:15] [Render thread/INFO]: [System] [CHAT] -2933, -30, 2994에 있는 블록을 바꿨습니다
[J] [16:17:15] [Render thread/INFO]: [System] [CHAT] -2933, -53, 2995에 있는 블록을 바꿨습니다
[J] [16:17:15] [Render thread/INFO]: [System] [CHAT] 성공적으로 블록 2개를 채웠습니다 [8]
[J] [16:17:15] [Render thread/INFO]: [System] [CHAT] -2933, -51, 2995에 있는 블록을 바꿨습니다
[J] [16:17:15] [Render thread/INFO]: [System] [CHAT] 성공적으로 블록 3개를 채웠습니다
[J] [16:17:15] [Render thread/INFO]: [System] [CHAT] 성공적으로 블록 2개를 채웠습니다 [9]
[J] [16:17:15] [Render thread/INFO]: [System] [CHAT] 성공적으로 블록 2개를 채웠습니다 [10]
[J] [16:17:15] [Render thread/INFO]: [System] [CHAT] -2933, -31, 2995에 있는 블록을 바꿨습니다
[J] [16:17:15] [Render thread/INFO]: [System] [CHAT] -2933, -30, 2995에 있는 블록을 바꿨습니다
[J] [16:17:15] [Render thread/INFO]: [System] [CHAT] -2933, -29, 2995에 있는 블록을 바꿨습니다
[J] [16:17:15] [Render thread/INFO]: [System] [CHAT] -2933, -28, 2995에 있는 블록을 바꿨습니다
[J] [16:17:15] [Render thread/INFO]: [System] [CHAT] 성공적으로 블록 7개를 채웠습니다
[J] [16:17:15] [Render thread/INFO]: [System] [CHAT] -2933, -52, 2996에 있는 블록을 바꿨습니다
[J] [16:17:15] [Render thread/INFO]: [System] [CHAT] -2933, -51, 2996에 있는 블록을 바꿨습니다
[J] [16:17:15] [Render thread/INFO]: [System] [CHAT] -2933, -50, 2996에 있는 블록을 바꿨습니다
[J] [16:17:15] [Render thread/INFO]: [System] [CHAT] -2933, -40, 2996에 있는 블록을 바꿨습니다
[J] [16:17:15] [Render thread/INFO]: [System] [CHAT] -2933, -39, 2996에 있는 블록을 바꿨습니다
[J] [16:17:15] [Render thread/INFO]: [System] [CHAT] 성공적으로 블록 4개를 채웠습니다
[J] [16:17:15] [Render thread/INFO]: [System] [CHAT] -2933, -31, 2996에 있는 블록을 바꿨습니다
[J] [16:17:15] [Render thread/INFO]: [System] [CHAT] -2933, -29, 2996에 있는 블록을 바꿨습니다
[J] [16:17:15] [Render thread/INFO]: [System] [CHAT] 성공적으로 블록 2개를 채웠습니다
[J] [16:17:15] [Render thread/INFO]: [System] [CHAT] -2933, -26, 2996에 있는 블록을 바꿨습니다
[J] [16:17:15] [Render thread/INFO]: [System] [CHAT] -2933, -52, 2997에 있는 블록을 바꿨습니다
[J] [16:17:15] [Render thread/INFO]: [System] [CHAT] -2933, -51, 2997에 있는 블록을 바꿨습니다
[J] [16:17:15] [Render thread/INFO]: [System] [CHAT] 성공적으로 블록 2개를 채웠습니다 [2]
[J] [16:17:15] [Render thread/INFO]: [System] [CHAT] 성공적으로 블록 3개를 채웠습니다
[J] [16:17:15] [Render thread/INFO]: [System] [CHAT] 성공적으로 블록 2개를 채웠습니다 [3]
[J] [16:17:15] [Render thread/INFO]: [System] [CHAT] -2933, -53, 2998에 있는 블록을 바꿨습니다
[J] [16:17:15] [Render thread/INFO]: [System] [CHAT] -2933, -51, 2998에 있는 블록을 바꿨습니다
[J] [16:17:15] [Render thread/INFO]: [System] [CHAT] -2933, -40, 2998에 있는 블록을 바꿨습니다
[J] [16:17:15] [Render thread/INFO]: [System] [CHAT] -2933, -39, 2998에 있는 블록을 바꿨습니다
[J] [16:17:15] [Render thread/INFO]: [System] [CHAT] -2933, -52, 2999에 있는 블록을 바꿨습니다
[J] [16:17:15] [Render thread/INFO]: [System] [CHAT] -2933, -51, 2999에 있는 블록을 바꿨습니다
[J] [16:17:15] [Render thread/INFO]: [System] [CHAT] -2933, -50, 2999에 있는 블록을 바꿨습니다
[J] [16:17:15] [Render thread/INFO]: [System] [CHAT] -2933, -29, 2999에 있는 블록을 바꿨습니다
[J] [16:17:15] [Render thread/INFO]: [System] [CHAT] 성공적으로 블록 2개를 채웠습니다
[J] [16:17:15] [Render thread/INFO]: [System] [CHAT] -2933, -26, 2999에 있는 블록을 바꿨습니다
[J] [16:17:15] [Render thread/INFO]: [System] [CHAT] -2933, -53, 3000에 있는 블록을 바꿨습니다
[J] [16:17:15] [Render thread/INFO]: [System] [CHAT] -2933, -52, 3000에 있는 블록을 바꿨습니다
[J] [16:17:15] [Render thread/INFO]: [System] [CHAT] -2933, -51, 3000에 있는 블록을 바꿨습니다
[J] [16:17:15] [Render thread/INFO]: [System] [CHAT] -2933, -40, 3000에 있는 블록을 바꿨습니다
[J] [16:17:15] [Render thread/INFO]: [System] [CHAT] -2933, -39, 3000에 있는 블록을 바꿨습니다
[J] [16:17:15] [Render thread/INFO]: [System] [CHAT] -2933, -31, 3000에 있는 블록을 바꿨습니다
[J] [16:17:15] [Render thread/INFO]: [System] [CHAT] -2933, -30, 3000에 있는 블록을 바꿨습니다
[J] [16:17:15] [Render thread/INFO]: [System] [CHAT] -2933, -29, 3000에 있는 블록을 바꿨습니다
[J] [16:17:15] [Render thread/INFO]: [System] [CHAT] -2933, -28, 3000에 있는 블록을 바꿨습니다
[J] [16:17:15] [Render thread/INFO]: [System] [CHAT] -2933, -27, 3000에 있는 블록을 바꿨습니다
[J] [16:17:15] [Render thread/INFO]: [System] [CHAT] -2933, -32, 3001에 있는 블록을 바꿨습니다
[J] [16:17:15] [Render thread/INFO]: [System] [CHAT] -2933, -31, 3001에 있는 블록을 바꿨습니다
[J] [16:17:15] [Render thread/INFO]: [System] [CHAT] -2933, -30, 3001에 있는 블록을 바꿨습니다
[J] [16:17:15] [Render thread/INFO]: [System] [CHAT] -2933, -53, 3002에 있는 블록을 바꿨습니다
[J] [16:17:15] [Render thread/INFO]: [System] [CHAT] 성공적으로 블록 4개를 채웠습니다
[J] [16:17:15] [Render thread/INFO]: [System] [CHAT] 성공적으로 블록 3개를 채웠습니다
[J] [16:17:15] [Render thread/INFO]: [System] [CHAT] 성공적으로 블록 3개를 채웠습니다 [2]
[J] [16:17:15] [Render thread/INFO]: [System] [CHAT] -2933, -53, 3005에 있는 블록을 바꿨습니다
[J] [16:17:15] [Render thread/INFO]: [System] [CHAT] -2933, -53, 3006에 있는 블록을 바꿨습니다
[J] [16:17:15] [Render thread/INFO]: [System] [CHAT] -2933, -53, 3007에 있는 블록을 바꿨습니다
[J] [16:17:15] [Render thread/INFO]: [System] [CHAT] -2932, -52, 2992에 있는 블록을 바꿨습니다
[J] [16:17:15] [Render thread/INFO]: [System] [CHAT] 성공적으로 블록 3개를 채웠습니다 [3]
[J] [16:17:15] [Render thread/INFO]: [System] [CHAT] -2932, -27, 2992에 있는 블록을 바꿨습니다
[J] [16:17:15] [Render thread/INFO]: [System] [CHAT] 성공적으로 블록 3개를 채웠습니다 [4]
[J] [16:17:15] [Render thread/INFO]: [System] [CHAT] -2932, -25, 2992에 있는 블록을 바꿨습니다
[J] [16:17:15] [Render thread/INFO]: [System] [CHAT] -2932, -24, 2992에 있는 블록을 바꿨습니다
[J] [16:17:15] [Render thread/INFO]: [System] [CHAT] -2932, -23, 2992에 있는 블록을 바꿨습니다
[J] [16:17:15] [Render thread/INFO]: [System] [CHAT] -2932, -22, 2992에 있는 블록을 바꿨습니다
[J] [16:17:15] [Render thread/INFO]: [System] [CHAT] 성공적으로 블록 2개를 채웠습니다
[J] [16:17:15] [Render thread/INFO]: [System] [CHAT] -2932, -20, 2992에 있는 블록을 바꿨습니다
[J] [16:17:15] [Render thread/INFO]: [System] [CHAT] -2932, -18, 2992에 있는 블록을 바꿨습니다
[J] [16:17:16] [Render thread/INFO]: [System] [CHAT] -2932, -52, 2993에 있는 블록을 바꿨습니다
[J] [16:17:16] [Render thread/INFO]: [System] [CHAT] 성공적으로 블록 2개를 채웠습니다 [2]
[J] [16:17:16] [Render thread/INFO]: [System] [CHAT] -2932, -27, 2993에 있는 블록을 바꿨습니다
[J] [16:17:16] [Render thread/INFO]: [System] [CHAT] -2932, -25, 2993에 있는 블록을 바꿨습니다
[J] [16:17:16] [Render thread/INFO]: [System] [CHAT] -2932, -23, 2993에 있는 블록을 바꿨습니다
[J] [16:17:16] [Render thread/INFO]: [System] [CHAT] -2932, -22, 2993에 있는 블록을 바꿨습니다
[J] [16:17:16] [Render thread/INFO]: [System] [CHAT] -2932, -20, 2993에 있는 블록을 바꿨습니다
[J] [16:17:16] [Render thread/INFO]: [System] [CHAT] -2932, -19, 2993에 있는 블록을 바꿨습니다
[J] [16:17:16] [Render thread/INFO]: [System] [CHAT] -2932, -53, 2994에 있는 블록을 바꿨습니다
[J] [16:17:16] [Render thread/INFO]: [System] [CHAT] -2932, -27, 2994에 있는 블록을 바꿨습니다
[J] [16:17:16] [Render thread/INFO]: [System] [CHAT] -2932, -25, 2994에 있는 블록을 바꿨습니다
[J] [16:17:16] [Render thread/INFO]: [System] [CHAT] 성공적으로 블록 2개를 채웠습니다
[J] [16:17:16] [Render thread/INFO]: [System] [CHAT] -2932, -22, 2994에 있는 블록을 바꿨습니다
[J] [16:17:16] [Render thread/INFO]: [System] [CHAT] -2932, -21, 2994에 있는 블록을 바꿨습니다
[J] [16:17:16] [Render thread/INFO]: [System] [CHAT] 성공적으로 블록 2개를 채웠습니다 [2]
[J] [16:17:16] [Render thread/INFO]: [System] [CHAT] 성공적으로 블록 10개를 채웠습니다
[J] [16:17:16] [Render thread/INFO]: [System] [CHAT] -2932, -19, 2995에 있는 블록을 바꿨습니다
[J] [16:17:16] [Render thread/INFO]: [System] [CHAT] -2932, -52, 2996에 있는 블록을 바꿨습니다
[J] [16:17:16] [Render thread/INFO]: [System] [CHAT] -2932, -28, 2996에 있는 블록을 바꿨습니다
[J] [16:17:16] [Render thread/INFO]: [System] [CHAT] -2932, -27, 2996에 있는 블록을 바꿨습니다
[J] [16:17:16] [Render thread/INFO]: [System] [CHAT] -2932, -26, 2996에 있는 블록을 바꿨습니다
[J] [16:17:16] [Render thread/INFO]: [System] [CHAT] -2932, -20, 2996에 있는 블록을 바꿨습니다
[J] [16:17:16] [Render thread/INFO]: [System] [CHAT] -2932, -53, 2997에 있는 블록을 바꿨습니다
[J] [16:17:16] [Render thread/INFO]: [System] [CHAT] -2932, -52, 2997에 있는 블록을 바꿨습니다
[J] [16:17:16] [Render thread/INFO]: [System] [CHAT] -2932, -27, 2997에 있는 블록을 바꿨습니다
[J] [16:17:16] [Render thread/INFO]: [System] [CHAT] -2932, -26, 2997에 있는 블록을 바꿨습니다
[J] [16:17:16] [Render thread/INFO]: [System] [CHAT] -2932, -53, 2998에 있는 블록을 바꿨습니다
[J] [16:17:16] [Render thread/INFO]: [System] [CHAT] -2932, -27, 2998에 있는 블록을 바꿨습니다
[J] [16:17:16] [Render thread/INFO]: [System] [CHAT] -2932, -26, 2998에 있는 블록을 바꿨습니다
[J] [16:17:16] [Render thread/INFO]: [System] [CHAT] -2932, -52, 2999에 있는 블록을 바꿨습니다
[J] [16:17:16] [Render thread/INFO]: [System] [CHAT] -2932, -28, 2999에 있는 블록을 바꿨습니다
[J] [16:17:16] [Render thread/INFO]: [System] [CHAT] -2932, -27, 2999에 있는 블록을 바꿨습니다
[J] [16:17:16] [Render thread/INFO]: [System] [CHAT] -2932, -26, 2999에 있는 블록을 바꿨습니다
[J] [16:17:16] [Render thread/INFO]: [System] [CHAT] -2932, -53, 3000에 있는 블록을 바꿨습니다
[J] [16:17:16] [Render thread/INFO]: [System] [CHAT] -2932, -52, 3000에 있는 블록을 바꿨습니다
[J] [16:17:16] [Render thread/INFO]: [System] [CHAT] 성공적으로 블록 2개를 채웠습니다
[J] [16:17:16] [Render thread/INFO]: [System] [CHAT] 성공적으로 블록 2개를 채웠습니다 [2]
[J] [16:17:16] [Render thread/INFO]: [System] [CHAT] 성공적으로 블록 3개를 채웠습니다
[J] [16:17:16] [Render thread/INFO]: [System] [CHAT] -2932, -52, 3007에 있는 블록을 바꿨습니다
[J] [16:17:16] [Render thread/INFO]: [System] [CHAT] 성공적으로 블록 22개를 채웠습니다
[J] [16:17:16] [Render thread/INFO]: [System] [CHAT] -2931, -32, 2993에 있는 블록을 바꿨습니다
[J] [16:17:16] [Render thread/INFO]: [System] [CHAT] -2931, -31, 2993에 있는 블록을 바꿨습니다
[J] [16:17:16] [Render thread/INFO]: [System] [CHAT] -2931, -32, 2994에 있는 블록을 바꿨습니다
[J] [16:17:16] [Render thread/INFO]: [System] [CHAT] -2931, -31, 2994에 있는 블록을 바꿨습니다
[J] [16:17:16] [Render thread/INFO]: [System] [CHAT] -2931, -20, 2994에 있는 블록을 바꿨습니다
[J] [16:17:16] [Render thread/INFO]: [System] [CHAT] 성공적으로 블록 2개를 채웠습니다
[J] [16:17:16] [Render thread/INFO]: [System] [CHAT] -2931, -34, 2995에 있는 블록을 바꿨습니다
[J] [16:17:16] [Render thread/INFO]: [System] [CHAT] -2931, -33, 2995에 있는 블록을 바꿨습니다
[J] [16:17:16] [Render thread/INFO]: [System] [CHAT] -2931, -32, 2995에 있는 블록을 바꿨습니다
[J] [16:17:16] [Render thread/INFO]: [System] [CHAT] 성공적으로 블록 6개를 채웠습니다
[J] [16:17:16] [Render thread/INFO]: [System] [CHAT] -2931, -23, 2995에 있는 블록을 바꿨습니다
[J] [16:17:16] [Render thread/INFO]: [System] [CHAT] -2931, -22, 2995에 있는 블록을 바꿨습니다
[J] [16:17:16] [Render thread/INFO]: [System] [CHAT] 성공적으로 블록 2개를 채웠습니다
[J] [16:17:16] [Render thread/INFO]: [System] [CHAT] -2931, -20, 2995에 있는 블록을 바꿨습니다
[J] [16:17:16] [Render thread/INFO]: [System] [CHAT] -2931, -19, 2995에 있는 블록을 바꿨습니다
[J] [16:17:16] [Render thread/INFO]: [System] [CHAT] -2931, -22, 2996에 있는 블록을 바꿨습니다
[J] [16:17:16] [Render thread/INFO]: [System] [CHAT] -2931, -20, 2996에 있는 블록을 바꿨습니다
[J] [16:17:16] [Render thread/INFO]: [System] [CHAT] 성공적으로 블록 2개를 채웠습니다 [2]
[J] [16:17:16] [Render thread/INFO]: [System] [CHAT] -2931, -25, 2997에 있는 블록을 바꿨습니다
[J] [16:17:16] [Render thread/INFO]: [System] [CHAT] -2931, -24, 2997에 있는 블록을 바꿨습니다
[J] [16:17:16] [Render thread/INFO]: [System] [CHAT] -2931, -22, 2997에 있는 블록을 바꿨습니다
[J] [16:17:16] [Render thread/INFO]: [System] [CHAT] -2931, -21, 2997에 있는 블록을 바꿨습니다
[J] [16:17:16] [Render thread/INFO]: [System] [CHAT] 성공적으로 블록 2개를 채웠습니다 [3]
[J] [16:17:16] [Render thread/INFO]: [System] [CHAT] -2931, -25, 2998에 있는 블록을 바꿨습니다
[J] [16:17:16] [Render thread/INFO]: [System] [CHAT] -2931, -24, 2998에 있는 블록을 바꿨습니다
[J] [16:17:16] [Render thread/INFO]: [System] [CHAT] -2931, -23, 2998에 있는 블록을 바꿨습니다
[J] [16:17:16] [Render thread/INFO]: [System] [CHAT] 성공적으로 블록 2개를 채웠습니다 [4]
[J] [16:17:16] [Render thread/INFO]: [System] [CHAT] 성공적으로 블록 3개를 채웠습니다
[J] [16:17:16] [Render thread/INFO]: [System] [CHAT] 성공적으로 블록 12개를 채웠습니다
[J] [16:17:16] [Render thread/INFO]: [System] [CHAT] 성공적으로 블록 10개를 채웠습니다
[J] [16:17:16] [Render thread/INFO]: [System] [CHAT] -2930, -30, 2992에 있는 블록을 바꿨습니다
[J] [16:17:16] [Render thread/INFO]: [System] [CHAT] 성공적으로 블록 2개를 채웠습니다 [5]
[J] [16:17:16] [Render thread/INFO]: [System] [CHAT] -2930, -15, 2992에 있는 블록을 바꿨습니다
[J] [16:17:16] [Render thread/INFO]: [System] [CHAT] 성공적으로 블록 4개를 채웠습니다
[J] [16:17:16] [Render thread/INFO]: [System] [CHAT] -2930, -31, 2993에 있는 블록을 바꿨습니다
[J] [16:17:16] [Render thread/INFO]: [System] [CHAT] -2930, -30, 2993에 있는 블록을 바꿨습니다
[J] [16:17:16] [Render thread/INFO]: [System] [CHAT] -2930, -29, 2993에 있는 블록을 바꿨습니다
[J] [16:17:16] [Render thread/INFO]: [System] [CHAT] -2930, -18, 2993에 있는 블록을 바꿨습니다
[J] [16:17:16] [Render thread/INFO]: [System] [CHAT] 성공적으로 블록 3개를 채웠습니다
[J] [16:17:16] [Render thread/INFO]: [System] [CHAT] -2930, -14, 2993에 있는 블록을 바꿨습니다
[J] [16:17:16] [Render thread/INFO]: [System] [CHAT] -2930, -19, 2994에 있는 블록을 바꿨습니다
[J] [16:17:16] [Render thread/INFO]: [System] [CHAT] -2930, -18, 2994에 있는 블록을 바꿨습니다
[J] [16:17:16] [Render thread/INFO]: [System] [CHAT] -2930, -17, 2994에 있는 블록을 바꿨습니다
[J] [16:17:16] [Render thread/INFO]: [System] [CHAT] -2930, -21, 2995에 있는 블록을 바꿨습니다
[J] [16:17:16] [Render thread/INFO]: [System] [CHAT] -2930, -53, 3004에 있는 블록을 바꿨습니다
[J] [16:17:16] [Render thread/INFO]: [System] [CHAT] -2930, -53, 3005에 있는 블록을 바꿨습니다
[J] [16:17:16] [Render thread/INFO]: [System] [CHAT] -2930, -53, 3006에 있는 블록을 바꿨습니다
[J] [16:17:16] [Render thread/INFO]: [System] [CHAT] -2930, -53, 3007에 있는 블록을 바꿨습니다
[J] [16:17:16] [Render thread/INFO]: [System] [CHAT] -2929, -53, 2992에 있는 블록을 바꿨습니다
[J] [16:17:16] [Render thread/INFO]: [System] [CHAT] -2929, -29, 2992에 있는 블록을 바꿨습니다
[J] [16:17:16] [Render thread/INFO]: [System] [CHAT] -2929, -28, 2992에 있는 블록을 바꿨습니다
[J] [16:17:16] [Render thread/INFO]: [System] [CHAT] -2929, -27, 2992에 있는 블록을 바꿨습니다
[J] [16:17:16] [Render thread/INFO]: [System] [CHAT] -2929, -12, 2992에 있는 블록을 바꿨습니다
[J] [16:17:16] [Render thread/INFO]: [System] [CHAT] -2929, -11, 2992에 있는 블록을 바꿨습니다
[J] [16:17:16] [Render thread/INFO]: [System] [CHAT] -2929, -10, 2992에 있는 블록을 바꿨습니다
[J] [16:17:16] [Render thread/INFO]: [System] [CHAT] 성공적으로 블록 3개를 채웠습니다
[J] [16:17:16] [Render thread/INFO]: [System] [CHAT] -2929, -53, 2993에 있는 블록을 바꿨습니다
[J] [16:17:16] [Render thread/INFO]: [System] [CHAT] -2929, -53, 2994에 있는 블록을 바꿨습니다
[J] [16:17:16] [Render thread/INFO]: [System] [CHAT] -2929, -53, 2995에 있는 블록을 바꿨습니다
[J] [16:17:16] [Render thread/INFO]: [System] [CHAT] -2929, -53, 2996에 있는 블록을 바꿨습니다
[J] [16:17:16] [Render thread/INFO]: [System] [CHAT] -2929, -45, 2996에 있는 블록을 바꿨습니다
[J] [16:17:16] [Render thread/INFO]: [System] [CHAT] 성공적으로 블록 4개를 채웠습니다
[J] [16:17:16] [Render thread/INFO]: [System] [CHAT] -2929, -53, 2997에 있는 블록을 바꿨습니다
[J] [16:17:16] [Render thread/INFO]: [System] [CHAT] -2929, -53, 2998에 있는 블록을 바꿨습니다
[J] [16:17:16] [Render thread/INFO]: [System] [CHAT] -2929, -52, 2998에 있는 블록을 바꿨습니다
[J] [16:17:16] [Render thread/INFO]: [System] [CHAT] -2929, -51, 2998에 있는 블록을 바꿨습니다
[J] [16:17:16] [Render thread/INFO]: [System] [CHAT] -2929, -42, 2998에 있는 블록을 바꿨습니다
[J] [16:17:16] [Render thread/INFO]: [System] [CHAT] -2929, -53, 2999에 있는 블록을 바꿨습니다
[J] [16:17:16] [Render thread/INFO]: [System] [CHAT] -2929, -53, 3000에 있는 블록을 바꿨습니다
[J] [16:17:16] [Render thread/INFO]: [System] [CHAT] -2929, -45, 3000에 있는 블록을 바꿨습니다
[J] [16:17:16] [Render thread/INFO]: [System] [CHAT] -2929, -53, 3001에 있는 블록을 바꿨습니다
[J] [16:17:16] [Render thread/INFO]: [System] [CHAT] -2929, -53, 3002에 있는 블록을 바꿨습니다
[J] [16:17:16] [Render thread/INFO]: [System] [CHAT] -2929, -53, 3003에 있는 블록을 바꿨습니다
[J] [16:17:16] [Render thread/INFO]: [System] [CHAT] -2929, -53, 3004에 있는 블록을 바꿨습니다
[J] [16:17:16] [Render thread/INFO]: [System] [CHAT] -2929, -53, 3005에 있는 블록을 바꿨습니다
[J] [16:17:16] [Render thread/INFO]: [System] [CHAT] -2929, -53, 3006에 있는 블록을 바꿨습니다
[J] [16:17:16] [Render thread/INFO]: [System] [CHAT] -2929, -53, 3007에 있는 블록을 바꿨습니다
[J] [16:17:16] [Render thread/INFO]: [System] [CHAT] 성공적으로 블록 96개를 채웠습니다
[J] [16:17:16] [Render thread/INFO]: [System] [CHAT] 성공적으로 블록 10개를 채웠습니다
[J] [16:17:16] [Render thread/INFO]: [System] [CHAT] 성공적으로 블록 10개를 채웠습니다 [2]
[J] [16:17:16] [Render thread/INFO]: [System] [CHAT] -2960, -19, 3024에 있는 블록을 바꿨습니다
[J] [16:17:16] [Render thread/INFO]: [System] [CHAT] -2960, -18, 3024에 있는 블록을 바꿨습니다
[J] [16:17:16] [Render thread/INFO]: [System] [CHAT] -2960, -17, 3024에 있는 블록을 바꿨습니다
[J] [16:17:16] [Render thread/INFO]: [System] [CHAT] 성공적으로 블록 4개를 채웠습니다
[J] [16:17:16] [Render thread/INFO]: [System] [CHAT] 성공적으로 블록 2개를 채웠습니다
[J] [16:17:16] [Render thread/INFO]: [System] [CHAT] 성공적으로 블록 7개를 채웠습니다
[J] [16:17:16] [Render thread/INFO]: [System] [CHAT] -2959, -21, 3024에 있는 블록을 바꿨습니다
[J] [16:17:16] [Render thread/INFO]: [System] [CHAT] 성공적으로 블록 4개를 채웠습니다 [2]
[J] [16:17:16] [Render thread/INFO]: [System] [CHAT] -2958, -53, 3025에 있는 블록을 바꿨습니다
[J] [16:17:16] [Render thread/INFO]: [System] [CHAT] -2958, -53, 3026에 있는 블록을 바꿨습니다
[J] [16:17:16] [Render thread/INFO]: [System] [CHAT] -2958, -25, 3026에 있는 블록을 바꿨습니다
[J] [16:17:16] [Render thread/INFO]: [System] [CHAT] -2958, -53, 3027에 있는 블록을 바꿨습니다
[J] [16:17:16] [Render thread/INFO]: [System] [CHAT] -2958, -53, 3028에 있는 블록을 바꿨습니다
[J] [16:17:16] [Render thread/INFO]: [System] [CHAT] 성공적으로 블록 5개를 채웠습니다
[J] [16:17:16] [Render thread/INFO]: [System] [CHAT] -2957, -53, 3025에 있는 블록을 바꿨습니다
[J] [16:17:16] [Render thread/INFO]: [System] [CHAT] -2957, -53, 3026에 있는 블록을 바꿨습니다
[J] [16:17:16] [Render thread/INFO]: [System] [CHAT] -2957, -53, 3027에 있는 블록을 바꿨습니다
[J] [16:17:16] [Render thread/INFO]: [System] [CHAT] -2957, -28, 3027에 있는 블록을 바꿨습니다
[J] [16:17:16] [Render thread/INFO]: [System] [CHAT] -2957, -53, 3028에 있는 블록을 바꿨습니다
[J] [16:17:16] [Render thread/INFO]: [System] [CHAT] -2956, -53, 3025에 있는 블록을 바꿨습니다
[J] [16:17:16] [Render thread/INFO]: [System] [CHAT] -2956, -53, 3026에 있는 블록을 바꿨습니다
[J] [16:17:16] [Render thread/INFO]: [System] [CHAT] -2956, -28, 3026에 있는 블록을 바꿨습니다
[J] [16:17:16] [Render thread/INFO]: [System] [CHAT] -2956, -53, 3027에 있는 블록을 바꿨습니다
[J] [16:17:16] [Render thread/INFO]: [System] [CHAT] -2956, -29, 3027에 있는 블록을 바꿨습니다
[J] [16:17:16] [Render thread/INFO]: [System] [CHAT] 성공적으로 블록 2개를 채웠습니다
[J] [16:17:16] [Render thread/INFO]: [System] [CHAT] -2956, -53, 3028에 있는 블록을 바꿨습니다
[J] [16:17:16] [Render thread/INFO]: [System] [CHAT] -2956, -28, 3028에 있는 블록을 바꿨습니다
[J] [16:17:16] [Render thread/INFO]: [System] [CHAT] -2955, -53, 3025에 있는 블록을 바꿨습니다
[J] [16:17:16] [Render thread/INFO]: [System] [CHAT] -2955, -53, 3026에 있는 블록을 바꿨습니다
[J] [16:17:16] [Render thread/INFO]: [System] [CHAT] -2955, -53, 3027에 있는 블록을 바꿨습니다
[J] [16:17:16] [Render thread/INFO]: [System] [CHAT] -2955, -28, 3027에 있는 블록을 바꿨습니다
[J] [16:17:16] [Render thread/INFO]: [System] [CHAT] -2955, -53, 3028에 있는 블록을 바꿨습니다
[J] [16:17:16] [Render thread/INFO]: [System] [CHAT] -2954, -53, 3025에 있는 블록을 바꿨습니다
[J] [16:17:16] [Render thread/INFO]: [System] [CHAT] -2954, -53, 3026에 있는 블록을 바꿨습니다
[J] [16:17:16] [Render thread/INFO]: [System] [CHAT] -2954, -53, 3027에 있는 블록을 바꿨습니다
[J] [16:17:16] [Render thread/INFO]: [System] [CHAT] -2954, -53, 3028에 있는 블록을 바꿨습니다
[J] [16:17:16] [Render thread/INFO]: [System] [CHAT] 성공적으로 블록 4개를 채웠습니다
[J] [16:17:16] [Render thread/INFO]: [System] [CHAT] -2953, -52, 3028에 있는 블록을 바꿨습니다
[J] [16:17:16] [Render thread/INFO]: [System] [CHAT] 성공적으로 블록 2개를 채웠습니다
[J] [16:17:16] [Render thread/INFO]: [System] [CHAT] -2953, -52, 3029에 있는 블록을 바꿨습니다
[J] [16:17:17] [Render thread/INFO]: [System] [CHAT] -2953, -51, 3029에 있는 블록을 바꿨습니다
[J] [16:17:17] [Render thread/INFO]: [System] [CHAT] -2953, -50, 3029에 있는 블록을 바꿨습니다
[J] [16:17:17] [Render thread/INFO]: [System] [CHAT] 성공적으로 블록 4개를 채웠습니다
[J] [16:17:17] [Render thread/INFO]: [System] [CHAT] -2951, -53, 3025에 있는 블록을 바꿨습니다
[J] [16:17:17] [Render thread/INFO]: [System] [CHAT] -2951, -53, 3026에 있는 블록을 바꿨습니다
[J] [16:17:17] [Render thread/INFO]: [System] [CHAT] -2951, -53, 3027에 있는 블록을 바꿨습니다
[J] [16:17:17] [Render thread/INFO]: [System] [CHAT] -2951, -53, 3028에 있는 블록을 바꿨습니다
[J] [16:17:17] [Render thread/INFO]: [System] [CHAT] 성공적으로 블록 5개를 채웠습니다
[J] [16:17:17] [Render thread/INFO]: [System] [CHAT] -2950, -53, 3024에 있는 블록을 바꿨습니다
[J] [16:17:17] [Render thread/INFO]: [System] [CHAT] -2950, -53, 3025에 있는 블록을 바꿨습니다
[J] [16:17:17] [Render thread/INFO]: [System] [CHAT] -2950, -53, 3026에 있는 블록을 바꿨습니다
[J] [16:17:17] [Render thread/INFO]: [System] [CHAT] -2950, -53, 3027에 있는 블록을 바꿨습니다
[J] [16:17:17] [Render thread/INFO]: [System] [CHAT] -2950, -53, 3028에 있는 블록을 바꿨습니다
[J] [16:17:17] [Render thread/INFO]: [System] [CHAT] -2949, -53, 3024에 있는 블록을 바꿨습니다
[J] [16:17:17] [Render thread/INFO]: [System] [CHAT] -2949, -53, 3025에 있는 블록을 바꿨습니다
[J] [16:17:17] [Render thread/INFO]: [System] [CHAT] -2949, -53, 3026에 있는 블록을 바꿨습니다
[J] [16:17:17] [Render thread/INFO]: [System] [CHAT] -2949, -53, 3027에 있는 블록을 바꿨습니다
[J] [16:17:17] [Render thread/INFO]: [System] [CHAT] -2949, -53, 3028에 있는 블록을 바꿨습니다
[J] [16:17:17] [Render thread/INFO]: [System] [CHAT] -2948, -53, 3024에 있는 블록을 바꿨습니다
[J] [16:17:17] [Render thread/INFO]: [System] [CHAT] -2948, -53, 3025에 있는 블록을 바꿨습니다
[J] [16:17:17] [Render thread/INFO]: [System] [CHAT] -2948, -53, 3026에 있는 블록을 바꿨습니다
[J] [16:17:17] [Render thread/INFO]: [System] [CHAT] -2948, -53, 3027에 있는 블록을 바꿨습니다
[J] [16:17:17] [Render thread/INFO]: [System] [CHAT] -2948, -53, 3028에 있는 블록을 바꿨습니다
[J] [16:17:17] [Render thread/INFO]: [System] [CHAT] -2947, -53, 3024에 있는 블록을 바꿨습니다
[J] [16:17:17] [Render thread/INFO]: [System] [CHAT] -2947, -53, 3025에 있는 블록을 바꿨습니다
[J] [16:17:17] [Render thread/INFO]: [System] [CHAT] -2947, -53, 3026에 있는 블록을 바꿨습니다
[J] [16:17:17] [Render thread/INFO]: [System] [CHAT] -2947, -53, 3027에 있는 블록을 바꿨습니다
[J] [16:17:17] [Render thread/INFO]: [System] [CHAT] -2947, -53, 3028에 있는 블록을 바꿨습니다
[J] [16:17:17] [Render thread/INFO]: [System] [CHAT] 성공적으로 블록 5개를 채웠습니다
[J] [16:17:17] [Render thread/INFO]: [System] [CHAT] 성공적으로 블록 2개를 채웠습니다
[J] [16:17:17] [Render thread/INFO]: [System] [CHAT] 성공적으로 블록 5개를 채웠습니다 [2]
[J] [16:17:17] [Render thread/INFO]: [System] [CHAT] 성공적으로 블록 24개를 채웠습니다
[J] [16:17:17] [Render thread/INFO]: [System] [CHAT] -2928, -53, 3024에 있는 블록을 바꿨습니다
[J] [16:17:17] [Render thread/INFO]: [System] [CHAT] 성공적으로 블록 2개를 채웠습니다 [2]
[J] [16:17:17] [Render thread/INFO]: [System] [CHAT] 성공적으로 블록 2개를 채웠습니다 [3]
[J] [16:17:17] [Render thread/INFO]: [System] [CHAT] 성공적으로 블록 4개를 채웠습니다
[J] [16:17:17] [Render thread/INFO]: [System] [CHAT] -2928, -52, 3025에 있는 블록을 바꿨습니다
[J] [16:17:17] [Render thread/INFO]: [System] [CHAT] 성공적으로 블록 2개를 채웠습니다 [4]
[J] [16:17:17] [Render thread/INFO]: [System] [CHAT] -2928, -53, 3026에 있는 블록을 바꿨습니다
[J] [16:17:17] [Render thread/INFO]: [System] [CHAT] -2928, -52, 3026에 있는 블록을 바꿨습니다
[J] [16:17:17] [Render thread/INFO]: [System] [CHAT] 성공적으로 블록 2개를 채웠습니다 [5]
[J] [16:17:17] [Render thread/INFO]: [System] [CHAT] 성공적으로 블록 2개를 채웠습니다 [6]
[J] [16:17:17] [Render thread/INFO]: [System] [CHAT] 성공적으로 블록 2개를 채웠습니다 [7]
[J] [16:17:17] [Render thread/INFO]: [System] [CHAT] -2928, -51, 3027에 있는 블록을 바꿨습니다
[J] [16:17:17] [Render thread/INFO]: [System] [CHAT] 성공적으로 블록 3개를 채웠습니다
[J] [16:17:17] [Render thread/INFO]: [System] [CHAT] 성공적으로 블록 6개를 채웠습니다
[J] [16:17:17] [Render thread/INFO]: [System] [CHAT] 성공적으로 블록 2개를 채웠습니다 [8]
[J] [16:17:17] [Render thread/INFO]: [System] [CHAT] -2928, -53, 3029에 있는 블록을 바꿨습니다
[J] [16:17:17] [Render thread/INFO]: [System] [CHAT] -2928, -51, 3029에 있는 블록을 바꿨습니다
[J] [16:17:17] [Render thread/INFO]: [System] [CHAT] -2927, -53, 3024에 있는 블록을 바꿨습니다
[J] [16:17:17] [Render thread/INFO]: [System] [CHAT] 성공적으로 블록 3개를 채웠습니다
[J] [16:17:17] [Render thread/INFO]: [System] [CHAT] -2927, -53, 3026에 있는 블록을 바꿨습니다
[J] [16:17:17] [Render thread/INFO]: [System] [CHAT] 성공적으로 블록 2개를 채웠습니다
[J] [16:17:17] [Render thread/INFO]: [System] [CHAT] 성공적으로 블록 3개를 채웠습니다 [2]
[J] [16:17:17] [Render thread/INFO]: [System] [CHAT] -2927, -53, 3029에 있는 블록을 바꿨습니다
[J] [16:17:17] [Render thread/INFO]: [System] [CHAT] 성공적으로 블록 2개를 채웠습니다 [2]
[J] [16:17:17] [Render thread/INFO]: [System] [CHAT] 성공적으로 블록 2개를 채웠습니다 [3]
[J] [16:17:17] [Render thread/INFO]: [System] [CHAT] 성공적으로 블록 2개를 채웠습니다 [4]
[J] [16:17:17] [Render thread/INFO]: [System] [CHAT] 성공적으로 블록 2개를 채웠습니다 [5]
[J] [16:17:17] [Render thread/INFO]: [System] [CHAT] -2926, -51, 3025에 있는 블록을 바꿨습니다
[J] [16:17:17] [Render thread/INFO]: [System] [CHAT] -2926, -53, 3026에 있는 블록을 바꿨습니다
[J] [16:17:17] [Render thread/INFO]: [System] [CHAT] 성공적으로 블록 2개를 채웠습니다 [6]
[J] [16:17:17] [Render thread/INFO]: [System] [CHAT] -2926, -53, 3027에 있는 블록을 바꿨습니다
[J] [16:17:17] [Render thread/INFO]: [System] [CHAT] -2926, -52, 3027에 있는 블록을 바꿨습니다
[J] [16:17:17] [Render thread/INFO]: [System] [CHAT] 성공적으로 블록 2개를 채웠습니다 [7]
[J] [16:17:17] [Render thread/INFO]: [System] [CHAT] 성공적으로 블록 2개를 채웠습니다 [8]
[J] [16:17:17] [Render thread/INFO]: [System] [CHAT] -2925, -51, 3025에 있는 블록을 바꿨습니다
[J] [16:17:17] [Render thread/INFO]: [System] [CHAT] -2925, -53, 3026에 있는 블록을 바꿨습니다
[J] [16:17:17] [Render thread/INFO]: [System] [CHAT] 성공적으로 블록 2개를 채웠습니다 [9]
[J] [16:17:17] [Render thread/INFO]: [System] [CHAT] 성공적으로 블록 2개를 채웠습니다 [10]
[J] [16:17:17] [Render thread/INFO]: [System] [CHAT] -2925, -52, 3028에 있는 블록을 바꿨습니다
[J] [16:17:17] [Render thread/INFO]: [System] [CHAT] 성공적으로 블록 2개를 채웠습니다 [11]
[J] [16:17:17] [Render thread/INFO]: [System] [CHAT] -2925, -4, 3029에 있는 블록을 바꿨습니다
[J] [16:17:17] [Render thread/INFO]: [System] [CHAT] 성공적으로 블록 256개를 채웠습니다
[J] [16:17:17] [Render thread/INFO]: [System] [CHAT] -2960, -27, 2992에 있는 블록을 바꿨습니다
[J] [16:17:17] [Render thread/INFO]: [System] [CHAT] 성공적으로 블록 3개를 채웠습니다
[J] [16:17:17] [Render thread/INFO]: [System] [CHAT] -2960, -25, 2992에 있는 블록을 바꿨습니다
[J] [16:17:17] [Render thread/INFO]: [System] [CHAT] -2960, -24, 2992에 있는 블록을 바꿨습니다
[J] [16:17:17] [Render thread/INFO]: [System] [CHAT] -2960, -23, 2992에 있는 블록을 바꿨습니다
[J] [16:17:17] [Render thread/INFO]: [System] [CHAT] -2960, -22, 2992에 있는 블록을 바꿨습니다
[J] [16:17:17] [Render thread/INFO]: [System] [CHAT] 성공적으로 블록 2개를 채웠습니다
[J] [16:17:17] [Render thread/INFO]: [System] [CHAT] -2960, -20, 2992에 있는 블록을 바꿨습니다
[J] [16:17:17] [Render thread/INFO]: [System] [CHAT] -2960, -19, 2992에 있는 블록을 바꿨습니다
[J] [16:17:17] [Render thread/INFO]: [System] [CHAT] -2960, -18, 2992에 있는 블록을 바꿨습니다
[J] [16:17:17] [Render thread/INFO]: [System] [CHAT] -2960, -17, 2992에 있는 블록을 바꿨습니다
[J] [16:17:17] [Render thread/INFO]: [System] [CHAT] 성공적으로 블록 64개를 채웠습니다
[J] [16:17:17] [Render thread/INFO]: [System] [CHAT] 성공적으로 블록 14개를 채웠습니다
[J] [16:17:17] [Render thread/INFO]: [System] [CHAT] -2960, -28, 2993에 있는 블록을 바꿨습니다
[J] [16:17:17] [Render thread/INFO]: [System] [CHAT] -2960, -27, 2993에 있는 블록을 바꿨습니다
[J] [16:17:17] [Render thread/INFO]: [System] [CHAT] -2960, -25, 2993에 있는 블록을 바꿨습니다
[J] [16:17:17] [Render thread/INFO]: [System] [CHAT] -2960, -23, 2993에 있는 블록을 바꿨습니다
[J] [16:17:17] [Render thread/INFO]: [System] [CHAT] -2960, -22, 2993에 있는 블록을 바꿨습니다
[J] [16:17:17] [Render thread/INFO]: [System] [CHAT] -2960, -20, 2993에 있는 블록을 바꿨습니다
[J] [16:17:17] [Render thread/INFO]: [System] [CHAT] 성공적으로 블록 2개를 채웠습니다
[J] [16:17:17] [Render thread/INFO]: [System] [CHAT] 성공적으로 블록 48개를 채웠습니다
[J] [16:17:17] [Render thread/INFO]: [System] [CHAT] -2960, -28, 2994에 있는 블록을 바꿨습니다
[J] [16:17:17] [Render thread/INFO]: [System] [CHAT] -2960, -27, 2994에 있는 블록을 바꿨습니다
[J] [16:17:17] [Render thread/INFO]: [System] [CHAT] -2960, -25, 2994에 있는 블록을 바꿨습니다
[J] [16:17:17] [Render thread/INFO]: [System] [CHAT] 성공적으로 블록 2개를 채웠습니다 [2]
[J] [16:17:17] [Render thread/INFO]: [System] [CHAT] -2960, -22, 2994에 있는 블록을 바꿨습니다
[J] [16:17:17] [Render thread/INFO]: [System] [CHAT] -2960, -21, 2994에 있는 블록을 바꿨습니다
[J] [16:17:17] [Render thread/INFO]: [System] [CHAT] 성공적으로 블록 32개를 채웠습니다
[J] [16:17:17] [Render thread/INFO]: [System] [CHAT] -2960, -53, 2995에 있는 블록을 바꿨습니다
[J] [16:17:17] [Render thread/INFO]: [System] [CHAT] 성공적으로 블록 2개를 채웠습니다 [3]
[J] [16:17:17] [Render thread/INFO]: [System] [CHAT] -2960, -31, 2995에 있는 블록을 바꿨습니다
[J] [16:17:17] [Render thread/INFO]: [System] [CHAT] -2960, -30, 2995에 있는 블록을 바꿨습니다
[J] [16:17:17] [Render thread/INFO]: [System] [CHAT] 성공적으로 블록 6개를 채웠습니다
[J] [16:17:17] [Render thread/INFO]: [System] [CHAT] -2960, -28, 2995에 있는 블록을 바꿨습니다
[J] [16:17:17] [Render thread/INFO]: [System] [CHAT] 성공적으로 블록 2개를 채웠습니다 [4]
[J] [16:17:17] [Render thread/INFO]: [System] [CHAT] -2960, -25, 2995에 있는 블록을 바꿨습니다
[J] [16:17:17] [Render thread/INFO]: [System] [CHAT] 성공적으로 블록 13개를 채웠습니다
[J] [16:17:17] [Render thread/INFO]: [System] [CHAT] 성공적으로 블록 6개를 채웠습니다 [2]
[J] [16:17:17] [Render thread/INFO]: [System] [CHAT] 성공적으로 블록 26개를 채웠습니다
[J] [16:17:17] [Render thread/INFO]: [System] [CHAT] -2960, -20, 2995에 있는 블록을 바꿨습니다
[J] [16:17:17] [Render thread/INFO]: [System] [CHAT] 성공적으로 블록 20개를 채웠습니다
[J] [16:17:17] [Render thread/INFO]: [System] [CHAT] 성공적으로 블록 2개를 채웠습니다
[J] [16:17:17] [Render thread/INFO]: [System] [CHAT] -2960, -52, 2996에 있는 블록을 바꿨습니다
[J] [16:17:17] [Render thread/INFO]: [System] [CHAT] -2960, -51, 2996에 있는 블록을 바꿨습니다
[J] [16:17:17] [Render thread/INFO]: [System] [CHAT] 성공적으로 블록 5개를 채웠습니다
[J] [16:17:17] [Render thread/INFO]: [System] [CHAT] -2960, -40, 2996에 있는 블록을 바꿨습니다
[J] [16:17:17] [Render thread/INFO]: [System] [CHAT] -2960, -39, 2996에 있는 블록을 바꿨습니다
[J] [16:17:17] [Render thread/INFO]: [System] [CHAT] -2960, -33, 2996에 있는 블록을 바꿨습니다
[J] [16:17:17] [Render thread/INFO]: [System] [CHAT] -2960, -32, 2996에 있는 블록을 바꿨습니다
[J] [16:17:17] [Render thread/INFO]: [System] [CHAT] 성공적으로 블록 3개를 채웠습니다
[J] [16:17:17] [Render thread/INFO]: [System] [CHAT] -2960, -30, 2996에 있는 블록을 바꿨습니다
[J] [16:17:17] [Render thread/INFO]: [System] [CHAT] 성공적으로 블록 15개를 채웠습니다
[J] [16:17:17] [Render thread/INFO]: [System] [CHAT] 성공적으로 블록 12개를 채웠습니다
[J] [16:17:17] [Render thread/INFO]: [System] [CHAT] 성공적으로 블록 2개를 채웠습니다
[J] [16:17:17] [Render thread/INFO]: [System] [CHAT] -2960, -53, 2997에 있는 블록을 바꿨습니다
[J] [16:17:17] [Render thread/INFO]: [System] [CHAT] -2960, -52, 2997에 있는 블록을 바꿨습니다
[J] [16:17:17] [Render thread/INFO]: [System] [CHAT] -2960, -51, 2997에 있는 블록을 바꿨습니다
[J] [16:17:17] [Render thread/INFO]: [System] [CHAT] -2960, -40, 2997에 있는 블록을 바꿨습니다
[J] [16:17:17] [Render thread/INFO]: [System] [CHAT] -2960, -39, 2997에 있는 블록을 바꿨습니다
[J] [16:17:17] [Render thread/INFO]: [System] [CHAT] 성공적으로 블록 2개를 채웠습니다
[J] [16:17:17] [Render thread/INFO]: [System] [CHAT] -2960, -30, 2997에 있는 블록을 바꿨습니다
[J] [16:17:17] [Render thread/INFO]: [System] [CHAT] -2960, -53, 2998에 있는 블록을 바꿨습니다
[J] [16:17:17] [Render thread/INFO]: [System] [CHAT] -2960, -52, 2998에 있는 블록을 바꿨습니다
[J] [16:17:17] [Render thread/INFO]: [System] [CHAT] -2960, -51, 2998에 있는 블록을 바꿨습니다
[J] [16:17:17] [Render thread/INFO]: [System] [CHAT] 성공적으로 블록 2개를 채웠습니다 [2]
[J] [16:17:17] [Render thread/INFO]: [System] [CHAT] -2960, -49, 2998에 있는 블록을 바꿨습니다
[J] [16:17:17] [Render thread/INFO]: [System] [CHAT] 성공적으로 블록 6개를 채웠습니다
[J] [16:17:17] [Render thread/INFO]: [System] [CHAT] 성공적으로 블록 5개를 채웠습니다
[J] [16:17:17] [Render thread/INFO]: [System] [CHAT] -2960, -41, 2998에 있는 블록을 바꿨습니다
[J] [16:17:17] [Render thread/INFO]: [System] [CHAT] 성공적으로 블록 14개를 채웠습니다
[J] [16:17:17] [Render thread/INFO]: [System] [CHAT] 성공적으로 블록 2개를 채웠습니다
[J] [16:17:17] [Render thread/INFO]: [System] [CHAT] 성공적으로 블록 2개를 채웠습니다 [2]
[J] [16:17:17] [Render thread/INFO]: [System] [CHAT] 성공적으로 블록 2개를 채웠습니다 [3]
[J] [16:17:17] [Render thread/INFO]: [System] [CHAT] 성공적으로 블록 2개를 채웠습니다 [4]
[J] [16:17:17] [Render thread/INFO]: [System] [CHAT] 성공적으로 블록 3개를 채웠습니다
[J] [16:17:17] [Render thread/INFO]: [System] [CHAT] -2960, -30, 2998에 있는 블록을 바꿨습니다
[J] [16:17:17] [Render thread/INFO]: [System] [CHAT] 성공적으로 블록 2개를 채웠습니다 [5]
[J] [16:17:17] [Render thread/INFO]: [System] [CHAT] -2960, -51, 2999에 있는 블록을 바꿨습니다
[J] [16:17:17] [Render thread/INFO]: [System] [CHAT] -2960, -49, 2999에 있는 블록을 바꿨습니다
[J] [16:17:17] [Render thread/INFO]: [System] [CHAT] 성공적으로 블록 5개를 채웠습니다
[J] [16:17:17] [Render thread/INFO]: [System] [CHAT] -2960, -43, 2999에 있는 블록을 바꿨습니다
[J] [16:17:17] [Render thread/INFO]: [System] [CHAT] -2960, -42, 2999에 있는 블록을 바꿨습니다
[J] [16:17:17] [Render thread/INFO]: [System] [CHAT] -2960, -41, 2999에 있는 블록을 바꿨습니다
[J] [16:17:17] [Render thread/INFO]: [System] [CHAT] 성공적으로 블록 27개를 채웠습니다
[J] [16:17:17] [Render thread/INFO]: [System] [CHAT] 성공적으로 블록 2개를 채웠습니다
[J] [16:17:17] [Render thread/INFO]: [System] [CHAT] 성공적으로 블록 2개를 채웠습니다 [2]
[J] [16:17:18] [Render thread/INFO]: [System] [CHAT] -2960, -52, 3000에 있는 블록을 바꿨습니다
[J] [16:17:18] [Render thread/INFO]: [System] [CHAT] -2960, -51, 3000에 있는 블록을 바꿨습니다
[J] [16:17:18] [Render thread/INFO]: [System] [CHAT] -2960, -50, 3000에 있는 블록을 바꿨습니다
[J] [16:17:18] [Render thread/INFO]: [System] [CHAT] 성공적으로 블록 2개를 채웠습니다 [3]
[J] [16:17:18] [Render thread/INFO]: [System] [CHAT] 성공적으로 블록 6개를 채웠습니다
[J] [16:17:18] [Render thread/INFO]: [System] [CHAT] 성공적으로 블록 7개를 채웠습니다
[J] [16:17:18] [Render thread/INFO]: [System] [CHAT] -2960, -32, 3000에 있는 블록을 바꿨습니다
[J] [16:17:18] [Render thread/INFO]: [System] [CHAT] -2960, -31, 3000에 있는 블록을 바꿨습니다
[J] [16:17:18] [Render thread/INFO]: [System] [CHAT] -2960, -30, 3000에 있는 블록을 바꿨습니다
[J] [16:17:18] [Render thread/INFO]: [System] [CHAT] 성공적으로 블록 2개를 채웠습니다
[J] [16:17:18] [Render thread/INFO]: [System] [CHAT] 성공적으로 블록 36개를 채웠습니다
[J] [16:17:18] [Render thread/INFO]: [System] [CHAT] 성공적으로 블록 28개를 채웠습니다
[J] [16:17:18] [Render thread/INFO]: [System] [CHAT] 성공적으로 블록 14개를 채웠습니다
[J] [16:17:18] [Render thread/INFO]: [System] [CHAT] 성공적으로 블록 36개를 채웠습니다 [2]
[J] [16:17:18] [Render thread/INFO]: [System] [CHAT] 성공적으로 블록 56개를 채웠습니다
[J] [16:17:18] [Render thread/INFO]: [System] [CHAT] 성공적으로 블록 10개를 채웠습니다
[J] [16:17:18] [Render thread/INFO]: [System] [CHAT] 성공적으로 블록 3개를 채웠습니다
[J] [16:17:18] [Render thread/INFO]: [System] [CHAT] 성공적으로 블록 2개를 채웠습니다
[J] [16:17:18] [Render thread/INFO]: [System] [CHAT] 성공적으로 블록 2개를 채웠습니다 [2]
[J] [16:17:18] [Render thread/INFO]: [System] [CHAT] 성공적으로 블록 12개를 채웠습니다
[J] [16:17:18] [Render thread/INFO]: [System] [CHAT] 성공적으로 블록 18개를 채웠습니다
[J] [16:17:18] [Render thread/INFO]: [System] [CHAT] 성공적으로 블록 3개를 채웠습니다 [2]
[J] [16:17:18] [Render thread/INFO]: [System] [CHAT] 성공적으로 블록 3개를 채웠습니다 [3]
[J] [16:17:18] [Render thread/INFO]: [System] [CHAT] 성공적으로 블록 5개를 채웠습니다
[J] [16:17:18] [Render thread/INFO]: [System] [CHAT] -2960, -53, 3004에 있는 블록을 바꿨습니다
[J] [16:17:18] [Render thread/INFO]: [System] [CHAT] 성공적으로 블록 2개를 채웠습니다
[J] [16:17:18] [Render thread/INFO]: [System] [CHAT] 성공적으로 블록 2개를 채웠습니다 [2]
[J] [16:17:18] [Render thread/INFO]: [System] [CHAT] 성공적으로 블록 18개를 채웠습니다 [2]
[J] [16:17:18] [Render thread/INFO]: [System] [CHAT] -2960, -53, 3006에 있는 블록을 바꿨습니다
[J] [16:17:18] [Render thread/INFO]: [System] [CHAT] 성공적으로 블록 4개를 채웠습니다
[J] [16:17:18] [Render thread/INFO]: [System] [CHAT] 성공적으로 블록 2개를 채웠습니다 [3]
[J] [16:17:18] [Render thread/INFO]: [System] [CHAT] -2960, -53, 3007에 있는 블록을 바꿨습니다
[J] [16:17:18] [Render thread/INFO]: [System] [CHAT] 성공적으로 블록 18개를 채웠습니다 [3]
[J] [16:17:18] [Render thread/INFO]: [System] [CHAT] -2959, -53, 2992에 있는 블록을 바꿨습니다
[J] [16:17:18] [Render thread/INFO]: [System] [CHAT] 성공적으로 블록 2개를 채웠습니다 [4]
[J] [16:17:18] [Render thread/INFO]: [System] [CHAT] 성공적으로 블록 6개를 채웠습니다
[J] [16:17:18] [Render thread/INFO]: [System] [CHAT] 성공적으로 블록 2개를 채웠습니다 [5]
[J] [16:17:18] [Render thread/INFO]: [System] [CHAT] 성공적으로 블록 4개를 채웠습니다
[J] [16:17:18] [Render thread/INFO]: [System] [CHAT] 성공적으로 블록 2개를 채웠습니다 [6]
[J] [16:17:18] [Render thread/INFO]: [System] [CHAT] -2959, -24, 2992에 있는 블록을 바꿨습니다
[J] [16:17:18] [Render thread/INFO]: [System] [CHAT] -2959, -23, 2992에 있는 블록을 바꿨습니다
[J] [16:17:18] [Render thread/INFO]: [System] [CHAT] -2959, -22, 2992에 있는 블록을 바꿨습니다
[J] [16:17:18] [Render thread/INFO]: [System] [CHAT] -2959, -21, 2992에 있는 블록을 바꿨습니다
[J] [16:17:18] [Render thread/INFO]: [System] [CHAT] 성공적으로 블록 3개를 채웠습니다
[J] [16:17:18] [Render thread/INFO]: [System] [CHAT] 성공적으로 블록 3개를 채웠습니다 [2]
[J] [16:17:18] [Render thread/INFO]: [System] [CHAT] -2959, -10, 2992에 있는 블록을 바꿨습니다
[J] [16:17:18] [Render thread/INFO]: [System] [CHAT] -2959, -9, 2992에 있는 블록을 바꿨습니다
[J] [16:17:18] [Render thread/INFO]: [System] [CHAT] -2959, -8, 2992에 있는 블록을 바꿨습니다
[J] [16:17:18] [Render thread/INFO]: [System] [CHAT] 성공적으로 블록 2개를 채웠습니다
[J] [16:17:18] [Render thread/INFO]: [System] [CHAT] -2959, -24, 2993에 있는 블록을 바꿨습니다
[J] [16:17:18] [Render thread/INFO]: [System] [CHAT] -2959, -23, 2993에 있는 블록을 바꿨습니다
[J] [16:17:18] [Render thread/INFO]: [System] [CHAT] -2959, -22, 2993에 있는 블록을 바꿨습니다
[J] [16:17:18] [Render thread/INFO]: [System] [CHAT] 성공적으로 블록 2개를 채웠습니다 [2]
[J] [16:17:18] [Render thread/INFO]: [System] [CHAT] -2959, -20, 2993에 있는 블록을 바꿨습니다
[J] [16:17:18] [Render thread/INFO]: [System] [CHAT] -2959, -19, 2993에 있는 블록을 바꿨습니다
[J] [16:17:18] [Render thread/INFO]: [System] [CHAT] -2959, -18, 2993에 있는 블록을 바꿨습니다
[J] [16:17:18] [Render thread/INFO]: [System] [CHAT] -2959, -53, 2994에 있는 블록을 바꿨습니다
[J] [16:17:18] [Render thread/INFO]: [System] [CHAT] -2959, -52, 2994에 있는 블록을 바꿨습니다
[J] [16:17:18] [Render thread/INFO]: [System] [CHAT] -2959, -31, 2994에 있는 블록을 바꿨습니다
[J] [16:17:18] [Render thread/INFO]: [System] [CHAT] -2959, -30, 2994에 있는 블록을 바꿨습니다
[J] [16:17:18] [Render thread/INFO]: [System] [CHAT] 성공적으로 블록 9개를 채웠습니다
[J] [16:17:18] [Render thread/INFO]: [System] [CHAT] -2959, -53, 2995에 있는 블록을 바꿨습니다
[J] [16:17:18] [Render thread/INFO]: [System] [CHAT] 성공적으로 블록 2개를 채웠습니다
[J] [16:17:18] [Render thread/INFO]: [System] [CHAT] 성공적으로 블록 2개를 채웠습니다 [2]
[J] [16:17:18] [Render thread/INFO]: [System] [CHAT] -2959, -30, 2995에 있는 블록을 바꿨습니다
[J] [16:17:18] [Render thread/INFO]: [System] [CHAT] -2959, -29, 2995에 있는 블록을 바꿨습니다
[J] [16:17:18] [Render thread/INFO]: [System] [CHAT] -2959, -28, 2995에 있는 블록을 바꿨습니다
[J] [16:17:18] [Render thread/INFO]: [System] [CHAT] 성공적으로 블록 7개를 채웠습니다
[J] [16:17:18] [Render thread/INFO]: [System] [CHAT] 성공적으로 블록 15개를 채웠습니다
[J] [16:17:18] [Render thread/INFO]: [System] [CHAT] -2959, -52, 2996에 있는 블록을 바꿨습니다
[J] [16:17:18] [Render thread/INFO]: [System] [CHAT] 성공적으로 블록 2개를 채웠습니다
[J] [16:17:18] [Render thread/INFO]: [System] [CHAT] -2959, -41, 2996에 있는 블록을 바꿨습니다
[J] [16:17:18] [Render thread/INFO]: [System] [CHAT] -2959, -40, 2996에 있는 블록을 바꿨습니다
[J] [16:17:18] [Render thread/INFO]: [System] [CHAT] -2959, -39, 2996에 있는 블록을 바꿨습니다
[J] [16:17:18] [Render thread/INFO]: [System] [CHAT] 성공적으로 블록 9개를 채웠습니다
[J] [16:17:18] [Render thread/INFO]: [System] [CHAT] 성공적으로 블록 5개를 채웠습니다
[J] [16:17:18] [Render thread/INFO]: [System] [CHAT] 성공적으로 블록 8개를 채웠습니다
[J] [16:17:18] [Render thread/INFO]: [System] [CHAT] 성공적으로 블록 2개를 채웠습니다
[J] [16:17:18] [Render thread/INFO]: [System] [CHAT] -2959, -52, 2997에 있는 블록을 바꿨습니다
[J] [16:17:18] [Render thread/INFO]: [System] [CHAT] -2959, -51, 2997에 있는 블록을 바꿨습니다
[J] [16:17:18] [Render thread/INFO]: [System] [CHAT] -2959, -42, 2997에 있는 블록을 바꿨습니다
[J] [16:17:18] [Render thread/INFO]: [System] [CHAT] -2959, -41, 2997에 있는 블록을 바꿨습니다
[J] [16:17:18] [Render thread/INFO]: [System] [CHAT] -2959, -40, 2997에 있는 블록을 바꿨습니다
[J] [16:17:18] [Render thread/INFO]: [System] [CHAT] -2959, -39, 2997에 있는 블록을 바꿨습니다
[J] [16:17:18] [Render thread/INFO]: [System] [CHAT] -2959, -38, 2997에 있는 블록을 바꿨습니다
[J] [16:17:18] [Render thread/INFO]: [System] [CHAT] 성공적으로 블록 2개를 채웠습니다
[J] [16:17:18] [Render thread/INFO]: [System] [CHAT] 성공적으로 블록 8개를 채웠습니다
[J] [16:17:18] [Render thread/INFO]: [System] [CHAT] 성공적으로 블록 7개를 채웠습니다
[J] [16:17:18] [Render thread/INFO]: [System] [CHAT] -2959, -53, 2998에 있는 블록을 바꿨습니다
[J] [16:17:18] [Render thread/INFO]: [System] [CHAT] -2959, -52, 2998에 있는 블록을 바꿨습니다
[J] [16:17:18] [Render thread/INFO]: [System] [CHAT] -2959, -41, 2998에 있는 블록을 바꿨습니다
[J] [16:17:18] [Render thread/INFO]: [System] [CHAT] 성공적으로 블록 2개를 채웠습니다
[J] [16:17:18] [Render thread/INFO]: [System] [CHAT] 성공적으로 블록 8개를 채웠습니다
[J] [16:17:18] [Render thread/INFO]: [System] [CHAT] -2959, -53, 2999에 있는 블록을 바꿨습니다
[J] [16:17:18] [Render thread/INFO]: [System] [CHAT] -2959, -52, 2999에 있는 블록을 바꿨습니다
[J] [16:17:18] [Render thread/INFO]: [System] [CHAT] -2959, -51, 2999에 있는 블록을 바꿨습니다
[J] [16:17:18] [Render thread/INFO]: [System] [CHAT] -2959, -50, 2999에 있는 블록을 바꿨습니다
[J] [16:17:18] [Render thread/INFO]: [System] [CHAT] 성공적으로 블록 9개를 채웠습니다
[J] [16:17:18] [Render thread/INFO]: [System] [CHAT] 성공적으로 블록 8개를 채웠습니다
[J] [16:17:18] [Render thread/INFO]: [System] [CHAT] 성공적으로 블록 2개를 채웠습니다
[J] [16:17:18] [Render thread/INFO]: [System] [CHAT] 성공적으로 블록 2개를 채웠습니다 [2]
[J] [16:17:18] [Render thread/INFO]: [System] [CHAT] -2959, -50, 3000에 있는 블록을 바꿨습니다
[J] [16:17:18] [Render thread/INFO]: [System] [CHAT] -2959, -49, 3000에 있는 블록을 바꿨습니다
[J] [16:17:18] [Render thread/INFO]: [System] [CHAT] 성공적으로 블록 5개를 채웠습니다
[J] [16:17:18] [Render thread/INFO]: [System] [CHAT] -2959, -43, 3000에 있는 블록을 바꿨습니다
[J] [16:17:18] [Render thread/INFO]: [System] [CHAT] -2959, -42, 3000에 있는 블록을 바꿨습니다
[J] [16:17:18] [Render thread/INFO]: [System] [CHAT] -2959, -41, 3000에 있는 블록을 바꿨습니다
[J] [16:17:18] [Render thread/INFO]: [System] [CHAT] 성공적으로 블록 9개를 채웠습니다
[J] [16:17:18] [Render thread/INFO]: [System] [CHAT] -2959, -30, 3000에 있는 블록을 바꿨습니다
[J] [16:17:18] [Render thread/INFO]: [System] [CHAT] 성공적으로 블록 8개를 채웠습니다
[J] [16:17:18] [Render thread/INFO]: [System] [CHAT] -2959, -53, 3001에 있는 블록을 바꿨습니다
[J] [16:17:18] [Render thread/INFO]: [System] [CHAT] 성공적으로 블록 3개를 채웠습니다
[J] [16:17:18] [Render thread/INFO]: [System] [CHAT] -2959, -24, 3001에 있는 블록을 바꿨습니다
[J] [16:17:18] [Render thread/INFO]: [System] [CHAT] 성공적으로 블록 2개를 채웠습니다
[J] [16:17:18] [Render thread/INFO]: [System] [CHAT] 성공적으로 블록 2개를 채웠습니다 [2]
[J] [16:17:18] [Render thread/INFO]: [System] [CHAT] 성공적으로 블록 2개를 채웠습니다 [3]
[J] [16:17:18] [Render thread/INFO]: [System] [CHAT] 성공적으로 블록 2개를 채웠습니다 [4]
[J] [16:17:18] [Render thread/INFO]: [System] [CHAT] 성공적으로 블록 4개를 채웠습니다
[J] [16:17:18] [Render thread/INFO]: [System] [CHAT] 성공적으로 블록 8개를 채웠습니다
[J] [16:17:18] [Render thread/INFO]: [System] [CHAT] 성공적으로 블록 2개를 채웠습니다 [5]
[J] [16:17:18] [Render thread/INFO]: [System] [CHAT] 성공적으로 블록 8개를 채웠습니다 [2]
[J] [16:17:18] [Render thread/INFO]: [System] [CHAT] 성공적으로 블록 4개를 채웠습니다 [2]
[J] [16:17:18] [Render thread/INFO]: [System] [CHAT] -2959, -20, 3005에 있는 블록을 바꿨습니다
[J] [16:17:18] [Render thread/INFO]: [System] [CHAT] -2959, -53, 3006에 있는 블록을 바꿨습니다
[J] [16:17:18] [Render thread/INFO]: [System] [CHAT] 성공적으로 블록 8개를 채웠습니다 [3]
[J] [16:17:18] [Render thread/INFO]: [System] [CHAT] 성공적으로 블록 2개를 채웠습니다 [6]
[J] [16:17:18] [Render thread/INFO]: [System] [CHAT] -2959, -20, 3007에 있는 블록을 바꿨습니다
[J] [16:17:18] [Render thread/INFO]: [System] [CHAT] -2958, -53, 2992에 있는 블록을 바꿨습니다
[J] [16:17:18] [Render thread/INFO]: [System] [CHAT] -2958, -52, 2992에 있는 블록을 바꿨습니다
[J] [16:17:18] [Render thread/INFO]: [System] [CHAT] -2958, -51, 2992에 있는 블록을 바꿨습니다
[J] [16:17:18] [Render thread/INFO]: [System] [CHAT] 성공적으로 블록 4개를 채웠습니다
[J] [16:17:18] [Render thread/INFO]: [System] [CHAT] 성공적으로 블록 3개를 채웠습니다
[J] [16:17:18] [Render thread/INFO]: [System] [CHAT] -2958, -52, 2993에 있는 블록을 바꿨습니다
[J] [16:17:18] [Render thread/INFO]: [System] [CHAT] 성공적으로 블록 2개를 채웠습니다
[J] [16:17:18] [Render thread/INFO]: [System] [CHAT] -2958, -22, 2993에 있는 블록을 바꿨습니다
[J] [16:17:18] [Render thread/INFO]: [System] [CHAT] -2958, -20, 2993에 있는 블록을 바꿨습니다
[J] [16:17:18] [Render thread/INFO]: [System] [CHAT] 성공적으로 블록 2개를 채웠습니다 [2]
[J] [16:17:18] [Render thread/INFO]: [System] [CHAT] 성공적으로 블록 2개를 채웠습니다 [3]
[J] [16:17:18] [Render thread/INFO]: [System] [CHAT] 성공적으로 블록 3개를 채웠습니다 [2]
[J] [16:17:18] [Render thread/INFO]: [System] [CHAT] -2958, -40, 2994에 있는 블록을 바꿨습니다
[J] [16:17:18] [Render thread/INFO]: [System] [CHAT] -2958, -39, 2994에 있는 블록을 바꿨습니다
[J] [16:17:18] [Render thread/INFO]: [System] [CHAT] -2958, -33, 2994에 있는 블록을 바꿨습니다
[J] [16:17:18] [Render thread/INFO]: [System] [CHAT] -2958, -32, 2994에 있는 블록을 바꿨습니다
[J] [16:17:18] [Render thread/INFO]: [System] [CHAT] 성공적으로 블록 3개를 채웠습니다 [3]
[J] [16:17:18] [Render thread/INFO]: [System] [CHAT] -2958, -30, 2994에 있는 블록을 바꿨습니다
[J] [16:17:18] [Render thread/INFO]: [System] [CHAT] -2958, -28, 2994에 있는 블록을 바꿨습니다
[J] [16:17:18] [Render thread/INFO]: [System] [CHAT] -2958, -27, 2994에 있는 블록을 바꿨습니다
[J] [16:17:18] [Render thread/INFO]: [System] [CHAT] -2958, -26, 2994에 있는 블록을 바꿨습니다
[J] [16:17:18] [Render thread/INFO]: [System] [CHAT] 성공적으로 블록 2개를 채웠습니다
[J] [16:17:18] [Render thread/INFO]: [System] [CHAT] 성공적으로 블록 2개를 채웠습니다 [2]
[J] [16:17:18] [Render thread/INFO]: [System] [CHAT] -2958, -22, 2994에 있는 블록을 바꿨습니다
[J] [16:17:18] [Render thread/INFO]: [System] [CHAT] 성공적으로 블록 2개를 채웠습니다 [3]
[J] [16:17:18] [Render thread/INFO]: [System] [CHAT] -2958, -20, 2994에 있는 블록을 바꿨습니다
[J] [16:17:18] [Render thread/INFO]: [System] [CHAT] 성공적으로 블록 2개를 채웠습니다 [4]
[J] [16:17:18] [Render thread/INFO]: [System] [CHAT] 성공적으로 블록 2개를 채웠습니다 [5]
[J] [16:17:18] [Render thread/INFO]: [System] [CHAT] 성공적으로 블록 2개를 채웠습니다 [6]
[J] [16:17:18] [Render thread/INFO]: [System] [CHAT] -2958, -41, 2995에 있는 블록을 바꿨습니다
[J] [16:17:18] [Render thread/INFO]: [System] [CHAT] 성공적으로 블록 9개를 채웠습니다
[J] [16:17:18] [Render thread/INFO]: [System] [CHAT] -2958, -29, 2995에 있는 블록을 바꿨습니다
[J] [16:17:18] [Render thread/INFO]: [System] [CHAT] 성공적으로 블록 2개를 채웠습니다 [7]
[J] [16:17:19] [Render thread/INFO]: [System] [CHAT] -2958, -26, 2995에 있는 블록을 바꿨습니다
[J] [16:17:19] [Render thread/INFO]: [System] [CHAT] 성공적으로 블록 4개를 채웠습니다
[J] [16:17:19] [Render thread/INFO]: [System] [CHAT] 성공적으로 블록 3개를 채웠습니다
[J] [16:17:19] [Render thread/INFO]: [System] [CHAT] 성공적으로 블록 2개를 채웠습니다 [8]
[J] [16:17:19] [Render thread/INFO]: [System] [CHAT] 성공적으로 블록 2개를 채웠습니다 [9]
[J] [16:17:19] [Render thread/INFO]: [System] [CHAT] -2958, -38, 2996에 있는 블록을 바꿨습니다
[J] [16:17:19] [Render thread/INFO]: [System] [CHAT] -2958, -37, 2996에 있는 블록을 바꿨습니다
[J] [16:17:19] [Render thread/INFO]: [System] [CHAT] -2958, -33, 2996에 있는 블록을 바꿨습니다
[J] [16:17:19] [Render thread/INFO]: [System] [CHAT] 성공적으로 블록 4개를 채웠습니다
[J] [16:17:19] [Render thread/INFO]: [System] [CHAT] 성공적으로 블록 4개를 채웠습니다 [2]
[J] [16:17:19] [Render thread/INFO]: [System] [CHAT] -2958, -29, 2996에 있는 블록을 바꿨습니다
[J] [16:17:19] [Render thread/INFO]: [System] [CHAT] 성공적으로 블록 6개를 채웠습니다
[J] [16:17:19] [Render thread/INFO]: [System] [CHAT] -2958, -22, 2996에 있는 블록을 바꿨습니다
[J] [16:17:19] [Render thread/INFO]: [System] [CHAT] 성공적으로 블록 14개를 채웠습니다
[J] [16:17:19] [Render thread/INFO]: [System] [CHAT] -2958, -52, 2997에 있는 블록을 바꿨습니다
[J] [16:17:19] [Render thread/INFO]: [System] [CHAT] 성공적으로 블록 3개를 채웠습니다
[J] [16:17:19] [Render thread/INFO]: [System] [CHAT] -2958, -50, 2997에 있는 블록을 바꿨습니다
[J] [16:17:19] [Render thread/INFO]: [System] [CHAT] 성공적으로 블록 4개를 채웠습니다
[J] [16:17:19] [Render thread/INFO]: [System] [CHAT] 성공적으로 블록 4개를 채웠습니다 [2]
[J] [16:17:19] [Render thread/INFO]: [System] [CHAT] -2958, -38, 2997에 있는 블록을 바꿨습니다
[J] [16:17:19] [Render thread/INFO]: [System] [CHAT] 성공적으로 블록 4개를 채웠습니다 [3]
[J] [16:17:19] [Render thread/INFO]: [System] [CHAT] 성공적으로 블록 3개를 채웠습니다 [2]
[J] [16:17:19] [Render thread/INFO]: [System] [CHAT] -2958, -32, 2997에 있는 블록을 바꿨습니다
[J] [16:17:19] [Render thread/INFO]: [System] [CHAT] 성공적으로 블록 4개를 채웠습니다 [4]
[J] [16:17:19] [Render thread/INFO]: [System] [CHAT] 성공적으로 블록 4개를 채웠습니다 [5]
[J] [16:17:19] [Render thread/INFO]: [System] [CHAT] 성공적으로 블록 4개를 채웠습니다 [6]
[J] [16:17:19] [Render thread/INFO]: [System] [CHAT] 성공적으로 블록 5개를 채웠습니다
[J] [16:17:19] [Render thread/INFO]: [System] [CHAT] -2958, -25, 2997에 있는 블록을 바꿨습니다
[J] [16:17:19] [Render thread/INFO]: [System] [CHAT] -2958, -24, 2997에 있는 블록을 바꿨습니다
[J] [16:17:19] [Render thread/INFO]: [System] [CHAT] 성공적으로 블록 2개를 채웠습니다
[J] [16:17:19] [Render thread/INFO]: [System] [CHAT] 성공적으로 블록 7개를 채웠습니다
[J] [16:17:19] [Render thread/INFO]: [System] [CHAT] 성공적으로 블록 2개를 채웠습니다 [2]
[J] [16:17:19] [Render thread/INFO]: [System] [CHAT] -2958, -52, 2998에 있는 블록을 바꿨습니다
[J] [16:17:19] [Render thread/INFO]: [System] [CHAT] 성공적으로 블록 2개를 채웠습니다 [3]
[J] [16:17:19] [Render thread/INFO]: [System] [CHAT] 성공적으로 블록 4개를 채웠습니다
[J] [16:17:19] [Render thread/INFO]: [System] [CHAT] 성공적으로 블록 2개를 채웠습니다 [4]
[J] [16:17:19] [Render thread/INFO]: [System] [CHAT] 성공적으로 블록 12개를 채웠습니다
[J] [16:17:19] [Render thread/INFO]: [System] [CHAT] -2958, -41, 2998에 있는 블록을 바꿨습니다
[J] [16:17:19] [Render thread/INFO]: [System] [CHAT] 성공적으로 블록 2개를 채웠습니다 [5]
[J] [16:17:19] [Render thread/INFO]: [System] [CHAT] 성공적으로 블록 5개를 채웠습니다
[J] [16:17:19] [Render thread/INFO]: [System] [CHAT] 성공적으로 블록 2개를 채웠습니다 [6]
[J] [16:17:19] [Render thread/INFO]: [System] [CHAT] -2958, -29, 2998에 있는 블록을 바꿨습니다
[J] [16:17:19] [Render thread/INFO]: [System] [CHAT] 성공적으로 블록 6개를 채웠습니다
[J] [16:17:19] [Render thread/INFO]: [System] [CHAT] -2958, -25, 2998에 있는 블록을 바꿨습니다
[J] [16:17:19] [Render thread/INFO]: [System] [CHAT] -2958, -24, 2998에 있는 블록을 바꿨습니다
[J] [16:17:19] [Render thread/INFO]: [System] [CHAT] 성공적으로 블록 2개를 채웠습니다 [7]
[J] [16:17:19] [Render thread/INFO]: [System] [CHAT] -2958, -22, 2998에 있는 블록을 바꿨습니다
[J] [16:17:19] [Render thread/INFO]: [System] [CHAT] -2958, -53, 2999에 있는 블록을 바꿨습니다
[J] [16:17:19] [Render thread/INFO]: [System] [CHAT] 성공적으로 블록 2개를 채웠습니다 [8]
[J] [16:17:19] [Render thread/INFO]: [System] [CHAT] -2958, -51, 2999에 있는 블록을 바꿨습니다
[J] [16:17:19] [Render thread/INFO]: [System] [CHAT] -2958, -49, 2999에 있는 블록을 바꿨습니다
[J] [16:17:19] [Render thread/INFO]: [System] [CHAT] 성공적으로 블록 10개를 채웠습니다
[J] [16:17:19] [Render thread/INFO]: [System] [CHAT] -2958, -43, 2999에 있는 블록을 바꿨습니다
[J] [16:17:19] [Render thread/INFO]: [System] [CHAT] 성공적으로 블록 2개를 채웠습니다 [9]
[J] [16:17:19] [Render thread/INFO]: [System] [CHAT] 성공적으로 블록 2개를 채웠습니다 [10]
[J] [16:17:19] [Render thread/INFO]: [System] [CHAT] -2958, -29, 2999에 있는 블록을 바꿨습니다
[J] [16:17:19] [Render thread/INFO]: [System] [CHAT] 성공적으로 블록 2개를 채웠습니다 [11]
[J] [16:17:19] [Render thread/INFO]: [System] [CHAT] 성공적으로 블록 6개를 채웠습니다
[J] [16:17:19] [Render thread/INFO]: [System] [CHAT] -2958, -53, 3000에 있는 블록을 바꿨습니다
[J] [16:17:19] [Render thread/INFO]: [System] [CHAT] 성공적으로 블록 2개를 채웠습니다 [12]
[J] [16:17:19] [Render thread/INFO]: [System] [CHAT] 성공적으로 블록 7개를 채웠습니다
[J] [16:17:19] [Render thread/INFO]: [System] [CHAT] 성공적으로 블록 4개를 채웠습니다
[J] [16:17:19] [Render thread/INFO]: [System] [CHAT] 성공적으로 블록 2개를 채웠습니다 [13]
[J] [16:17:19] [Render thread/INFO]: [System] [CHAT] 성공적으로 블록 32개를 채웠습니다
[J] [16:17:19] [Render thread/INFO]: [System] [CHAT] 성공적으로 블록 4개를 채웠습니다 [2]
[J] [16:17:19] [Render thread/INFO]: [System] [CHAT] 성공적으로 블록 2개를 채웠습니다 [14]
[J] [16:17:19] [Render thread/INFO]: [System] [CHAT] -2958, -25, 3000에 있는 블록을 바꿨습니다
[J] [16:17:19] [Render thread/INFO]: [System] [CHAT] -2958, -22, 3000에 있는 블록을 바꿨습니다
[J] [16:17:19] [Render thread/INFO]: [System] [CHAT] 성공적으로 블록 2개를 채웠습니다 [15]
[J] [16:17:19] [Render thread/INFO]: [System] [CHAT] -2958, -52, 3001에 있는 블록을 바꿨습니다
[J] [16:17:19] [Render thread/INFO]: [System] [CHAT] -2958, -51, 3001에 있는 블록을 바꿨습니다
[J] [16:17:19] [Render thread/INFO]: [System] [CHAT] 성공적으로 블록 5개를 채웠습니다
[J] [16:17:19] [Render thread/INFO]: [System] [CHAT] 성공적으로 블록 2개를 채웠습니다 [16]
[J] [16:17:19] [Render thread/INFO]: [System] [CHAT] 성공적으로 블록 3개를 채웠습니다
[J] [16:17:19] [Render thread/INFO]: [System] [CHAT] 성공적으로 블록 108개를 채웠습니다
[J] [16:17:19] [Render thread/INFO]: [System] [CHAT] 성공적으로 블록 120개를 채웠습니다
[J] [16:17:19] [Render thread/INFO]: [System] [CHAT] -2958, -52, 3004에 있는 블록을 바꿨습니다
[J] [16:17:19] [Render thread/INFO]: [System] [CHAT] 성공적으로 블록 3개를 채웠습니다 [2]
[J] [16:17:19] [Render thread/INFO]: [System] [CHAT] 성공적으로 블록 3개를 채웠습니다 [3]
[J] [16:17:19] [Render thread/INFO]: [System] [CHAT] -2958, -21, 3005에 있는 블록을 바꿨습니다
[J] [16:17:19] [Render thread/INFO]: [System] [CHAT] 성공적으로 블록 4개를 채웠습니다
[J] [16:17:19] [Render thread/INFO]: [System] [CHAT] -2958, -52, 3007에 있는 블록을 바꿨습니다
[J] [16:17:19] [Render thread/INFO]: [System] [CHAT] 성공적으로 블록 3개를 채웠습니다 [4]
[J] [16:17:19] [Render thread/INFO]: [System] [CHAT] -2958, -21, 3007에 있는 블록을 바꿨습니다
[J] [16:17:19] [Render thread/INFO]: [System] [CHAT] 성공적으로 블록 2개를 채웠습니다
[J] [16:17:19] [Render thread/INFO]: [System] [CHAT] -2957, -52, 2992에 있는 블록을 바꿨습니다
[J] [16:17:19] [Render thread/INFO]: [System] [CHAT] -2957, -51, 2992에 있는 블록을 바꿨습니다
[J] [16:17:19] [Render thread/INFO]: [System] [CHAT] -2957, -40, 2992에 있는 블록을 바꿨습니다
[J] [16:17:19] [Render thread/INFO]: [System] [CHAT] -2957, -39, 2992에 있는 블록을 바꿨습니다
[J] [16:17:19] [Render thread/INFO]: [System] [CHAT] 성공적으로 블록 3개를 채웠습니다
[J] [16:17:19] [Render thread/INFO]: [System] [CHAT] -2957, -53, 2993에 있는 블록을 바꿨습니다
[J] [16:17:19] [Render thread/INFO]: [System] [CHAT] -2957, -52, 2993에 있는 블록을 바꿨습니다
[J] [16:17:19] [Render thread/INFO]: [System] [CHAT] 성공적으로 블록 4개를 채웠습니다
[J] [16:17:19] [Render thread/INFO]: [System] [CHAT] 성공적으로 블록 2개를 채웠습니다
[J] [16:17:19] [Render thread/INFO]: [System] [CHAT] -2957, -25, 2993에 있는 블록을 바꿨습니다
[J] [16:17:19] [Render thread/INFO]: [System] [CHAT] -2957, -24, 2993에 있는 블록을 바꿨습니다
[J] [16:17:19] [Render thread/INFO]: [System] [CHAT] -2957, -22, 2993에 있는 블록을 바꿨습니다
[J] [16:17:19] [Render thread/INFO]: [System] [CHAT] -2957, -21, 2993에 있는 블록을 바꿨습니다
[J] [16:17:19] [Render thread/INFO]: [System] [CHAT] -2957, -40, 2994에 있는 블록을 바꿨습니다
[J] [16:17:19] [Render thread/INFO]: [System] [CHAT] -2957, -39, 2994에 있는 블록을 바꿨습니다
[J] [16:17:19] [Render thread/INFO]: [System] [CHAT] 성공적으로 블록 2개를 채웠습니다
[J] [16:17:19] [Render thread/INFO]: [System] [CHAT] -2957, -27, 2994에 있는 블록을 바꿨습니다
[J] [16:17:19] [Render thread/INFO]: [System] [CHAT] -2957, -26, 2994에 있는 블록을 바꿨습니다
[J] [16:17:19] [Render thread/INFO]: [System] [CHAT] 성공적으로 블록 7개를 채웠습니다
[J] [16:17:19] [Render thread/INFO]: [System] [CHAT] 성공적으로 블록 7개를 채웠습니다 [2]
[J] [16:17:19] [Render thread/INFO]: [System] [CHAT] 성공적으로 블록 3개를 채웠습니다
[J] [16:17:19] [Render thread/INFO]: [System] [CHAT] 성공적으로 블록 13개를 채웠습니다
[J] [16:17:19] [Render thread/INFO]: [System] [CHAT] -2957, -53, 2995에 있는 블록을 바꿨습니다
[J] [16:17:19] [Render thread/INFO]: [System] [CHAT] -2957, -42, 2995에 있는 블록을 바꿨습니다
[J] [16:17:19] [Render thread/INFO]: [System] [CHAT] -2957, -41, 2995에 있는 블록을 바꿨습니다
[J] [16:17:19] [Render thread/INFO]: [System] [CHAT] -2957, -40, 2995에 있는 블록을 바꿨습니다
[J] [16:17:19] [Render thread/INFO]: [System] [CHAT] -2957, -39, 2995에 있는 블록을 바꿨습니다
[J] [16:17:19] [Render thread/INFO]: [System] [CHAT] -2957, -38, 2995에 있는 블록을 바꿨습니다
[J] [16:17:19] [Render thread/INFO]: [System] [CHAT] 성공적으로 블록 4개를 채웠습니다
[J] [16:17:19] [Render thread/INFO]: [System] [CHAT] 성공적으로 블록 2개를 채웠습니다
[J] [16:17:19] [Render thread/INFO]: [System] [CHAT] 성공적으로 블록 4개를 채웠습니다 [2]
[J] [16:17:19] [Render thread/INFO]: [System] [CHAT] -2957, -23, 2995에 있는 블록을 바꿨습니다
[J] [16:17:19] [Render thread/INFO]: [System] [CHAT] -2957, -21, 2995에 있는 블록을 바꿨습니다
[J] [16:17:19] [Render thread/INFO]: [System] [CHAT] 성공적으로 블록 3개를 채웠습니다
[J] [16:17:19] [Render thread/INFO]: [System] [CHAT] 성공적으로 블록 2개를 채웠습니다 [2]
[J] [16:17:19] [Render thread/INFO]: [System] [CHAT] 성공적으로 블록 2개를 채웠습니다 [3]
[J] [16:17:19] [Render thread/INFO]: [System] [CHAT] 성공적으로 블록 8개를 채웠습니다
[J] [16:17:19] [Render thread/INFO]: [System] [CHAT] -2957, -33, 2996에 있는 블록을 바꿨습니다
[J] [16:17:19] [Render thread/INFO]: [System] [CHAT] -2957, -32, 2996에 있는 블록을 바꿨습니다
[J] [16:17:19] [Render thread/INFO]: [System] [CHAT] 성공적으로 블록 2개를 채웠습니다 [4]
[J] [16:17:19] [Render thread/INFO]: [System] [CHAT] 성공적으로 블록 2개를 채웠습니다 [5]
[J] [16:17:19] [Render thread/INFO]: [System] [CHAT] -2957, -53, 2997에 있는 블록을 바꿨습니다
[J] [16:17:19] [Render thread/INFO]: [System] [CHAT] -2957, -52, 2997에 있는 블록을 바꿨습니다
[J] [16:17:19] [Render thread/INFO]: [System] [CHAT] 성공적으로 블록 2개를 채웠습니다 [6]
[J] [16:17:19] [Render thread/INFO]: [System] [CHAT] 성공적으로 블록 8개를 채웠습니다
[J] [16:17:19] [Render thread/INFO]: [System] [CHAT] -2957, -33, 2997에 있는 블록을 바꿨습니다
[J] [16:17:19] [Render thread/INFO]: [System] [CHAT] -2957, -32, 2997에 있는 블록을 바꿨습니다
[J] [16:17:19] [Render thread/INFO]: [System] [CHAT] -2957, -28, 2997에 있는 블록을 바꿨습니다
[J] [16:17:19] [Render thread/INFO]: [System] [CHAT] 성공적으로 블록 2개를 채웠습니다 [7]
[J] [16:17:19] [Render thread/INFO]: [System] [CHAT] -2957, -52, 2998에 있는 블록을 바꿨습니다
[J] [16:17:19] [Render thread/INFO]: [System] [CHAT] -2957, -41, 2998에 있는 블록을 바꿨습니다
[J] [16:17:19] [Render thread/INFO]: [System] [CHAT] 성공적으로 블록 6개를 채웠습니다
[J] [16:17:19] [Render thread/INFO]: [System] [CHAT] 성공적으로 블록 2개를 채웠습니다 [8]
[J] [16:17:19] [Render thread/INFO]: [System] [CHAT] 성공적으로 블록 4개를 채웠습니다
[J] [16:17:19] [Render thread/INFO]: [System] [CHAT] 성공적으로 블록 4개를 채웠습니다 [2]
[J] [16:17:19] [Render thread/INFO]: [System] [CHAT] 성공적으로 블록 2개를 채웠습니다 [9]
[J] [16:17:19] [Render thread/INFO]: [System] [CHAT] 성공적으로 블록 4개를 채웠습니다 [3]
[J] [16:17:19] [Render thread/INFO]: [System] [CHAT] 성공적으로 블록 2개를 채웠습니다 [10]
[J] [16:17:19] [Render thread/INFO]: [System] [CHAT] -2957, -29, 2998에 있는 블록을 바꿨습니다
[J] [16:17:19] [Render thread/INFO]: [System] [CHAT] -2957, -28, 2998에 있는 블록을 바꿨습니다
[J] [16:17:19] [Render thread/INFO]: [System] [CHAT] -2957, -27, 2998에 있는 블록을 바꿨습니다
[J] [16:17:19] [Render thread/INFO]: [System] [CHAT] 성공적으로 블록 5개를 채웠습니다
[J] [16:17:19] [Render thread/INFO]: [System] [CHAT] 성공적으로 블록 2개를 채웠습니다 [11]
[J] [16:17:19] [Render thread/INFO]: [System] [CHAT] -2957, -52, 2999에 있는 블록을 바꿨습니다
[J] [16:17:19] [Render thread/INFO]: [System] [CHAT] 성공적으로 블록 2개를 채웠습니다 [12]
[J] [16:17:19] [Render thread/INFO]: [System] [CHAT] -2957, -49, 2999에 있는 블록을 바꿨습니다
[J] [16:17:19] [Render thread/INFO]: [System] [CHAT] -2957, -43, 2999에 있는 블록을 바꿨습니다
[J] [16:17:19] [Render thread/INFO]: [System] [CHAT] 성공적으로 블록 2개를 채웠습니다 [13]
[J] [16:17:19] [Render thread/INFO]: [System] [CHAT] 성공적으로 블록 8개를 채웠습니다
[J] [16:17:19] [Render thread/INFO]: [System] [CHAT] 성공적으로 블록 2개를 채웠습니다 [14]
[J] [16:17:19] [Render thread/INFO]: [System] [CHAT] -2957, -29, 2999에 있는 블록을 바꿨습니다
[J] [16:17:19] [Render thread/INFO]: [System] [CHAT] 성공적으로 블록 4개를 채웠습니다
[J] [16:17:19] [Render thread/INFO]: [System] [CHAT] 성공적으로 블록 4개를 채웠습니다 [2]
[J] [16:17:19] [Render thread/INFO]: [System] [CHAT] 성공적으로 블록 7개를 채웠습니다
[J] [16:17:19] [Render thread/INFO]: [System] [CHAT] 성공적으로 블록 2개를 채웠습니다 [15]
[J] [16:17:20] [Render thread/INFO]: [System] [CHAT] 성공적으로 블록 4개를 채웠습니다 [3]
[J] [16:17:20] [Render thread/INFO]: [System] [CHAT] -2957, -53, 3002에 있는 블록을 바꿨습니다
[J] [16:17:20] [Render thread/INFO]: [System] [CHAT] -2957, -52, 3002에 있는 블록을 바꿨습니다
[J] [16:17:20] [Render thread/INFO]: [System] [CHAT] 성공적으로 블록 3개를 채웠습니다
[J] [16:17:20] [Render thread/INFO]: [System] [CHAT] 성공적으로 블록 12개를 채웠습니다
[J] [16:17:20] [Render thread/INFO]: [System] [CHAT] 성공적으로 블록 6개를 채웠습니다
[J] [16:17:20] [Render thread/INFO]: [System] [CHAT] 성공적으로 블록 6개를 채웠습니다 [2]
[J] [16:17:20] [Render thread/INFO]: [System] [CHAT] -2957, -53, 3003에 있는 블록을 바꿨습니다
[J] [16:17:20] [Render thread/INFO]: [System] [CHAT] -2957, -52, 3003에 있는 블록을 바꿨습니다
[J] [16:17:20] [Render thread/INFO]: [System] [CHAT] 성공적으로 블록 4개를 채웠습니다
[J] [16:17:20] [Render thread/INFO]: [System] [CHAT] 성공적으로 블록 2개를 채웠습니다
[J] [16:17:20] [Render thread/INFO]: [System] [CHAT] 성공적으로 블록 2개를 채웠습니다 [2]
[J] [16:17:20] [Render thread/INFO]: [System] [CHAT] -2957, -52, 3004에 있는 블록을 바꿨습니다
[J] [16:17:20] [Render thread/INFO]: [System] [CHAT] 성공적으로 블록 4개를 채웠습니다 [2]
[J] [16:17:20] [Render thread/INFO]: [System] [CHAT] 성공적으로 블록 4개를 채웠습니다 [3]
[J] [16:17:20] [Render thread/INFO]: [System] [CHAT] -2957, -53, 3005에 있는 블록을 바꿨습니다
[J] [16:17:20] [Render thread/INFO]: [System] [CHAT] 성공적으로 블록 2개를 채웠습니다 [3]
[J] [16:17:20] [Render thread/INFO]: [System] [CHAT] 성공적으로 블록 3개를 채웠습니다
[J] [16:17:20] [Render thread/INFO]: [System] [CHAT] 성공적으로 블록 2개를 채웠습니다 [4]
[J] [16:17:20] [Render thread/INFO]: [System] [CHAT] -2957, -24, 3005에 있는 블록을 바꿨습니다
[J] [16:17:20] [Render thread/INFO]: [System] [CHAT] 성공적으로 블록 2개를 채웠습니다 [5]
[J] [16:17:20] [Render thread/INFO]: [System] [CHAT] 성공적으로 블록 3개를 채웠습니다 [2]
[J] [16:17:20] [Render thread/INFO]: [System] [CHAT] -2957, -53, 3007에 있는 블록을 바꿨습니다
[J] [16:17:20] [Render thread/INFO]: [System] [CHAT] 성공적으로 블록 2개를 채웠습니다 [6]
[J] [16:17:20] [Render thread/INFO]: [System] [CHAT] 성공적으로 블록 2개를 채웠습니다 [7]
[J] [16:17:20] [Render thread/INFO]: [System] [CHAT] -2957, -24, 3007에 있는 블록을 바꿨습니다
[J] [16:17:20] [Render thread/INFO]: [System] [CHAT] 성공적으로 블록 2개를 채웠습니다 [8]
[J] [16:17:20] [Render thread/INFO]: [System] [CHAT] 성공적으로 블록 4개를 채웠습니다
[J] [16:17:20] [Render thread/INFO]: [System] [CHAT] -2956, -51, 2992에 있는 블록을 바꿨습니다
[J] [16:17:20] [Render thread/INFO]: [System] [CHAT] 성공적으로 블록 5개를 채웠습니다
[J] [16:17:20] [Render thread/INFO]: [System] [CHAT] -2956, -41, 2992에 있는 블록을 바꿨습니다
[J] [16:17:20] [Render thread/INFO]: [System] [CHAT] 성공적으로 블록 3개를 채웠습니다
[J] [16:17:20] [Render thread/INFO]: [System] [CHAT] -2956, -39, 2992에 있는 블록을 바꿨습니다
[J] [16:17:20] [Render thread/INFO]: [System] [CHAT] 성공적으로 블록 4개를 채웠습니다
[J] [16:17:20] [Render thread/INFO]: [System] [CHAT] 성공적으로 블록 14개를 채웠습니다
[J] [16:17:20] [Render thread/INFO]: [System] [CHAT] 성공적으로 블록 3개를 채웠습니다 [2]
[J] [16:17:20] [Render thread/INFO]: [System] [CHAT] -2956, -53, 2993에 있는 블록을 바꿨습니다
[J] [16:17:20] [Render thread/INFO]: [System] [CHAT] -2956, -51, 2993에 있는 블록을 바꿨습니다
[J] [16:17:20] [Render thread/INFO]: [System] [CHAT] 성공적으로 블록 4개를 채웠습니다 [2]
[J] [16:17:20] [Render thread/INFO]: [System] [CHAT] 성공적으로 블록 2개를 채웠습니다
[J] [16:17:20] [Render thread/INFO]: [System] [CHAT] 성공적으로 블록 12개를 채웠습니다
[J] [16:17:20] [Render thread/INFO]: [System] [CHAT] -2956, -41, 2993에 있는 블록을 바꿨습니다
[J] [16:17:20] [Render thread/INFO]: [System] [CHAT] -2956, -40, 2993에 있는 블록을 바꿨습니다
[J] [16:17:20] [Render thread/INFO]: [System] [CHAT] -2956, -39, 2993에 있는 블록을 바꿨습니다
[J] [16:17:20] [Render thread/INFO]: [System] [CHAT] 성공적으로 블록 4개를 채웠습니다
[J] [16:17:20] [Render thread/INFO]: [System] [CHAT] 성공적으로 블록 2개를 채웠습니다
[J] [16:17:20] [Render thread/INFO]: [System] [CHAT] -2956, -25, 2993에 있는 블록을 바꿨습니다
[J] [16:17:20] [Render thread/INFO]: [System] [CHAT] -2956, -24, 2993에 있는 블록을 바꿨습니다
[J] [16:17:20] [Render thread/INFO]: [System] [CHAT] -2956, -23, 2993에 있는 블록을 바꿨습니다
[J] [16:17:20] [Render thread/INFO]: [System] [CHAT] 성공적으로 블록 5개를 채웠습니다
[J] [16:17:20] [Render thread/INFO]: [System] [CHAT] 성공적으로 블록 4개를 채웠습니다
[J] [16:17:20] [Render thread/INFO]: [System] [CHAT] -2956, -41, 2994에 있는 블록을 바꿨습니다
[J] [16:17:20] [Render thread/INFO]: [System] [CHAT] 성공적으로 블록 3개를 채웠습니다
[J] [16:17:20] [Render thread/INFO]: [System] [CHAT] -2956, -39, 2994에 있는 블록을 바꿨습니다
[J] [16:17:20] [Render thread/INFO]: [System] [CHAT] 성공적으로 블록 2개를 채웠습니다
[J] [16:17:20] [Render thread/INFO]: [System] [CHAT] 성공적으로 블록 2개를 채웠습니다 [2]
[J] [16:17:20] [Render thread/INFO]: [System] [CHAT] 성공적으로 블록 3개를 채웠습니다 [2]
[J] [16:17:20] [Render thread/INFO]: [System] [CHAT] -2956, -27, 2994에 있는 블록을 바꿨습니다
[J] [16:17:20] [Render thread/INFO]: [System] [CHAT] -2956, -26, 2994에 있는 블록을 바꿨습니다
[J] [16:17:20] [Render thread/INFO]: [System] [CHAT] 성공적으로 블록 9개를 채웠습니다
[J] [16:17:20] [Render thread/INFO]: [System] [CHAT] 성공적으로 블록 7개를 채웠습니다
[J] [16:17:20] [Render thread/INFO]: [System] [CHAT] 성공적으로 블록 9개를 채웠습니다 [2]
[J] [16:17:20] [Render thread/INFO]: [System] [CHAT] 성공적으로 블록 2개를 채웠습니다
[J] [16:17:20] [Render thread/INFO]: [System] [CHAT] -2956, -51, 2995에 있는 블록을 바꿨습니다
[J] [16:17:20] [Render thread/INFO]: [System] [CHAT] -2956, -41, 2995에 있는 블록을 바꿨습니다
[J] [16:17:20] [Render thread/INFO]: [System] [CHAT] -2956, -40, 2995에 있는 블록을 바꿨습니다
[J] [16:17:20] [Render thread/INFO]: [System] [CHAT] -2956, -39, 2995에 있는 블록을 바꿨습니다
[J] [16:17:20] [Render thread/INFO]: [System] [CHAT] 성공적으로 블록 2개를 채웠습니다 [2]
[J] [16:17:20] [Render thread/INFO]: [System] [CHAT] -2956, -21, 2995에 있는 블록을 바꿨습니다
[J] [16:17:20] [Render thread/INFO]: [System] [CHAT] 성공적으로 블록 2개를 채웠습니다 [3]
[J] [16:17:20] [Render thread/INFO]: [System] [CHAT] 성공적으로 블록 12개를 채웠습니다
[J] [16:17:20] [Render thread/INFO]: [System] [CHAT] -2956, -41, 2996에 있는 블록을 바꿨습니다
[J] [16:17:20] [Render thread/INFO]: [System] [CHAT] -2956, -40, 2996에 있는 블록을 바꿨습니다
[J] [16:17:20] [Render thread/INFO]: [System] [CHAT] -2956, -39, 2996에 있는 블록을 바꿨습니다
[J] [16:17:20] [Render thread/INFO]: [System] [CHAT] -2956, -33, 2996에 있는 블록을 바꿨습니다
[J] [16:17:20] [Render thread/INFO]: [System] [CHAT] 성공적으로 블록 2개를 채웠습니다
[J] [16:17:20] [Render thread/INFO]: [System] [CHAT] 성공적으로 블록 2개를 채웠습니다 [2]
[J] [16:17:20] [Render thread/INFO]: [System] [CHAT] -2956, -52, 2997에 있는 블록을 바꿨습니다
[J] [16:17:20] [Render thread/INFO]: [System] [CHAT] -2956, -50, 2997에 있는 블록을 바꿨습니다
[J] [16:17:20] [Render thread/INFO]: [System] [CHAT] -2956, -42, 2997에 있는 블록을 바꿨습니다
[J] [16:17:20] [Render thread/INFO]: [System] [CHAT] -2956, -41, 2997에 있는 블록을 바꿨습니다
[J] [16:17:20] [Render thread/INFO]: [System] [CHAT] -2956, -33, 2997에 있는 블록을 바꿨습니다
[J] [16:17:20] [Render thread/INFO]: [System] [CHAT] -2956, -32, 2997에 있는 블록을 바꿨습니다
[J] [16:17:20] [Render thread/INFO]: [System] [CHAT] -2956, -28, 2997에 있는 블록을 바꿨습니다
[J] [16:17:20] [Render thread/INFO]: [System] [CHAT] -2956, -53, 2998에 있는 블록을 바꿨습니다
[J] [16:17:20] [Render thread/INFO]: [System] [CHAT] 성공적으로 블록 2개를 채웠습니다
[J] [16:17:20] [Render thread/INFO]: [System] [CHAT] 성공적으로 블록 3개를 채웠습니다
[J] [16:17:20] [Render thread/INFO]: [System] [CHAT] -2956, -41, 2998에 있는 블록을 바꿨습니다
[J] [16:17:20] [Render thread/INFO]: [System] [CHAT] 성공적으로 블록 8개를 채웠습니다
[J] [16:17:20] [Render thread/INFO]: [System] [CHAT] 성공적으로 블록 2개를 채웠습니다 [2]
[J] [16:17:20] [Render thread/INFO]: [System] [CHAT] 성공적으로 블록 5개를 채웠습니다
[J] [16:17:20] [Render thread/INFO]: [System] [CHAT] -2956, -52, 2999에 있는 블록을 바꿨습니다
[J] [16:17:20] [Render thread/INFO]: [System] [CHAT] 성공적으로 블록 2개를 채웠습니다 [3]
[J] [16:17:20] [Render thread/INFO]: [System] [CHAT] 성공적으로 블록 9개를 채웠습니다
[J] [16:17:20] [Render thread/INFO]: [System] [CHAT] 성공적으로 블록 9개를 채웠습니다 [2]
[J] [16:17:20] [Render thread/INFO]: [System] [CHAT] 성공적으로 블록 4개를 채웠습니다
[J] [16:17:20] [Render thread/INFO]: [System] [CHAT] -2956, -51, 3000에 있는 블록을 바꿨습니다
[J] [16:17:20] [Render thread/INFO]: [System] [CHAT] -2956, -49, 3000에 있는 블록을 바꿨습니다
[J] [16:17:20] [Render thread/INFO]: [System] [CHAT] 성공적으로 블록 6개를 채웠습니다
[J] [16:17:20] [Render thread/INFO]: [System] [CHAT] -2956, -42, 3000에 있는 블록을 바꿨습니다
[J] [16:17:20] [Render thread/INFO]: [System] [CHAT] -2956, -41, 3000에 있는 블록을 바꿨습니다
[J] [16:17:20] [Render thread/INFO]: [System] [CHAT] 성공적으로 블록 8개를 채웠습니다
[J] [16:17:20] [Render thread/INFO]: [System] [CHAT] 성공적으로 블록 4개를 채웠습니다
[J] [16:17:20] [Render thread/INFO]: [System] [CHAT] 성공적으로 블록 2개를 채웠습니다
[J] [16:17:20] [Render thread/INFO]: [System] [CHAT] 성공적으로 블록 3개를 채웠습니다
[J] [16:17:20] [Render thread/INFO]: [System] [CHAT] 성공적으로 블록 9개를 채웠습니다
[J] [16:17:20] [Render thread/INFO]: [System] [CHAT] 성공적으로 블록 70개를 채웠습니다
[J] [16:17:20] [Render thread/INFO]: [System] [CHAT] -2956, -26, 3001에 있는 블록을 바꿨습니다
[J] [16:17:20] [Render thread/INFO]: [System] [CHAT] 성공적으로 블록 2개를 채웠습니다 [2]
[J] [16:17:20] [Render thread/INFO]: [System] [CHAT] -2956, -49, 3002에 있는 블록을 바꿨습니다
[J] [16:17:20] [Render thread/INFO]: [System] [CHAT] 성공적으로 블록 6개를 채웠습니다
[J] [16:17:20] [Render thread/INFO]: [System] [CHAT] -2956, -42, 3002에 있는 블록을 바꿨습니다
[J] [16:17:20] [Render thread/INFO]: [System] [CHAT] -2956, -41, 3002에 있는 블록을 바꿨습니다
[J] [16:17:20] [Render thread/INFO]: [System] [CHAT] 성공적으로 블록 12개를 채웠습니다
[J] [16:17:20] [Render thread/INFO]: [System] [CHAT] 성공적으로 블록 12개를 채웠습니다 [2]
[J] [16:17:20] [Render thread/INFO]: [System] [CHAT] -2956, -26, 3002에 있는 블록을 바꿨습니다
[J] [16:17:20] [Render thread/INFO]: [System] [CHAT] -2956, -52, 3003에 있는 블록을 바꿨습니다
[J] [16:17:20] [Render thread/INFO]: [System] [CHAT] 성공적으로 블록 9개를 채웠습니다
[J] [16:17:20] [Render thread/INFO]: [System] [CHAT] 성공적으로 블록 3개를 채웠습니다
[J] [16:17:20] [Render thread/INFO]: [System] [CHAT] 성공적으로 블록 2개를 채웠습니다
[J] [16:17:20] [Render thread/INFO]: [System] [CHAT] -2956, -49, 3004에 있는 블록을 바꿨습니다
[J] [16:17:20] [Render thread/INFO]: [System] [CHAT] 성공적으로 블록 6개를 채웠습니다
[J] [16:17:20] [Render thread/INFO]: [System] [CHAT] -2956, -42, 3004에 있는 블록을 바꿨습니다
[J] [16:17:20] [Render thread/INFO]: [System] [CHAT] -2956, -41, 3004에 있는 블록을 바꿨습니다
[J] [16:17:20] [Render thread/INFO]: [System] [CHAT] -2956, -26, 3004에 있는 블록을 바꿨습니다
[J] [16:17:20] [Render thread/INFO]: [System] [CHAT] -2956, -24, 3004에 있는 블록을 바꿨습니다
[J] [16:17:20] [Render thread/INFO]: [System] [CHAT] 성공적으로 블록 4개를 채웠습니다
[J] [16:17:20] [Render thread/INFO]: [System] [CHAT] 성공적으로 블록 4개를 채웠습니다 [2]
[J] [16:17:20] [Render thread/INFO]: [System] [CHAT] 성공적으로 블록 2개를 채웠습니다
[J] [16:17:20] [Render thread/INFO]: [System] [CHAT] -2956, -51, 3005에 있는 블록을 바꿨습니다
[J] [16:17:20] [Render thread/INFO]: [System] [CHAT] 성공적으로 블록 9개를 채웠습니다
[J] [16:17:20] [Render thread/INFO]: [System] [CHAT] -2956, -21, 3005에 있는 블록을 바꿨습니다
[J] [16:17:20] [Render thread/INFO]: [System] [CHAT] -2956, -20, 3005에 있는 블록을 바꿨습니다
[J] [16:17:20] [Render thread/INFO]: [System] [CHAT] 성공적으로 블록 2개를 채웠습니다 [2]
[J] [16:17:20] [Render thread/INFO]: [System] [CHAT] -2956, -52, 3006에 있는 블록을 바꿨습니다
[J] [16:17:20] [Render thread/INFO]: [System] [CHAT] -2956, -51, 3006에 있는 블록을 바꿨습니다
[J] [16:17:20] [Render thread/INFO]: [System] [CHAT] -2956, -49, 3006에 있는 블록을 바꿨습니다
[J] [16:17:20] [Render thread/INFO]: [System] [CHAT] 성공적으로 블록 6개를 채웠습니다
[J] [16:17:20] [Render thread/INFO]: [System] [CHAT] -2956, -42, 3006에 있는 블록을 바꿨습니다
[J] [16:17:20] [Render thread/INFO]: [System] [CHAT] -2956, -41, 3006에 있는 블록을 바꿨습니다
[J] [16:17:20] [Render thread/INFO]: [System] [CHAT] -2956, -26, 3006에 있는 블록을 바꿨습니다
[J] [16:17:20] [Render thread/INFO]: [System] [CHAT] -2956, -24, 3006에 있는 블록을 바꿨습니다
[J] [16:17:20] [Render thread/INFO]: [System] [CHAT] -2956, -51, 3007에 있는 블록을 바꿨습니다
[J] [16:17:20] [Render thread/INFO]: [System] [CHAT] 성공적으로 블록 9개를 채웠습니다
[J] [16:17:20] [Render thread/INFO]: [System] [CHAT] -2956, -21, 3007에 있는 블록을 바꿨습니다
[J] [16:17:20] [Render thread/INFO]: [System] [CHAT] -2956, -20, 3007에 있는 블록을 바꿨습니다
[J] [16:17:20] [Render thread/INFO]: [System] [CHAT] -2955, -53, 2992에 있는 블록을 바꿨습니다
[J] [16:17:20] [Render thread/INFO]: [System] [CHAT] -2955, -52, 2992에 있는 블록을 바꿨습니다
[J] [16:17:20] [Render thread/INFO]: [System] [CHAT] 성공적으로 블록 4개를 채웠습니다
[J] [16:17:20] [Render thread/INFO]: [System] [CHAT] -2955, -50, 2992에 있는 블록을 바꿨습니다
[J] [16:17:20] [Render thread/INFO]: [System] [CHAT] 성공적으로 블록 9개를 채웠습니다
[J] [16:17:20] [Render thread/INFO]: [System] [CHAT] 성공적으로 블록 8개를 채웠습니다
[J] [16:17:20] [Render thread/INFO]: [System] [CHAT] -2955, -37, 2992에 있는 블록을 바꿨습니다
[J] [16:17:20] [Render thread/INFO]: [System] [CHAT] 성공적으로 블록 10개를 채웠습니다
[J] [16:17:20] [Render thread/INFO]: [System] [CHAT] -2955, -31, 2992에 있는 블록을 바꿨습니다
[J] [16:17:20] [Render thread/INFO]: [System] [CHAT] 성공적으로 블록 4개를 채웠습니다
[J] [16:17:20] [Render thread/INFO]: [System] [CHAT] -2955, -53, 2993에 있는 블록을 바꿨습니다
[J] [16:17:20] [Render thread/INFO]: [System] [CHAT] -2955, -52, 2993에 있는 블록을 바꿨습니다
[J] [16:17:20] [Render thread/INFO]: [System] [CHAT] -2955, -49, 2993에 있는 블록을 바꿨습니다
[J] [16:17:20] [Render thread/INFO]: [System] [CHAT] 성공적으로 블록 10개를 채웠습니다
[J] [16:17:21] [Render thread/INFO]: [System] [CHAT] -2955, -43, 2993에 있는 블록을 바꿨습니다
[J] [16:17:21] [Render thread/INFO]: [System] [CHAT] 성공적으로 블록 2개를 채웠습니다
[J] [16:17:21] [Render thread/INFO]: [System] [CHAT] 성공적으로 블록 2개를 채웠습니다 [2]
[J] [16:17:21] [Render thread/INFO]: [System] [CHAT] 성공적으로 블록 2개를 채웠습니다 [3]
[J] [16:17:21] [Render thread/INFO]: [System] [CHAT] -2955, -37, 2993에 있는 블록을 바꿨습니다
[J] [16:17:21] [Render thread/INFO]: [System] [CHAT] -2955, -31, 2993에 있는 블록을 바꿨습니다
[J] [16:17:21] [Render thread/INFO]: [System] [CHAT] -2955, -52, 2994에 있는 블록을 바꿨습니다
[J] [16:17:21] [Render thread/INFO]: [System] [CHAT] 성공적으로 블록 2개를 채웠습니다 [4]
[J] [16:17:21] [Render thread/INFO]: [System] [CHAT] -2955, -49, 2994에 있는 블록을 바꿨습니다
[J] [16:17:21] [Render thread/INFO]: [System] [CHAT] -2955, -43, 2994에 있는 블록을 바꿨습니다
[J] [16:17:21] [Render thread/INFO]: [System] [CHAT] 성공적으로 블록 2개를 채웠습니다 [5]
[J] [16:17:21] [Render thread/INFO]: [System] [CHAT] 성공적으로 블록 9개를 채웠습니다
[J] [16:17:21] [Render thread/INFO]: [System] [CHAT] 성공적으로 블록 6개를 채웠습니다
[J] [16:17:21] [Render thread/INFO]: [System] [CHAT] -2955, -28, 2994에 있는 블록을 바꿨습니다
[J] [16:17:21] [Render thread/INFO]: [System] [CHAT] -2955, -27, 2994에 있는 블록을 바꿨습니다
[J] [16:17:21] [Render thread/INFO]: [System] [CHAT] -2955, -26, 2994에 있는 블록을 바꿨습니다
[J] [16:17:21] [Render thread/INFO]: [System] [CHAT] 성공적으로 블록 22개를 채웠습니다
[J] [16:17:21] [Render thread/INFO]: [System] [CHAT] 성공적으로 블록 2개를 채웠습니다
[J] [16:17:21] [Render thread/INFO]: [System] [CHAT] 성공적으로 블록 11개를 채웠습니다
[J] [16:17:21] [Render thread/INFO]: [System] [CHAT] 성공적으로 블록 2개를 채웠습니다 [2]
[J] [16:17:21] [Render thread/INFO]: [System] [CHAT] -2955, -50, 2995에 있는 블록을 바꿨습니다
[J] [16:17:21] [Render thread/INFO]: [System] [CHAT] 성공적으로 블록 10개를 채웠습니다
[J] [16:17:21] [Render thread/INFO]: [System] [CHAT] -2955, -29, 2995에 있는 블록을 바꿨습니다
[J] [16:17:21] [Render thread/INFO]: [System] [CHAT] 성공적으로 블록 2개를 채웠습니다 [3]
[J] [16:17:21] [Render thread/INFO]: [System] [CHAT] -2955, -26, 2995에 있는 블록을 바꿨습니다
[J] [16:17:21] [Render thread/INFO]: [System] [CHAT] 성공적으로 블록 5개를 채웠습니다
[J] [16:17:21] [Render thread/INFO]: [System] [CHAT] -2955, -52, 2996에 있는 블록을 바꿨습니다
[J] [16:17:21] [Render thread/INFO]: [System] [CHAT] 성공적으로 블록 2개를 채웠습니다 [4]
[J] [16:17:21] [Render thread/INFO]: [System] [CHAT] -2955, -50, 2996에 있는 블록을 바꿨습니다
[J] [16:17:21] [Render thread/INFO]: [System] [CHAT] 성공적으로 블록 8개를 채웠습니다
[J] [16:17:21] [Render thread/INFO]: [System] [CHAT] -2955, -41, 2996에 있는 블록을 바꿨습니다
[J] [16:17:21] [Render thread/INFO]: [System] [CHAT] -2955, -40, 2996에 있는 블록을 바꿨습니다
[J] [16:17:21] [Render thread/INFO]: [System] [CHAT] -2955, -39, 2996에 있는 블록을 바꿨습니다
[J] [16:17:21] [Render thread/INFO]: [System] [CHAT] -2955, -38, 2996에 있는 블록을 바꿨습니다
[J] [16:17:21] [Render thread/INFO]: [System] [CHAT] -2955, -37, 2996에 있는 블록을 바꿨습니다
[J] [16:17:21] [Render thread/INFO]: [System] [CHAT] -2955, -33, 2996에 있는 블록을 바꿨습니다
[J] [16:17:21] [Render thread/INFO]: [System] [CHAT] -2955, -29, 2996에 있는 블록을 바꿨습니다
[J] [16:17:21] [Render thread/INFO]: [System] [CHAT] 성공적으로 블록 4개를 채웠습니다
[J] [16:17:21] [Render thread/INFO]: [System] [CHAT] 성공적으로 블록 2개를 채웠습니다
[J] [16:17:21] [Render thread/INFO]: [System] [CHAT] -2955, -51, 2997에 있는 블록을 바꿨습니다
[J] [16:17:21] [Render thread/INFO]: [System] [CHAT] -2955, -50, 2997에 있는 블록을 바꿨습니다
[J] [16:17:21] [Render thread/INFO]: [System] [CHAT] 성공적으로 블록 8개를 채웠습니다
[J] [16:17:21] [Render thread/INFO]: [System] [CHAT] -2955, -41, 2997에 있는 블록을 바꿨습니다
[J] [16:17:21] [Render thread/INFO]: [System] [CHAT] -2955, -38, 2997에 있는 블록을 바꿨습니다
[J] [16:17:21] [Render thread/INFO]: [System] [CHAT] 성공적으로 블록 2개를 채웠습니다
[J] [16:17:21] [Render thread/INFO]: [System] [CHAT] 성공적으로 블록 2개를 채웠습니다 [2]
[J] [16:17:21] [Render thread/INFO]: [System] [CHAT] 성공적으로 블록 3개를 채웠습니다
[J] [16:17:21] [Render thread/INFO]: [System] [CHAT] -2955, -32, 2997에 있는 블록을 바꿨습니다
[J] [16:17:21] [Render thread/INFO]: [System] [CHAT] 성공적으로 블록 4개를 채웠습니다
[J] [16:17:21] [Render thread/INFO]: [System] [CHAT] 성공적으로 블록 2개를 채웠습니다 [3]
[J] [16:17:21] [Render thread/INFO]: [System] [CHAT] 성공적으로 블록 2개를 채웠습니다 [4]
[J] [16:17:21] [Render thread/INFO]: [System] [CHAT] 성공적으로 블록 5개를 채웠습니다
[J] [16:17:21] [Render thread/INFO]: [System] [CHAT] -2955, -53, 2998에 있는 블록을 바꿨습니다
[J] [16:17:21] [Render thread/INFO]: [System] [CHAT] 성공적으로 블록 18개를 채웠습니다
[J] [16:17:21] [Render thread/INFO]: [System] [CHAT] -2955, -41, 2998에 있는 블록을 바꿨습니다
[J] [16:17:21] [Render thread/INFO]: [System] [CHAT] 성공적으로 블록 2개를 채웠습니다 [5]
[J] [16:17:21] [Render thread/INFO]: [System] [CHAT] -2955, -36, 2998에 있는 블록을 바꿨습니다
[J] [16:17:21] [Render thread/INFO]: [System] [CHAT] 성공적으로 블록 10개를 채웠습니다
[J] [16:17:21] [Render thread/INFO]: [System] [CHAT] 성공적으로 블록 4개를 채웠습니다
[J] [16:17:21] [Render thread/INFO]: [System] [CHAT] 성공적으로 블록 2개를 채웠습니다 [6]
[J] [16:17:21] [Render thread/INFO]: [System] [CHAT] 성공적으로 블록 4개를 채웠습니다 [2]
[J] [16:17:21] [Render thread/INFO]: [System] [CHAT] 성공적으로 블록 4개를 채웠습니다 [3]
[J] [16:17:21] [Render thread/INFO]: [System] [CHAT] -2955, -52, 2999에 있는 블록을 바꿨습니다
[J] [16:17:21] [Render thread/INFO]: [System] [CHAT] -2955, -41, 2999에 있는 블록을 바꿨습니다
[J] [16:17:21] [Render thread/INFO]: [System] [CHAT] 성공적으로 블록 4개를 채웠습니다 [4]
[J] [16:17:21] [Render thread/INFO]: [System] [CHAT] 성공적으로 블록 3개를 채웠습니다
[J] [16:17:21] [Render thread/INFO]: [System] [CHAT] 성공적으로 블록 2개를 채웠습니다 [7]
[J] [16:17:21] [Render thread/INFO]: [System] [CHAT] -2955, -51, 3000에 있는 블록을 바꿨습니다
[J] [16:17:21] [Render thread/INFO]: [System] [CHAT] -2955, -50, 3000에 있는 블록을 바꿨습니다
[J] [16:17:21] [Render thread/INFO]: [System] [CHAT] 성공적으로 블록 7개를 채웠습니다
[J] [16:17:21] [Render thread/INFO]: [System] [CHAT] -2955, -39, 3000에 있는 블록을 바꿨습니다
[J] [16:17:21] [Render thread/INFO]: [System] [CHAT] 성공적으로 블록 4개를 채웠습니다
[J] [16:17:21] [Render thread/INFO]: [System] [CHAT] 성공적으로 블록 2개를 채웠습니다
[J] [16:17:21] [Render thread/INFO]: [System] [CHAT] 성공적으로 블록 3개를 채웠습니다
[J] [16:17:21] [Render thread/INFO]: [System] [CHAT] -2955, -50, 3001에 있는 블록을 바꿨습니다
[J] [16:17:21] [Render thread/INFO]: [System] [CHAT] -2955, -49, 3001에 있는 블록을 바꿨습니다
[J] [16:17:21] [Render thread/INFO]: [System] [CHAT] -2955, -41, 3001에 있는 블록을 바꿨습니다
[J] [16:17:21] [Render thread/INFO]: [System] [CHAT] -2955, -39, 3001에 있는 블록을 바꿨습니다
[J] [16:17:21] [Render thread/INFO]: [System] [CHAT] 성공적으로 블록 9개를 채웠습니다
[J] [16:17:21] [Render thread/INFO]: [System] [CHAT] -2955, -25, 3001에 있는 블록을 바꿨습니다
[J] [16:17:21] [Render thread/INFO]: [System] [CHAT] -2955, -24, 3001에 있는 블록을 바꿨습니다
[J] [16:17:21] [Render thread/INFO]: [System] [CHAT] 성공적으로 블록 2개를 채웠습니다
[J] [16:17:21] [Render thread/INFO]: [System] [CHAT] -2955, -50, 3002에 있는 블록을 바꿨습니다
[J] [16:17:21] [Render thread/INFO]: [System] [CHAT] -2955, -39, 3002에 있는 블록을 바꿨습니다
[J] [16:17:21] [Render thread/INFO]: [System] [CHAT] 성공적으로 블록 9개를 채웠습니다
[J] [16:17:21] [Render thread/INFO]: [System] [CHAT] -2955, -29, 3002에 있는 블록을 바꿨습니다
[J] [16:17:21] [Render thread/INFO]: [System] [CHAT] -2955, -28, 3002에 있는 블록을 바꿨습니다
[J] [16:17:21] [Render thread/INFO]: [System] [CHAT] -2955, -26, 3002에 있는 블록을 바꿨습니다
[J] [16:17:21] [Render thread/INFO]: [System] [CHAT] -2955, -24, 3002에 있는 블록을 바꿨습니다
[J] [16:17:21] [Render thread/INFO]: [System] [CHAT] -2955, -23, 3002에 있는 블록을 바꿨습니다
[J] [16:17:21] [Render thread/INFO]: [System] [CHAT] 성공적으로 블록 2개를 채웠습니다
[J] [16:17:21] [Render thread/INFO]: [System] [CHAT] 성공적으로 블록 2개를 채웠습니다 [2]
[J] [16:17:21] [Render thread/INFO]: [System] [CHAT] -2955, -50, 3003에 있는 블록을 바꿨습니다
[J] [16:17:21] [Render thread/INFO]: [System] [CHAT] -2955, -49, 3003에 있는 블록을 바꿨습니다
[J] [16:17:21] [Render thread/INFO]: [System] [CHAT] -2955, -41, 3003에 있는 블록을 바꿨습니다
[J] [16:17:21] [Render thread/INFO]: [System] [CHAT] 성공적으로 블록 12개를 채웠습니다
[J] [16:17:21] [Render thread/INFO]: [System] [CHAT] 성공적으로 블록 2개를 채웠습니다 [3]
[J] [16:17:21] [Render thread/INFO]: [System] [CHAT] -2955, -21, 3003에 있는 블록을 바꿨습니다
[J] [16:17:21] [Render thread/INFO]: [System] [CHAT] -2955, -53, 3004에 있는 블록을 바꿨습니다
[J] [16:17:21] [Render thread/INFO]: [System] [CHAT] 성공적으로 블록 2개를 채웠습니다 [4]
[J] [16:17:21] [Render thread/INFO]: [System] [CHAT] -2955, -50, 3004에 있는 블록을 바꿨습니다
[J] [16:17:21] [Render thread/INFO]: [System] [CHAT] -2955, -39, 3004에 있는 블록을 바꿨습니다
[J] [16:17:21] [Render thread/INFO]: [System] [CHAT] 성공적으로 블록 10개를 채웠습니다
[J] [16:17:21] [Render thread/INFO]: [System] [CHAT] -2955, -28, 3004에 있는 블록을 바꿨습니다
[J] [16:17:21] [Render thread/INFO]: [System] [CHAT] 성공적으로 블록 2개를 채웠습니다 [5]
[J] [16:17:21] [Render thread/INFO]: [System] [CHAT] 성공적으로 블록 2개를 채웠습니다 [6]
[J] [16:17:21] [Render thread/INFO]: [System] [CHAT] -2955, -50, 3005에 있는 블록을 바꿨습니다
[J] [16:17:21] [Render thread/INFO]: [System] [CHAT] -2955, -49, 3005에 있는 블록을 바꿨습니다
[J] [16:17:21] [Render thread/INFO]: [System] [CHAT] -2955, -41, 3005에 있는 블록을 바꿨습니다
[J] [16:17:21] [Render thread/INFO]: [System] [CHAT] 성공적으로 블록 12개를 채웠습니다
[J] [16:17:21] [Render thread/INFO]: [System] [CHAT] -2955, -20, 3005에 있는 블록을 바꿨습니다
[J] [16:17:21] [Render thread/INFO]: [System] [CHAT] 성공적으로 블록 4개를 채웠습니다
[J] [16:17:21] [Render thread/INFO]: [System] [CHAT] 성공적으로 블록 2개를 채웠습니다
[J] [16:17:21] [Render thread/INFO]: [System] [CHAT] -2955, -50, 3006에 있는 블록을 바꿨습니다
[J] [16:17:21] [Render thread/INFO]: [System] [CHAT] -2955, -39, 3006에 있는 블록을 바꿨습니다
[J] [16:17:21] [Render thread/INFO]: [System] [CHAT] 성공적으로 블록 10개를 채웠습니다
[J] [16:17:21] [Render thread/INFO]: [System] [CHAT] -2955, -28, 3006에 있는 블록을 바꿨습니다
[J] [16:17:21] [Render thread/INFO]: [System] [CHAT] 성공적으로 블록 2개를 채웠습니다 [2]
[J] [16:17:21] [Render thread/INFO]: [System] [CHAT] 성공적으로 블록 2개를 채웠습니다 [3]
[J] [16:17:21] [Render thread/INFO]: [System] [CHAT] 성공적으로 블록 4개를 채웠습니다
[J] [16:17:21] [Render thread/INFO]: [System] [CHAT] -2955, -50, 3007에 있는 블록을 바꿨습니다
[J] [16:17:21] [Render thread/INFO]: [System] [CHAT] -2955, -49, 3007에 있는 블록을 바꿨습니다
[J] [16:17:21] [Render thread/INFO]: [System] [CHAT] -2955, -41, 3007에 있는 블록을 바꿨습니다
[J] [16:17:21] [Render thread/INFO]: [System] [CHAT] 성공적으로 블록 12개를 채웠습니다
[J] [16:17:21] [Render thread/INFO]: [System] [CHAT] -2955, -20, 3007에 있는 블록을 바꿨습니다
[J] [16:17:21] [Render thread/INFO]: [System] [CHAT] -2955, -14, 3007에 있는 블록을 바꿨습니다
[J] [16:17:21] [Render thread/INFO]: [System] [CHAT] 성공적으로 블록 4개를 채웠습니다
[J] [16:17:21] [Render thread/INFO]: [System] [CHAT] -2954, -52, 2992에 있는 블록을 바꿨습니다
[J] [16:17:21] [Render thread/INFO]: [System] [CHAT] -2954, -50, 2992에 있는 블록을 바꿨습니다
[J] [16:17:21] [Render thread/INFO]: [System] [CHAT] -2954, -49, 2992에 있는 블록을 바꿨습니다
[J] [16:17:21] [Render thread/INFO]: [System] [CHAT] 성공적으로 블록 5개를 채웠습니다
[J] [16:17:21] [Render thread/INFO]: [System] [CHAT] -2954, -43, 2992에 있는 블록을 바꿨습니다
[J] [16:17:21] [Render thread/INFO]: [System] [CHAT] -2954, -42, 2992에 있는 블록을 바꿨습니다
[J] [16:17:21] [Render thread/INFO]: [System] [CHAT] -2954, -41, 2992에 있는 블록을 바꿨습니다
[J] [16:17:21] [Render thread/INFO]: [System] [CHAT] 성공적으로 블록 12개를 채웠습니다
[J] [16:17:21] [Render thread/INFO]: [System] [CHAT] 성공적으로 블록 30개를 채웠습니다
[J] [16:17:21] [Render thread/INFO]: [System] [CHAT] 성공적으로 블록 16개를 채웠습니다
[J] [16:17:21] [Render thread/INFO]: [System] [CHAT] -2954, -52, 2993에 있는 블록을 바꿨습니다
[J] [16:17:21] [Render thread/INFO]: [System] [CHAT] 성공적으로 블록 4개를 채웠습니다
[J] [16:17:21] [Render thread/INFO]: [System] [CHAT] 성공적으로 블록 4개를 채웠습니다 [2]
[J] [16:17:21] [Render thread/INFO]: [System] [CHAT] 성공적으로 블록 2개를 채웠습니다
[J] [16:17:21] [Render thread/INFO]: [System] [CHAT] 성공적으로 블록 2개를 채웠습니다 [2]
[J] [16:17:21] [Render thread/INFO]: [System] [CHAT] 성공적으로 블록 10개를 채웠습니다
[J] [16:17:21] [Render thread/INFO]: [System] [CHAT] -2954, -32, 2994에 있는 블록을 바꿨습니다
[J] [16:17:21] [Render thread/INFO]: [System] [CHAT] -2954, -31, 2994에 있는 블록을 바꿨습니다
[J] [16:17:21] [Render thread/INFO]: [System] [CHAT] 성공적으로 블록 30개를 채웠습니다
[J] [16:17:21] [Render thread/INFO]: [System] [CHAT] -2954, -53, 2995에 있는 블록을 바꿨습니다
[J] [16:17:21] [Render thread/INFO]: [System] [CHAT] -2954, -50, 2995에 있는 블록을 바꿨습니다
[J] [16:17:21] [Render thread/INFO]: [System] [CHAT] -2954, -49, 2995에 있는 블록을 바꿨습니다
[J] [16:17:21] [Render thread/INFO]: [System] [CHAT] 성공적으로 블록 5개를 채웠습니다
[J] [16:17:21] [Render thread/INFO]: [System] [CHAT] -2954, -43, 2995에 있는 블록을 바꿨습니다
[J] [16:17:21] [Render thread/INFO]: [System] [CHAT] -2954, -42, 2995에 있는 블록을 바꿨습니다
[J] [16:17:21] [Render thread/INFO]: [System] [CHAT] -2954, -41, 2995에 있는 블록을 바꿨습니다
[J] [16:17:21] [Render thread/INFO]: [System] [CHAT] -2954, -40, 2995에 있는 블록을 바꿨습니다
[J] [16:17:21] [Render thread/INFO]: [System] [CHAT] -2954, -39, 2995에 있는 블록을 바꿨습니다
[J] [16:17:21] [Render thread/INFO]: [System] [CHAT] 성공적으로 블록 16개를 채웠습니다
[J] [16:17:21] [Render thread/INFO]: [System] [CHAT] -2954, -30, 2995에 있는 블록을 바꿨습니다
[J] [16:17:21] [Render thread/INFO]: [System] [CHAT] -2954, -29, 2995에 있는 블록을 바꿨습니다
[J] [16:17:21] [Render thread/INFO]: [System] [CHAT] -2954, -28, 2995에 있는 블록을 바꿨습니다
[J] [16:17:21] [Render thread/INFO]: [System] [CHAT] -2954, -27, 2995에 있는 블록을 바꿨습니다
[J] [16:17:22] [Render thread/INFO]: [System] [CHAT] 성공적으로 블록 6개를 채웠습니다
[J] [16:17:22] [Render thread/INFO]: [System] [CHAT] -2954, -53, 2996에 있는 블록을 바꿨습니다
[J] [16:17:22] [Render thread/INFO]: [System] [CHAT] -2954, -52, 2996에 있는 블록을 바꿨습니다
[J] [16:17:22] [Render thread/INFO]: [System] [CHAT] -2954, -50, 2996에 있는 블록을 바꿨습니다
[J] [16:17:22] [Render thread/INFO]: [System] [CHAT] 성공적으로 블록 8개를 채웠습니다
[J] [16:17:22] [Render thread/INFO]: [System] [CHAT] -2954, -41, 2996에 있는 블록을 바꿨습니다
[J] [16:17:22] [Render thread/INFO]: [System] [CHAT] -2954, -40, 2996에 있는 블록을 바꿨습니다
[J] [16:17:22] [Render thread/INFO]: [System] [CHAT] -2954, -39, 2996에 있는 블록을 바꿨습니다
[J] [16:17:22] [Render thread/INFO]: [System] [CHAT] -2954, -30, 2996에 있는 블록을 바꿨습니다
[J] [16:17:22] [Render thread/INFO]: [System] [CHAT] 성공적으로 블록 4개를 채웠습니다
[J] [16:17:22] [Render thread/INFO]: [System] [CHAT] -2954, -25, 2996에 있는 블록을 바꿨습니다
[J] [16:17:22] [Render thread/INFO]: [System] [CHAT] -2954, -22, 2996에 있는 블록을 바꿨습니다
[J] [16:17:22] [Render thread/INFO]: [System] [CHAT] -2954, -53, 2997에 있는 블록을 바꿨습니다
[J] [16:17:22] [Render thread/INFO]: [System] [CHAT] 성공적으로 블록 2개를 채웠습니다
[J] [16:17:22] [Render thread/INFO]: [System] [CHAT] -2954, -50, 2997에 있는 블록을 바꿨습니다
[J] [16:17:22] [Render thread/INFO]: [System] [CHAT] 성공적으로 블록 8개를 채웠습니다
[J] [16:17:22] [Render thread/INFO]: [System] [CHAT] -2954, -41, 2997에 있는 블록을 바꿨습니다
[J] [16:17:22] [Render thread/INFO]: [System] [CHAT] -2954, -40, 2997에 있는 블록을 바꿨습니다
[J] [16:17:22] [Render thread/INFO]: [System] [CHAT] -2954, -39, 2997에 있는 블록을 바꿨습니다
[J] [16:17:22] [Render thread/INFO]: [System] [CHAT] 성공적으로 블록 2개를 채웠습니다
[J] [16:17:22] [Render thread/INFO]: [System] [CHAT] -2954, -37, 2997에 있는 블록을 바꿨습니다
[J] [16:17:22] [Render thread/INFO]: [System] [CHAT] -2954, -35, 2997에 있는 블록을 바꿨습니다
[J] [16:17:22] [Render thread/INFO]: [System] [CHAT] 성공적으로 블록 16개를 채웠습니다
[J] [16:17:22] [Render thread/INFO]: [System] [CHAT] 성공적으로 블록 4개를 채웠습니다
[J] [16:17:22] [Render thread/INFO]: [System] [CHAT] -2954, -53, 2998에 있는 블록을 바꿨습니다
[J] [16:17:22] [Render thread/INFO]: [System] [CHAT] 성공적으로 블록 3개를 채웠습니다
[J] [16:17:22] [Render thread/INFO]: [System] [CHAT] 성공적으로 블록 2개를 채웠습니다
[J] [16:17:22] [Render thread/INFO]: [System] [CHAT] -2954, -49, 2998에 있는 블록을 바꿨습니다
[J] [16:17:22] [Render thread/INFO]: [System] [CHAT] 성공적으로 블록 6개를 채웠습니다
[J] [16:17:22] [Render thread/INFO]: [System] [CHAT] -2954, -42, 2998에 있는 블록을 바꿨습니다
[J] [16:17:22] [Render thread/INFO]: [System] [CHAT] -2954, -41, 2998에 있는 블록을 바꿨습니다
[J] [16:17:22] [Render thread/INFO]: [System] [CHAT] 성공적으로 블록 2개를 채웠습니다 [2]
[J] [16:17:22] [Render thread/INFO]: [System] [CHAT] 성공적으로 블록 2개를 채웠습니다 [3]
[J] [16:17:22] [Render thread/INFO]: [System] [CHAT] 성공적으로 블록 2개를 채웠습니다 [4]
[J] [16:17:22] [Render thread/INFO]: [System] [CHAT] 성공적으로 블록 10개를 채웠습니다
[J] [16:17:22] [Render thread/INFO]: [System] [CHAT] 성공적으로 블록 2개를 채웠습니다 [5]
[J] [16:17:22] [Render thread/INFO]: [System] [CHAT] 성공적으로 블록 2개를 채웠습니다 [6]
[J] [16:17:22] [Render thread/INFO]: [System] [CHAT] 성공적으로 블록 7개를 채웠습니다
[J] [16:17:22] [Render thread/INFO]: [System] [CHAT] 성공적으로 블록 2개를 채웠습니다 [7]
[J] [16:17:22] [Render thread/INFO]: [System] [CHAT] -2954, -25, 2999에 있는 블록을 바꿨습니다
[J] [16:17:22] [Render thread/INFO]: [System] [CHAT] 성공적으로 블록 2개를 채웠습니다 [8]
[J] [16:17:22] [Render thread/INFO]: [System] [CHAT] 성공적으로 블록 10개를 채웠습니다 [2]
[J] [16:17:22] [Render thread/INFO]: [System] [CHAT] -2954, -40, 3000에 있는 블록을 바꿨습니다
[J] [16:17:22] [Render thread/INFO]: [System] [CHAT] -2954, -39, 3000에 있는 블록을 바꿨습니다
[J] [16:17:22] [Render thread/INFO]: [System] [CHAT] -2954, -38, 3000에 있는 블록을 바꿨습니다
[J] [16:17:22] [Render thread/INFO]: [System] [CHAT] -2954, -37, 3000에 있는 블록을 바꿨습니다
[J] [16:17:22] [Render thread/INFO]: [System] [CHAT] -2954, -35, 3000에 있는 블록을 바꿨습니다
[J] [16:17:22] [Render thread/INFO]: [System] [CHAT] 성공적으로 블록 2개를 채웠습니다
[J] [16:17:22] [Render thread/INFO]: [System] [CHAT] -2954, -52, 3001에 있는 블록을 바꿨습니다
[J] [16:17:22] [Render thread/INFO]: [System] [CHAT] 성공적으로 블록 7개를 채웠습니다
[J] [16:17:22] [Render thread/INFO]: [System] [CHAT] -2954, -39, 3001에 있는 블록을 바꿨습니다
[J] [16:17:22] [Render thread/INFO]: [System] [CHAT] 성공적으로 블록 9개를 채웠습니다
[J] [16:17:22] [Render thread/INFO]: [System] [CHAT] -2954, -29, 3001에 있는 블록을 바꿨습니다
[J] [16:17:22] [Render thread/INFO]: [System] [CHAT] -2954, -25, 3001에 있는 블록을 바꿨습니다
[J] [16:17:22] [Render thread/INFO]: [System] [CHAT] -2954, -52, 3002에 있는 블록을 바꿨습니다
[J] [16:17:22] [Render thread/INFO]: [System] [CHAT] -2954, -51, 3002에 있는 블록을 바꿨습니다
[J] [16:17:22] [Render thread/INFO]: [System] [CHAT] -2954, -40, 3002에 있는 블록을 바꿨습니다
[J] [16:17:22] [Render thread/INFO]: [System] [CHAT] -2954, -39, 3002에 있는 블록을 바꿨습니다
[J] [16:17:22] [Render thread/INFO]: [System] [CHAT] -2954, -30, 3002에 있는 블록을 바꿨습니다
[J] [16:17:22] [Render thread/INFO]: [System] [CHAT] -2954, -29, 3002에 있는 블록을 바꿨습니다
[J] [16:17:22] [Render thread/INFO]: [System] [CHAT] -2954, -28, 3002에 있는 블록을 바꿨습니다
[J] [16:17:22] [Render thread/INFO]: [System] [CHAT] -2954, -27, 3002에 있는 블록을 바꿨습니다
[J] [16:17:22] [Render thread/INFO]: [System] [CHAT] 성공적으로 블록 3개를 채웠습니다
[J] [16:17:22] [Render thread/INFO]: [System] [CHAT] -2954, -52, 3003에 있는 블록을 바꿨습니다
[J] [16:17:22] [Render thread/INFO]: [System] [CHAT] 성공적으로 블록 5개를 채웠습니다
[J] [16:17:22] [Render thread/INFO]: [System] [CHAT] 성공적으로 블록 3개를 채웠습니다 [2]
[J] [16:17:22] [Render thread/INFO]: [System] [CHAT] -2954, -51, 3004에 있는 블록을 바꿨습니다
[J] [16:17:22] [Render thread/INFO]: [System] [CHAT] -2954, -20, 3004에 있는 블록을 바꿨습니다
[J] [16:17:22] [Render thread/INFO]: [System] [CHAT] -2954, -19, 3004에 있는 블록을 바꿨습니다
[J] [16:17:22] [Render thread/INFO]: [System] [CHAT] -2954, -51, 3005에 있는 블록을 바꿨습니다
[J] [16:17:22] [Render thread/INFO]: [System] [CHAT] 성공적으로 블록 3개를 채웠습니다 [3]
[J] [16:17:22] [Render thread/INFO]: [System] [CHAT] -2954, -16, 3005에 있는 블록을 바꿨습니다
[J] [16:17:22] [Render thread/INFO]: [System] [CHAT] -2954, -20, 3006에 있는 블록을 바꿨습니다
[J] [16:17:22] [Render thread/INFO]: [System] [CHAT] -2954, -19, 3006에 있는 블록을 바꿨습니다
[J] [16:17:22] [Render thread/INFO]: [System] [CHAT] 성공적으로 블록 2개를 채웠습니다
[J] [16:17:22] [Render thread/INFO]: [System] [CHAT] -2954, -15, 3006에 있는 블록을 바꿨습니다
[J] [16:17:22] [Render thread/INFO]: [System] [CHAT] 성공적으로 블록 3개를 채웠습니다
[J] [16:17:22] [Render thread/INFO]: [System] [CHAT] 성공적으로 블록 2개를 채웠습니다 [2]
[J] [16:17:22] [Render thread/INFO]: [System] [CHAT] -2954, -14, 3007에 있는 블록을 바꿨습니다
[J] [16:17:22] [Render thread/INFO]: [System] [CHAT] 성공적으로 블록 2개를 채웠습니다 [3]
[J] [16:17:22] [Render thread/INFO]: [System] [CHAT] 성공적으로 블록 18개를 채웠습니다
[J] [16:17:22] [Render thread/INFO]: [System] [CHAT] -2953, -50, 2992에 있는 블록을 바꿨습니다
[J] [16:17:22] [Render thread/INFO]: [System] [CHAT] 성공적으로 블록 32개를 채웠습니다
[J] [16:17:22] [Render thread/INFO]: [System] [CHAT] 성공적으로 블록 54개를 채웠습니다
[J] [16:17:22] [Render thread/INFO]: [System] [CHAT] 성공적으로 블록 36개를 채웠습니다
[J] [16:17:22] [Render thread/INFO]: [System] [CHAT] 성공적으로 블록 10개를 채웠습니다
[J] [16:17:22] [Render thread/INFO]: [System] [CHAT] 성공적으로 블록 6개를 채웠습니다
[J] [16:17:22] [Render thread/INFO]: [System] [CHAT] 성공적으로 블록 54개를 채웠습니다 [2]
[J] [16:17:22] [Render thread/INFO]: [System] [CHAT] -2953, -52, 2993에 있는 블록을 바꿨습니다
[J] [16:17:22] [Render thread/INFO]: [System] [CHAT] -2953, -51, 2994에 있는 블록을 바꿨습니다
[J] [16:17:22] [Render thread/INFO]: [System] [CHAT] 성공적으로 블록 2개를 채웠습니다
[J] [16:17:22] [Render thread/INFO]: [System] [CHAT] 성공적으로 블록 2개를 채웠습니다 [2]
[J] [16:17:22] [Render thread/INFO]: [System] [CHAT] -2953, -52, 2995에 있는 블록을 바꿨습니다
[J] [16:17:22] [Render thread/INFO]: [System] [CHAT] 성공적으로 블록 2개를 채웠습니다 [3]
[J] [16:17:22] [Render thread/INFO]: [System] [CHAT] -2953, -50, 2995에 있는 블록을 바꿨습니다
[J] [16:17:22] [Render thread/INFO]: [System] [CHAT] 성공적으로 블록 7개를 채웠습니다
[J] [16:17:22] [Render thread/INFO]: [System] [CHAT] -2953, -32, 2995에 있는 블록을 바꿨습니다
[J] [16:17:22] [Render thread/INFO]: [System] [CHAT] -2953, -31, 2995에 있는 블록을 바꿨습니다
[J] [16:17:22] [Render thread/INFO]: [System] [CHAT] -2953, -30, 2995에 있는 블록을 바꿨습니다
[J] [16:17:22] [Render thread/INFO]: [System] [CHAT] 성공적으로 블록 6개를 채웠습니다
[J] [16:17:22] [Render thread/INFO]: [System] [CHAT] 성공적으로 블록 3개를 채웠습니다
[J] [16:17:22] [Render thread/INFO]: [System] [CHAT] -2953, -24, 2995에 있는 블록을 바꿨습니다
[J] [16:17:22] [Render thread/INFO]: [System] [CHAT] 성공적으로 블록 2개를 채웠습니다
[J] [16:17:22] [Render thread/INFO]: [System] [CHAT] 성공적으로 블록 2개를 채웠습니다 [2]
[J] [16:17:22] [Render thread/INFO]: [System] [CHAT] 성공적으로 블록 2개를 채웠습니다 [3]
[J] [16:17:22] [Render thread/INFO]: [System] [CHAT] 성공적으로 블록 2개를 채웠습니다 [4]
[J] [16:17:22] [Render thread/INFO]: [System] [CHAT] 성공적으로 블록 162개를 채웠습니다
[J] [16:17:22] [Render thread/INFO]: [System] [CHAT] -2953, -40, 2996에 있는 블록을 바꿨습니다
[J] [16:17:22] [Render thread/INFO]: [System] [CHAT] -2953, -39, 2996에 있는 블록을 바꿨습니다
[J] [16:17:22] [Render thread/INFO]: [System] [CHAT] 성공적으로 블록 108개를 채웠습니다
[J] [16:17:22] [Render thread/INFO]: [System] [CHAT] -2953, -32, 2996에 있는 블록을 바꿨습니다
[J] [16:17:22] [Render thread/INFO]: [System] [CHAT] 성공적으로 블록 6개를 채웠습니다
[J] [16:17:22] [Render thread/INFO]: [System] [CHAT] -2953, -30, 2996에 있는 블록을 바꿨습니다
[J] [16:17:22] [Render thread/INFO]: [System] [CHAT] 성공적으로 블록 2개를 채웠습니다
[J] [16:17:22] [Render thread/INFO]: [System] [CHAT] -2953, -40, 2997에 있는 블록을 바꿨습니다
[J] [16:17:22] [Render thread/INFO]: [System] [CHAT] 성공적으로 블록 9개를 채웠습니다
[J] [16:17:22] [Render thread/INFO]: [System] [CHAT] 성공적으로 블록 4개를 채웠습니다
[J] [16:17:22] [Render thread/INFO]: [System] [CHAT] 성공적으로 블록 9개를 채웠습니다 [2]
[J] [16:17:22] [Render thread/INFO]: [System] [CHAT] 성공적으로 블록 18개를 채웠습니다
[J] [16:17:22] [Render thread/INFO]: [System] [CHAT] 성공적으로 블록 2개를 채웠습니다 [2]
[J] [16:17:22] [Render thread/INFO]: [System] [CHAT] -2953, -52, 2998에 있는 블록을 바꿨습니다
[J] [16:17:22] [Render thread/INFO]: [System] [CHAT] -2953, -51, 2998에 있는 블록을 바꿨습니다
[J] [16:17:22] [Render thread/INFO]: [System] [CHAT] 성공적으로 블록 9개를 채웠습니다 [3]
[J] [16:17:22] [Render thread/INFO]: [System] [CHAT] 성공적으로 블록 9개를 채웠습니다 [4]
[J] [16:17:22] [Render thread/INFO]: [System] [CHAT] 성공적으로 블록 2개를 채웠습니다 [3]
[J] [16:17:22] [Render thread/INFO]: [System] [CHAT] 성공적으로 블록 2개를 채웠습니다 [4]
[J] [16:17:22] [Render thread/INFO]: [System] [CHAT] 성공적으로 블록 54개를 채웠습니다
[J] [16:17:22] [Render thread/INFO]: [System] [CHAT] 성공적으로 블록 18개를 채웠습니다
[J] [16:17:22] [Render thread/INFO]: [System] [CHAT] 성공적으로 블록 2개를 채웠습니다 [5]
[J] [16:17:22] [Render thread/INFO]: [System] [CHAT] 성공적으로 블록 2개를 채웠습니다 [6]
[J] [16:17:22] [Render thread/INFO]: [System] [CHAT] -2953, -50, 2999에 있는 블록을 바꿨습니다
[J] [16:17:22] [Render thread/INFO]: [System] [CHAT] -2953, -49, 2999에 있는 블록을 바꿨습니다
[J] [16:17:22] [Render thread/INFO]: [System] [CHAT] -2953, -41, 2999에 있는 블록을 바꿨습니다
[J] [16:17:22] [Render thread/INFO]: [System] [CHAT] 성공적으로 블록 5개를 채웠습니다
[J] [16:17:22] [Render thread/INFO]: [System] [CHAT] -2953, -30, 2999에 있는 블록을 바꿨습니다
[J] [16:17:22] [Render thread/INFO]: [System] [CHAT] -2953, -25, 2999에 있는 블록을 바꿨습니다
[J] [16:17:22] [Render thread/INFO]: [System] [CHAT] -2953, -24, 2999에 있는 블록을 바꿨습니다
[J] [16:17:22] [Render thread/INFO]: [System] [CHAT] -2953, -53, 3000에 있는 블록을 바꿨습니다
[J] [16:17:22] [Render thread/INFO]: [System] [CHAT] -2953, -40, 3000에 있는 블록을 바꿨습니다
[J] [16:17:22] [Render thread/INFO]: [System] [CHAT] -2953, -39, 3000에 있는 블록을 바꿨습니다
[J] [16:17:22] [Render thread/INFO]: [System] [CHAT] 성공적으로 블록 6개를 채웠습니다
[J] [16:17:22] [Render thread/INFO]: [System] [CHAT] -2953, -30, 3000에 있는 블록을 바꿨습니다
[J] [16:17:22] [Render thread/INFO]: [System] [CHAT] -2953, -25, 3000에 있는 블록을 바꿨습니다
[J] [16:17:22] [Render thread/INFO]: [System] [CHAT] 성공적으로 블록 4개를 채웠습니다
[J] [16:17:22] [Render thread/INFO]: [System] [CHAT] -2953, -40, 3001에 있는 블록을 바꿨습니다
[J] [16:17:22] [Render thread/INFO]: [System] [CHAT] -2953, -39, 3001에 있는 블록을 바꿨습니다
[J] [16:17:22] [Render thread/INFO]: [System] [CHAT] -2953, -32, 3001에 있는 블록을 바꿨습니다
[J] [16:17:22] [Render thread/INFO]: [System] [CHAT] -2953, -30, 3001에 있는 블록을 바꿨습니다
[J] [16:17:22] [Render thread/INFO]: [System] [CHAT] -2953, -53, 3002에 있는 블록을 바꿨습니다
[J] [16:17:22] [Render thread/INFO]: [System] [CHAT] -2953, -32, 3002에 있는 블록을 바꿨습니다
[J] [16:17:22] [Render thread/INFO]: [System] [CHAT] -2953, -31, 3002에 있는 블록을 바꿨습니다
[J] [16:17:22] [Render thread/INFO]: [System] [CHAT] -2953, -30, 3002에 있는 블록을 바꿨습니다
[J] [16:17:22] [Render thread/INFO]: [System] [CHAT] -2953, -53, 3003에 있는 블록을 바꿨습니다
[J] [16:17:22] [Render thread/INFO]: [System] [CHAT] 성공적으로 블록 2개를 채웠습니다
[J] [16:17:22] [Render thread/INFO]: [System] [CHAT] -2953, -53, 3004에 있는 블록을 바꿨습니다
[J] [16:17:22] [Render thread/INFO]: [System] [CHAT] -2953, -53, 3005에 있는 블록을 바꿨습니다
[J] [16:17:22] [Render thread/INFO]: [System] [CHAT] 성공적으로 블록 4개를 채웠습니다
[J] [16:17:22] [Render thread/INFO]: [System] [CHAT] 성공적으로 블록 2개를 채웠습니다 [2]
[J] [16:17:22] [Render thread/INFO]: [System] [CHAT] -2953, -53, 3007에 있는 블록을 바꿨습니다
[J] [16:17:22] [Render thread/INFO]: [System] [CHAT] -2952, -53, 2992에 있는 블록을 바꿨습니다
[J] [16:17:23] [Render thread/INFO]: [System] [CHAT] -2952, -53, 2993에 있는 블록을 바꿨습니다
[J] [16:17:23] [Render thread/INFO]: [System] [CHAT] -2952, -52, 2993에 있는 블록을 바꿨습니다
[J] [16:17:23] [Render thread/INFO]: [System] [CHAT] 성공적으로 블록 2개를 채웠습니다 [3]
[J] [16:17:23] [Render thread/INFO]: [System] [CHAT] 성공적으로 블록 2개를 채웠습니다 [4]
[J] [16:17:23] [Render thread/INFO]: [System] [CHAT] 성공적으로 블록 16개를 채웠습니다
[J] [16:17:23] [Render thread/INFO]: [System] [CHAT] 성공적으로 블록 2개를 채웠습니다 [5]
[J] [16:17:23] [Render thread/INFO]: [System] [CHAT] 성공적으로 블록 16개를 채웠습니다 [2]
[J] [16:17:23] [Render thread/INFO]: [System] [CHAT] 성공적으로 블록 4개를 채웠습니다
[J] [16:17:23] [Render thread/INFO]: [System] [CHAT] 성공적으로 블록 2개를 채웠습니다 [6]
[J] [16:17:23] [Render thread/INFO]: [System] [CHAT] -2952, -51, 2996에 있는 블록을 바꿨습니다
[J] [16:17:23] [Render thread/INFO]: [System] [CHAT] 성공적으로 블록 16개를 채웠습니다 [3]
[J] [16:17:23] [Render thread/INFO]: [System] [CHAT] 성공적으로 블록 8개를 채웠습니다
[J] [16:17:23] [Render thread/INFO]: [System] [CHAT] 성공적으로 블록 32개를 채웠습니다
[J] [16:17:23] [Render thread/INFO]: [System] [CHAT] 성공적으로 블록 2개를 채웠습니다 [7]
[J] [16:17:23] [Render thread/INFO]: [System] [CHAT] -2952, -51, 2997에 있는 블록을 바꿨습니다
[J] [16:17:23] [Render thread/INFO]: [System] [CHAT] 성공적으로 블록 6개를 채웠습니다
[J] [16:17:23] [Render thread/INFO]: [System] [CHAT] -2952, -52, 2998에 있는 블록을 바꿨습니다
[J] [16:17:23] [Render thread/INFO]: [System] [CHAT] 성공적으로 블록 8개를 채웠습니다
[J] [16:17:23] [Render thread/INFO]: [System] [CHAT] -2952, -49, 2998에 있는 블록을 바꿨습니다
[J] [16:17:23] [Render thread/INFO]: [System] [CHAT] 성공적으로 블록 6개를 채웠습니다 [2]
[J] [16:17:23] [Render thread/INFO]: [System] [CHAT] -2952, -42, 2998에 있는 블록을 바꿨습니다
[J] [16:17:23] [Render thread/INFO]: [System] [CHAT] -2952, -41, 2998에 있는 블록을 바꿨습니다
[J] [16:17:23] [Render thread/INFO]: [System] [CHAT] 성공적으로 블록 16개를 채웠습니다
[J] [16:17:23] [Render thread/INFO]: [System] [CHAT] 성공적으로 블록 8개를 채웠습니다
[J] [16:17:23] [Render thread/INFO]: [System] [CHAT] 성공적으로 블록 16개를 채웠습니다 [2]
[J] [16:17:23] [Render thread/INFO]: [System] [CHAT] 성공적으로 블록 16개를 채웠습니다 [3]
[J] [16:17:23] [Render thread/INFO]: [System] [CHAT] -2952, -26, 2998에 있는 블록을 바꿨습니다
[J] [16:17:23] [Render thread/INFO]: [System] [CHAT] 성공적으로 블록 2개를 채웠습니다
[J] [16:17:23] [Render thread/INFO]: [System] [CHAT] 성공적으로 블록 8개를 채웠습니다 [2]
[J] [16:17:23] [Render thread/INFO]: [System] [CHAT] -2952, -50, 2999에 있는 블록을 바꿨습니다
[J] [16:17:23] [Render thread/INFO]: [System] [CHAT] -2952, -39, 2999에 있는 블록을 바꿨습니다
[J] [16:17:23] [Render thread/INFO]: [System] [CHAT] 성공적으로 블록 9개를 채웠습니다
[J] [16:17:23] [Render thread/INFO]: [System] [CHAT] -2952, -29, 2999에 있는 블록을 바꿨습니다
[J] [16:17:23] [Render thread/INFO]: [System] [CHAT] -2952, -28, 2999에 있는 블록을 바꿨습니다
[J] [16:17:23] [Render thread/INFO]: [System] [CHAT] -2952, -26, 2999에 있는 블록을 바꿨습니다
[J] [16:17:23] [Render thread/INFO]: [System] [CHAT] -2952, -24, 2999에 있는 블록을 바꿨습니다
[J] [16:17:23] [Render thread/INFO]: [System] [CHAT] -2952, -23, 2999에 있는 블록을 바꿨습니다
[J] [16:17:23] [Render thread/INFO]: [System] [CHAT] -2952, -53, 3000에 있는 블록을 바꿨습니다
[J] [16:17:23] [Render thread/INFO]: [System] [CHAT] 성공적으로 블록 2개를 채웠습니다
[J] [16:17:23] [Render thread/INFO]: [System] [CHAT] -2952, -40, 3000에 있는 블록을 바꿨습니다
[J] [16:17:23] [Render thread/INFO]: [System] [CHAT] -2952, -39, 3000에 있는 블록을 바꿨습니다
[J] [16:17:23] [Render thread/INFO]: [System] [CHAT] -2952, -30, 3000에 있는 블록을 바꿨습니다
[J] [16:17:23] [Render thread/INFO]: [System] [CHAT] -2952, -29, 3000에 있는 블록을 바꿨습니다
[J] [16:17:23] [Render thread/INFO]: [System] [CHAT] -2952, -28, 3000에 있는 블록을 바꿨습니다
[J] [16:17:23] [Render thread/INFO]: [System] [CHAT] -2952, -27, 3000에 있는 블록을 바꿨습니다
[J] [16:17:23] [Render thread/INFO]: [System] [CHAT] 성공적으로 블록 2개를 채웠습니다
[J] [16:17:23] [Render thread/INFO]: [System] [CHAT] -2952, -32, 3001에 있는 블록을 바꿨습니다
[J] [16:17:23] [Render thread/INFO]: [System] [CHAT] -2952, -31, 3001에 있는 블록을 바꿨습니다
[J] [16:17:23] [Render thread/INFO]: [System] [CHAT] -2952, -30, 3001에 있는 블록을 바꿨습니다
[J] [16:17:23] [Render thread/INFO]: [System] [CHAT] 성공적으로 블록 2개를 채웠습니다 [2]
[J] [16:17:23] [Render thread/INFO]: [System] [CHAT] 성공적으로 블록 2개를 채웠습니다 [3]
[J] [16:17:23] [Render thread/INFO]: [System] [CHAT] 성공적으로 블록 2개를 채웠습니다 [4]
[J] [16:17:23] [Render thread/INFO]: [System] [CHAT] -2952, -53, 3005에 있는 블록을 바꿨습니다
[J] [16:17:23] [Render thread/INFO]: [System] [CHAT] 성공적으로 블록 2개를 채웠습니다 [5]
[J] [16:17:23] [Render thread/INFO]: [System] [CHAT] -2952, -53, 3007에 있는 블록을 바꿨습니다
[J] [16:17:23] [Render thread/INFO]: [System] [CHAT] 성공적으로 블록 4개를 채웠습니다
[J] [16:17:23] [Render thread/INFO]: [System] [CHAT] 성공적으로 블록 2개를 채웠습니다 [6]
[J] [16:17:23] [Render thread/INFO]: [System] [CHAT] -2951, -10, 2992에 있는 블록을 바꿨습니다
[J] [16:17:23] [Render thread/INFO]: [System] [CHAT] -2951, -9, 2992에 있는 블록을 바꿨습니다
[J] [16:17:23] [Render thread/INFO]: [System] [CHAT] -2951, -8, 2992에 있는 블록을 바꿨습니다
[J] [16:17:23] [Render thread/INFO]: [System] [CHAT] 성공적으로 블록 7개를 채웠습니다
[J] [16:17:23] [Render thread/INFO]: [System] [CHAT] 성공적으로 블록 2개를 채웠습니다 [7]
[J] [16:17:23] [Render thread/INFO]: [System] [CHAT] 성공적으로 블록 4개를 채웠습니다
[J] [16:17:23] [Render thread/INFO]: [System] [CHAT] 성공적으로 블록 2개를 채웠습니다 [8]
[J] [16:17:23] [Render thread/INFO]: [System] [CHAT] 성공적으로 블록 2개를 채웠습니다 [9]
[J] [16:17:23] [Render thread/INFO]: [System] [CHAT] -2951, -53, 2997에 있는 블록을 바꿨습니다
[J] [16:17:23] [Render thread/INFO]: [System] [CHAT] -2951, -51, 2997에 있는 블록을 바꿨습니다
[J] [16:17:23] [Render thread/INFO]: [System] [CHAT] 성공적으로 블록 2개를 채웠습니다 [10]
[J] [16:17:23] [Render thread/INFO]: [System] [CHAT] 성공적으로 블록 2개를 채웠습니다 [11]
[J] [16:17:23] [Render thread/INFO]: [System] [CHAT] 성공적으로 블록 9개를 채웠습니다
[J] [16:17:23] [Render thread/INFO]: [System] [CHAT] 성공적으로 블록 3개를 채웠습니다
[J] [16:17:23] [Render thread/INFO]: [System] [CHAT] -2951, -22, 2998에 있는 블록을 바꿨습니다
[J] [16:17:23] [Render thread/INFO]: [System] [CHAT] -2951, -53, 2999에 있는 블록을 바꿨습니다
[J] [16:17:23] [Render thread/INFO]: [System] [CHAT] -2951, -52, 2999에 있는 블록을 바꿨습니다
[J] [16:17:23] [Render thread/INFO]: [System] [CHAT] -2951, -50, 2999에 있는 블록을 바꿨습니다
[J] [16:17:23] [Render thread/INFO]: [System] [CHAT] -2951, -49, 2999에 있는 블록을 바꿨습니다
[J] [16:17:23] [Render thread/INFO]: [System] [CHAT] -2951, -41, 2999에 있는 블록을 바꿨습니다
[J] [16:17:23] [Render thread/INFO]: [System] [CHAT] 성공적으로 블록 12개를 채웠습니다
[J] [16:17:23] [Render thread/INFO]: [System] [CHAT] 성공적으로 블록 2개를 채웠습니다
[J] [16:17:23] [Render thread/INFO]: [System] [CHAT] -2951, -21, 2999에 있는 블록을 바꿨습니다
[J] [16:17:23] [Render thread/INFO]: [System] [CHAT] -2951, -53, 3000에 있는 블록을 바꿨습니다
[J] [16:17:23] [Render thread/INFO]: [System] [CHAT] -2951, -52, 3000에 있는 블록을 바꿨습니다
[J] [16:17:23] [Render thread/INFO]: [System] [CHAT] 성공적으로 블록 7개를 채웠습니다
[J] [16:17:23] [Render thread/INFO]: [System] [CHAT] 성공적으로 블록 2개를 채웠습니다 [2]
[J] [16:17:23] [Render thread/INFO]: [System] [CHAT] -2951, -53, 3002에 있는 블록을 바꿨습니다
[J] [16:17:23] [Render thread/INFO]: [System] [CHAT] 성공적으로 블록 2개를 채웠습니다 [3]
[J] [16:17:23] [Render thread/INFO]: [System] [CHAT] 성공적으로 블록 2개를 채웠습니다 [4]
[J] [16:17:23] [Render thread/INFO]: [System] [CHAT] -2951, -52, 3003에 있는 블록을 바꿨습니다
[J] [16:17:23] [Render thread/INFO]: [System] [CHAT] -2951, -52, 3004에 있는 블록을 바꿨습니다
[J] [16:17:23] [Render thread/INFO]: [System] [CHAT] 성공적으로 블록 2개를 채웠습니다 [5]
[J] [16:17:23] [Render thread/INFO]: [System] [CHAT] -2951, -52, 3006에 있는 블록을 바꿨습니다
[J] [16:17:23] [Render thread/INFO]: [System] [CHAT] -2951, -53, 3007에 있는 블록을 바꿨습니다
[J] [16:17:23] [Render thread/INFO]: [System] [CHAT] -2951, -52, 3007에 있는 블록을 바꿨습니다
[J] [16:17:23] [Render thread/INFO]: [System] [CHAT] -2950, -53, 2992에 있는 블록을 바꿨습니다
[J] [16:17:23] [Render thread/INFO]: [System] [CHAT] 성공적으로 블록 2개를 채웠습니다 [6]
[J] [16:17:23] [Render thread/INFO]: [System] [CHAT] 성공적으로 블록 6개를 채웠습니다
[J] [16:17:23] [Render thread/INFO]: [System] [CHAT] 성공적으로 블록 6개를 채웠습니다 [2]
[J] [16:17:23] [Render thread/INFO]: [System] [CHAT] 성공적으로 블록 2개를 채웠습니다 [7]
[J] [16:17:23] [Render thread/INFO]: [System] [CHAT] -2950, -21, 2995에 있는 블록을 바꿨습니다
[J] [16:17:23] [Render thread/INFO]: [System] [CHAT] 성공적으로 블록 2개를 채웠습니다 [8]
[J] [16:17:23] [Render thread/INFO]: [System] [CHAT] 성공적으로 블록 6개를 채웠습니다 [3]
[J] [16:17:23] [Render thread/INFO]: [System] [CHAT] 성공적으로 블록 2개를 채웠습니다 [9]
[J] [16:17:23] [Render thread/INFO]: [System] [CHAT] 성공적으로 블록 3개를 채웠습니다
[J] [16:17:23] [Render thread/INFO]: [System] [CHAT] -2950, -52, 2997에 있는 블록을 바꿨습니다
[J] [16:17:23] [Render thread/INFO]: [System] [CHAT] 성공적으로 블록 6개를 채웠습니다 [4]
[J] [16:17:23] [Render thread/INFO]: [System] [CHAT] 성공적으로 블록 6개를 채웠습니다 [5]
[J] [16:17:23] [Render thread/INFO]: [System] [CHAT] 성공적으로 블록 2개를 채웠습니다 [10]
[J] [16:17:23] [Render thread/INFO]: [System] [CHAT] 성공적으로 블록 2개를 채웠습니다 [11]
[J] [16:17:23] [Render thread/INFO]: [System] [CHAT] -2950, -52, 2998에 있는 블록을 바꿨습니다
[J] [16:17:23] [Render thread/INFO]: [System] [CHAT] -2950, -49, 2998에 있는 블록을 바꿨습니다
[J] [16:17:23] [Render thread/INFO]: [System] [CHAT] 성공적으로 블록 6개를 채웠습니다 [6]
[J] [16:17:23] [Render thread/INFO]: [System] [CHAT] -2950, -42, 2998에 있는 블록을 바꿨습니다
[J] [16:17:23] [Render thread/INFO]: [System] [CHAT] -2950, -41, 2998에 있는 블록을 바꿨습니다
[J] [16:17:23] [Render thread/INFO]: [System] [CHAT] -2950, -26, 2998에 있는 블록을 바꿨습니다
[J] [16:17:23] [Render thread/INFO]: [System] [CHAT] -2950, -24, 2998에 있는 블록을 바꿨습니다
[J] [16:17:23] [Render thread/INFO]: [System] [CHAT] 성공적으로 블록 6개를 채웠습니다 [7]
[J] [16:17:23] [Render thread/INFO]: [System] [CHAT] 성공적으로 블록 6개를 채웠습니다 [8]
[J] [16:17:23] [Render thread/INFO]: [System] [CHAT] -2950, -53, 2999에 있는 블록을 바꿨습니다
[J] [16:17:23] [Render thread/INFO]: [System] [CHAT] -2950, -52, 2999에 있는 블록을 바꿨습니다
[J] [16:17:23] [Render thread/INFO]: [System] [CHAT] -2950, -50, 2999에 있는 블록을 바꿨습니다
[J] [16:17:23] [Render thread/INFO]: [System] [CHAT] -2950, -39, 2999에 있는 블록을 바꿨습니다
[J] [16:17:23] [Render thread/INFO]: [System] [CHAT] 성공적으로 블록 10개를 채웠습니다
[J] [16:17:23] [Render thread/INFO]: [System] [CHAT] -2950, -28, 2999에 있는 블록을 바꿨습니다
[J] [16:17:23] [Render thread/INFO]: [System] [CHAT] 성공적으로 블록 2개를 채웠습니다
[J] [16:17:23] [Render thread/INFO]: [System] [CHAT] -2950, -53, 3000에 있는 블록을 바꿨습니다
[J] [16:17:23] [Render thread/INFO]: [System] [CHAT] -2950, -52, 3000에 있는 블록을 바꿨습니다
[J] [16:17:23] [Render thread/INFO]: [System] [CHAT] -2950, -51, 3000에 있는 블록을 바꿨습니다
[J] [16:17:23] [Render thread/INFO]: [System] [CHAT] -2950, -20, 3000에 있는 블록을 바꿨습니다
[J] [16:17:23] [Render thread/INFO]: [System] [CHAT] -2950, -19, 3000에 있는 블록을 바꿨습니다
[J] [16:17:23] [Render thread/INFO]: [System] [CHAT] -2950, -53, 3001에 있는 블록을 바꿨습니다
[J] [16:17:23] [Render thread/INFO]: [System] [CHAT] -2950, -53, 3002에 있는 블록을 바꿨습니다
[J] [16:17:23] [Render thread/INFO]: [System] [CHAT] -2950, -52, 3003에 있는 블록을 바꿨습니다
[J] [16:17:23] [Render thread/INFO]: [System] [CHAT] 성공적으로 블록 4개를 채웠습니다
[J] [16:17:23] [Render thread/INFO]: [System] [CHAT] -2950, -52, 3004에 있는 블록을 바꿨습니다
[J] [16:17:23] [Render thread/INFO]: [System] [CHAT] 성공적으로 블록 2개를 채웠습니다
[J] [16:17:23] [Render thread/INFO]: [System] [CHAT] -2950, -52, 3006에 있는 블록을 바꿨습니다
[J] [16:17:23] [Render thread/INFO]: [System] [CHAT] -2950, -52, 3007에 있는 블록을 바꿨습니다
[J] [16:17:23] [Render thread/INFO]: [System] [CHAT] 성공적으로 블록 2개를 채웠습니다 [2]
[J] [16:17:23] [Render thread/INFO]: [System] [CHAT] -2949, -52, 2995에 있는 블록을 바꿨습니다
[J] [16:17:23] [Render thread/INFO]: [System] [CHAT] 성공적으로 블록 10개를 채웠습니다
[J] [16:17:23] [Render thread/INFO]: [System] [CHAT] 성공적으로 블록 2개를 채웠습니다 [3]
[J] [16:17:23] [Render thread/INFO]: [System] [CHAT] 성공적으로 블록 2개를 채웠습니다 [4]
[J] [16:17:23] [Render thread/INFO]: [System] [CHAT] 성공적으로 블록 3개를 채웠습니다
[J] [16:17:23] [Render thread/INFO]: [System] [CHAT] -2949, -52, 2997에 있는 블록을 바꿨습니다
[J] [16:17:23] [Render thread/INFO]: [System] [CHAT] 성공적으로 블록 2개를 채웠습니다 [5]
[J] [16:17:23] [Render thread/INFO]: [System] [CHAT] -2949, -24, 2997에 있는 블록을 바꿨습니다
[J] [16:17:23] [Render thread/INFO]: [System] [CHAT] 성공적으로 블록 2개를 채웠습니다 [6]
[J] [16:17:23] [Render thread/INFO]: [System] [CHAT] -2949, -52, 2998에 있는 블록을 바꿨습니다
[J] [16:17:23] [Render thread/INFO]: [System] [CHAT] 성공적으로 블록 9개를 채웠습니다
[J] [16:17:23] [Render thread/INFO]: [System] [CHAT] -2949, -21, 2998에 있는 블록을 바꿨습니다
[J] [16:17:23] [Render thread/INFO]: [System] [CHAT] -2949, -20, 2998에 있는 블록을 바꿨습니다
[J] [16:17:23] [Render thread/INFO]: [System] [CHAT] -2949, -53, 2999에 있는 블록을 바꿨습니다
[J] [16:17:23] [Render thread/INFO]: [System] [CHAT] 성공적으로 블록 6개를 채웠습니다
[J] [16:17:23] [Render thread/INFO]: [System] [CHAT] -2949, -50, 2999에 있는 블록을 바꿨습니다
[J] [16:17:23] [Render thread/INFO]: [System] [CHAT] -2949, -49, 2999에 있는 블록을 바꿨습니다
[J] [16:17:23] [Render thread/INFO]: [System] [CHAT] -2949, -41, 2999에 있는 블록을 바꿨습니다
[J] [16:17:23] [Render thread/INFO]: [System] [CHAT] 성공적으로 블록 12개를 채웠습니다
[J] [16:17:23] [Render thread/INFO]: [System] [CHAT] -2949, -20, 2999에 있는 블록을 바꿨습니다
[J] [16:17:23] [Render thread/INFO]: [System] [CHAT] 성공적으로 블록 2개를 채웠습니다
[J] [16:17:23] [Render thread/INFO]: [System] [CHAT] 성공적으로 블록 5개를 채웠습니다
[J] [16:17:24] [Render thread/INFO]: [System] [CHAT] 성공적으로 블록 2개를 채웠습니다 [2]
[J] [16:17:24] [Render thread/INFO]: [System] [CHAT] 성공적으로 블록 2개를 채웠습니다 [3]
[J] [16:17:24] [Render thread/INFO]: [System] [CHAT] -2949, -53, 3002에 있는 블록을 바꿨습니다
[J] [16:17:24] [Render thread/INFO]: [System] [CHAT] -2949, -53, 3003에 있는 블록을 바꿨습니다
[J] [16:17:24] [Render thread/INFO]: [System] [CHAT] -2949, -52, 3005에 있는 블록을 바꿨습니다
[J] [16:17:24] [Render thread/INFO]: [System] [CHAT] 성공적으로 블록 3개를 채웠습니다
[J] [16:17:24] [Render thread/INFO]: [System] [CHAT] 성공적으로 블록 2개를 채웠습니다 [4]
[J] [16:17:24] [Render thread/INFO]: [System] [CHAT] 성공적으로 블록 4개를 채웠습니다
[J] [16:17:24] [Render thread/INFO]: [System] [CHAT] -2948, -52, 2992에 있는 블록을 바꿨습니다
[J] [16:17:24] [Render thread/INFO]: [System] [CHAT] -2948, -53, 2993에 있는 블록을 바꿨습니다
[J] [16:17:24] [Render thread/INFO]: [System] [CHAT] 성공적으로 블록 2개를 채웠습니다 [5]
[J] [16:17:24] [Render thread/INFO]: [System] [CHAT] 성공적으로 블록 4개를 채웠습니다 [2]
[J] [16:17:24] [Render thread/INFO]: [System] [CHAT] -2948, -52, 2995에 있는 블록을 바꿨습니다
[J] [16:17:24] [Render thread/INFO]: [System] [CHAT] -2948, -21, 2995에 있는 블록을 바꿨습니다
[J] [16:17:24] [Render thread/INFO]: [System] [CHAT] 성공적으로 블록 2개를 채웠습니다 [6]
[J] [16:17:24] [Render thread/INFO]: [System] [CHAT] -2948, -51, 2996에 있는 블록을 바꿨습니다
[J] [16:17:24] [Render thread/INFO]: [System] [CHAT] 성공적으로 블록 3개를 채웠습니다
[J] [16:17:24] [Render thread/INFO]: [System] [CHAT] -2948, -52, 2997에 있는 블록을 바꿨습니다
[J] [16:17:24] [Render thread/INFO]: [System] [CHAT] -2948, -51, 2997에 있는 블록을 바꿨습니다
[J] [16:17:24] [Render thread/INFO]: [System] [CHAT] 성공적으로 블록 3개를 채웠습니다 [2]
[J] [16:17:24] [Render thread/INFO]: [System] [CHAT] 성공적으로 블록 2개를 채웠습니다 [7]
[J] [16:17:24] [Render thread/INFO]: [System] [CHAT] 성공적으로 블록 2개를 채웠습니다 [8]
[J] [16:17:24] [Render thread/INFO]: [System] [CHAT] -2948, -52, 2998에 있는 블록을 바꿨습니다
[J] [16:17:24] [Render thread/INFO]: [System] [CHAT] -2948, -49, 2998에 있는 블록을 바꿨습니다
[J] [16:17:24] [Render thread/INFO]: [System] [CHAT] 성공적으로 블록 6개를 채웠습니다
[J] [16:17:24] [Render thread/INFO]: [System] [CHAT] -2948, -42, 2998에 있는 블록을 바꿨습니다
[J] [16:17:24] [Render thread/INFO]: [System] [CHAT] -2948, -41, 2998에 있는 블록을 바꿨습니다
[J] [16:17:24] [Render thread/INFO]: [System] [CHAT] -2948, -26, 2998에 있는 블록을 바꿨습니다
[J] [16:17:24] [Render thread/INFO]: [System] [CHAT] -2948, -24, 2998에 있는 블록을 바꿨습니다
[J] [16:17:24] [Render thread/INFO]: [System] [CHAT] -2948, -53, 2999에 있는 블록을 바꿨습니다
[J] [16:17:24] [Render thread/INFO]: [System] [CHAT] -2948, -52, 2999에 있는 블록을 바꿨습니다
[J] [16:17:24] [Render thread/INFO]: [System] [CHAT] -2948, -50, 2999에 있는 블록을 바꿨습니다
[J] [16:17:24] [Render thread/INFO]: [System] [CHAT] -2948, -39, 2999에 있는 블록을 바꿨습니다
[J] [16:17:24] [Render thread/INFO]: [System] [CHAT] 성공적으로 블록 10개를 채웠습니다
[J] [16:17:24] [Render thread/INFO]: [System] [CHAT] -2948, -28, 2999에 있는 블록을 바꿨습니다
[J] [16:17:24] [Render thread/INFO]: [System] [CHAT] 성공적으로 블록 2개를 채웠습니다
[J] [16:17:24] [Render thread/INFO]: [System] [CHAT] -2948, -52, 3000에 있는 블록을 바꿨습니다
[J] [16:17:24] [Render thread/INFO]: [System] [CHAT] -2948, -20, 3000에 있는 블록을 바꿨습니다
[J] [16:17:24] [Render thread/INFO]: [System] [CHAT] -2948, -19, 3000에 있는 블록을 바꿨습니다
[J] [16:17:24] [Render thread/INFO]: [System] [CHAT] 성공적으로 블록 2개를 채웠습니다 [2]
[J] [16:17:24] [Render thread/INFO]: [System] [CHAT] -2948, -53, 3002에 있는 블록을 바꿨습니다
[J] [16:17:24] [Render thread/INFO]: [System] [CHAT] 성공적으로 블록 2개를 채웠습니다 [3]
[J] [16:17:24] [Render thread/INFO]: [System] [CHAT] -2948, -53, 3003에 있는 블록을 바꿨습니다
[J] [16:17:24] [Render thread/INFO]: [System] [CHAT] -2948, -52, 3003에 있는 블록을 바꿨습니다
[J] [16:17:24] [Render thread/INFO]: [System] [CHAT] -2948, -53, 3004에 있는 블록을 바꿨습니다
[J] [16:17:24] [Render thread/INFO]: [System] [CHAT] -2948, -52, 3004에 있는 블록을 바꿨습니다
[J] [16:17:24] [Render thread/INFO]: [System] [CHAT] 성공적으로 블록 2개를 채웠습니다 [4]
[J] [16:17:24] [Render thread/INFO]: [System] [CHAT] 성공적으로 블록 4개를 채웠습니다
[J] [16:17:24] [Render thread/INFO]: [System] [CHAT] -2948, -52, 3006에 있는 블록을 바꿨습니다
[J] [16:17:24] [Render thread/INFO]: [System] [CHAT] -2948, -52, 3007에 있는 블록을 바꿨습니다
[J] [16:17:24] [Render thread/INFO]: [System] [CHAT] 성공적으로 블록 2개를 채웠습니다 [5]
[J] [16:17:24] [Render thread/INFO]: [System] [CHAT] -2947, -52, 2992에 있는 블록을 바꿨습니다
[J] [16:17:24] [Render thread/INFO]: [System] [CHAT] 성공적으로 블록 3개를 채웠습니다
[J] [16:17:24] [Render thread/INFO]: [System] [CHAT] -2947, -52, 2994에 있는 블록을 바꿨습니다
[J] [16:17:24] [Render thread/INFO]: [System] [CHAT] 성공적으로 블록 6개를 채웠습니다
[J] [16:17:24] [Render thread/INFO]: [System] [CHAT] -2947, -52, 2995에 있는 블록을 바꿨습니다
[J] [16:17:24] [Render thread/INFO]: [System] [CHAT] 성공적으로 블록 10개를 채웠습니다
[J] [16:17:24] [Render thread/INFO]: [System] [CHAT] 성공적으로 블록 2개를 채웠습니다
[J] [16:17:24] [Render thread/INFO]: [System] [CHAT] -2947, -51, 2996에 있는 블록을 바꿨습니다
[J] [16:17:24] [Render thread/INFO]: [System] [CHAT] 성공적으로 블록 9개를 채웠습니다
[J] [16:17:24] [Render thread/INFO]: [System] [CHAT] -2947, -52, 2997에 있는 블록을 바꿨습니다
[J] [16:17:24] [Render thread/INFO]: [System] [CHAT] -2947, -51, 2997에 있는 블록을 바꿨습니다
[J] [16:17:24] [Render thread/INFO]: [System] [CHAT] 성공적으로 블록 2개를 채웠습니다 [2]
[J] [16:17:24] [Render thread/INFO]: [System] [CHAT] -2947, -24, 2997에 있는 블록을 바꿨습니다
[J] [16:17:24] [Render thread/INFO]: [System] [CHAT] 성공적으로 블록 2개를 채웠습니다 [3]
[J] [16:17:24] [Render thread/INFO]: [System] [CHAT] 성공적으로 블록 2개를 채웠습니다 [4]
[J] [16:17:24] [Render thread/INFO]: [System] [CHAT] 성공적으로 블록 9개를 채웠습니다 [2]
[J] [16:17:24] [Render thread/INFO]: [System] [CHAT] -2947, -21, 2998에 있는 블록을 바꿨습니다
[J] [16:17:24] [Render thread/INFO]: [System] [CHAT] -2947, -20, 2998에 있는 블록을 바꿨습니다
[J] [16:17:24] [Render thread/INFO]: [System] [CHAT] -2947, -53, 2999에 있는 블록을 바꿨습니다
[J] [16:17:24] [Render thread/INFO]: [System] [CHAT] -2947, -50, 2999에 있는 블록을 바꿨습니다
[J] [16:17:24] [Render thread/INFO]: [System] [CHAT] -2947, -49, 2999에 있는 블록을 바꿨습니다
[J] [16:17:24] [Render thread/INFO]: [System] [CHAT] -2947, -41, 2999에 있는 블록을 바꿨습니다
[J] [16:17:24] [Render thread/INFO]: [System] [CHAT] 성공적으로 블록 12개를 채웠습니다
[J] [16:17:24] [Render thread/INFO]: [System] [CHAT] -2947, -20, 2999에 있는 블록을 바꿨습니다
[J] [16:17:24] [Render thread/INFO]: [System] [CHAT] 성공적으로 블록 2개를 채웠습니다
[J] [16:17:24] [Render thread/INFO]: [System] [CHAT] -2947, -53, 3000에 있는 블록을 바꿨습니다
[J] [16:17:24] [Render thread/INFO]: [System] [CHAT] -2947, -52, 3000에 있는 블록을 바꿨습니다
[J] [16:17:24] [Render thread/INFO]: [System] [CHAT] 성공적으로 블록 3개를 채웠습니다
[J] [16:17:24] [Render thread/INFO]: [System] [CHAT] -2947, -16, 3000에 있는 블록을 바꿨습니다
[J] [16:17:24] [Render thread/INFO]: [System] [CHAT] 성공적으로 블록 2개를 채웠습니다 [2]
[J] [16:17:24] [Render thread/INFO]: [System] [CHAT] -2947, -53, 3002에 있는 블록을 바꿨습니다
[J] [16:17:24] [Render thread/INFO]: [System] [CHAT] 성공적으로 블록 2개를 채웠습니다 [3]
[J] [16:17:24] [Render thread/INFO]: [System] [CHAT] -2947, -52, 3003에 있는 블록을 바꿨습니다
[J] [16:17:24] [Render thread/INFO]: [System] [CHAT] 성공적으로 블록 3개를 채웠습니다 [2]
[J] [16:17:24] [Render thread/INFO]: [System] [CHAT] -2947, -52, 3004에 있는 블록을 바꿨습니다
[J] [16:17:24] [Render thread/INFO]: [System] [CHAT] -2947, -52, 3006에 있는 블록을 바꿨습니다
[J] [16:17:24] [Render thread/INFO]: [System] [CHAT] -2947, -52, 3007에 있는 블록을 바꿨습니다
[J] [16:17:24] [Render thread/INFO]: [System] [CHAT] -2946, -53, 2992에 있는 블록을 바꿨습니다
[J] [16:17:24] [Render thread/INFO]: [System] [CHAT] -2946, -52, 2992에 있는 블록을 바꿨습니다
[J] [16:17:24] [Render thread/INFO]: [System] [CHAT] 성공적으로 블록 2개를 채웠습니다
[J] [16:17:24] [Render thread/INFO]: [System] [CHAT] 성공적으로 블록 8개를 채웠습니다
[J] [16:17:24] [Render thread/INFO]: [System] [CHAT] -2946, -13, 2993에 있는 블록을 바꿨습니다
[J] [16:17:24] [Render thread/INFO]: [System] [CHAT] -2946, -52, 2994에 있는 블록을 바꿨습니다
[J] [16:17:24] [Render thread/INFO]: [System] [CHAT] 성공적으로 블록 12개를 채웠습니다
[J] [16:17:24] [Render thread/INFO]: [System] [CHAT] -2946, -13, 2994에 있는 블록을 바꿨습니다
[J] [16:17:24] [Render thread/INFO]: [System] [CHAT] -2946, -52, 2995에 있는 블록을 바꿨습니다
[J] [16:17:24] [Render thread/INFO]: [System] [CHAT] 성공적으로 블록 7개를 채웠습니다
[J] [16:17:24] [Render thread/INFO]: [System] [CHAT] -2946, -13, 2995에 있는 블록을 바꿨습니다
[J] [16:17:24] [Render thread/INFO]: [System] [CHAT] 성공적으로 블록 2개를 채웠습니다
[J] [16:17:24] [Render thread/INFO]: [System] [CHAT] -2946, -51, 2996에 있는 블록을 바꿨습니다
[J] [16:17:24] [Render thread/INFO]: [System] [CHAT] 성공적으로 블록 2개를 채웠습니다 [2]
[J] [16:17:24] [Render thread/INFO]: [System] [CHAT] -2946, -13, 2996에 있는 블록을 바꿨습니다
[J] [16:17:24] [Render thread/INFO]: [System] [CHAT] -2946, -52, 2997에 있는 블록을 바꿨습니다
[J] [16:17:24] [Render thread/INFO]: [System] [CHAT] -2946, -51, 2997에 있는 블록을 바꿨습니다
[J] [16:17:24] [Render thread/INFO]: [System] [CHAT] -2946, -24, 2997에 있는 블록을 바꿨습니다
[J] [16:17:24] [Render thread/INFO]: [System] [CHAT] -2946, -21, 2997에 있는 블록을 바꿨습니다
[J] [16:17:24] [Render thread/INFO]: [System] [CHAT] -2946, -13, 2997에 있는 블록을 바꿨습니다
[J] [16:17:24] [Render thread/INFO]: [System] [CHAT] 성공적으로 블록 2개를 채웠습니다
[J] [16:17:24] [Render thread/INFO]: [System] [CHAT] -2946, -52, 2998에 있는 블록을 바꿨습니다
[J] [16:17:24] [Render thread/INFO]: [System] [CHAT] -2946, -49, 2998에 있는 블록을 바꿨습니다
[J] [16:17:24] [Render thread/INFO]: [System] [CHAT] 성공적으로 블록 6개를 채웠습니다
[J] [16:17:24] [Render thread/INFO]: [System] [CHAT] -2946, -42, 2998에 있는 블록을 바꿨습니다
[J] [16:17:24] [Render thread/INFO]: [System] [CHAT] -2946, -41, 2998에 있는 블록을 바꿨습니다
[J] [16:17:24] [Render thread/INFO]: [System] [CHAT] -2946, -20, 2998에 있는 블록을 바꿨습니다
[J] [16:17:24] [Render thread/INFO]: [System] [CHAT] -2946, -13, 2998에 있는 블록을 바꿨습니다
[J] [16:17:24] [Render thread/INFO]: [System] [CHAT] 성공적으로 블록 2개를 채웠습니다
[J] [16:17:24] [Render thread/INFO]: [System] [CHAT] 성공적으로 블록 2개를 채웠습니다 [2]
[J] [16:17:24] [Render thread/INFO]: [System] [CHAT] -2946, -50, 2999에 있는 블록을 바꿨습니다
[J] [16:17:24] [Render thread/INFO]: [System] [CHAT] -2946, -39, 2999에 있는 블록을 바꿨습니다
[J] [16:17:24] [Render thread/INFO]: [System] [CHAT] 성공적으로 블록 10개를 채웠습니다
[J] [16:17:24] [Render thread/INFO]: [System] [CHAT] -2946, -28, 2999에 있는 블록을 바꿨습니다
[J] [16:17:24] [Render thread/INFO]: [System] [CHAT] -2946, -13, 2999에 있는 블록을 바꿨습니다
[J] [16:17:24] [Render thread/INFO]: [System] [CHAT] -2946, -53, 3000에 있는 블록을 바꿨습니다
[J] [16:17:24] [Render thread/INFO]: [System] [CHAT] 성공적으로 블록 2개를 채웠습니다
[J] [16:17:24] [Render thread/INFO]: [System] [CHAT] -2946, -13, 3000에 있는 블록을 바꿨습니다
[J] [16:17:24] [Render thread/INFO]: [System] [CHAT] 성공적으로 블록 4개를 채웠습니다
[J] [16:17:24] [Render thread/INFO]: [System] [CHAT] 성공적으로 블록 2개를 채웠습니다 [2]
[J] [16:17:24] [Render thread/INFO]: [System] [CHAT] -2946, -16, 3001에 있는 블록을 바꿨습니다
[J] [16:17:24] [Render thread/INFO]: [System] [CHAT] -2946, -15, 3001에 있는 블록을 바꿨습니다
[J] [16:17:24] [Render thread/INFO]: [System] [CHAT] -2946, -14, 3001에 있는 블록을 바꿨습니다
[J] [16:17:24] [Render thread/INFO]: [System] [CHAT] -2946, -13, 3001에 있는 블록을 바꿨습니다
[J] [16:17:24] [Render thread/INFO]: [System] [CHAT] -2946, -53, 3002에 있는 블록을 바꿨습니다
[J] [16:17:24] [Render thread/INFO]: [System] [CHAT] 성공적으로 블록 2개를 채웠습니다
[J] [16:17:24] [Render thread/INFO]: [System] [CHAT] -2946, -53, 3005에 있는 블록을 바꿨습니다
[J] [16:17:24] [Render thread/INFO]: [System] [CHAT] 성공적으로 블록 2개를 채웠습니다 [2]
[J] [16:17:24] [Render thread/INFO]: [System] [CHAT] 성공적으로 블록 2개를 채웠습니다 [3]
[J] [16:17:24] [Render thread/INFO]: [System] [CHAT] -2945, -53, 2992에 있는 블록을 바꿨습니다
[J] [16:17:24] [Render thread/INFO]: [System] [CHAT] -2945, -52, 2992에 있는 블록을 바꿨습니다
[J] [16:17:24] [Render thread/INFO]: [System] [CHAT] -2945, -52, 2994에 있는 블록을 바꿨습니다
[J] [16:17:24] [Render thread/INFO]: [System] [CHAT] 성공적으로 블록 6개를 채웠습니다
[J] [16:17:24] [Render thread/INFO]: [System] [CHAT] -2945, -52, 2995에 있는 블록을 바꿨습니다
[J] [16:17:24] [Render thread/INFO]: [System] [CHAT] 성공적으로 블록 10개를 채웠습니다
[J] [16:17:24] [Render thread/INFO]: [System] [CHAT] 성공적으로 블록 2개를 채웠습니다
[J] [16:17:24] [Render thread/INFO]: [System] [CHAT] -2945, -51, 2996에 있는 블록을 바꿨습니다
[J] [16:17:24] [Render thread/INFO]: [System] [CHAT] -2945, -52, 2997에 있는 블록을 바꿨습니다
[J] [16:17:24] [Render thread/INFO]: [System] [CHAT] -2945, -51, 2997에 있는 블록을 바꿨습니다
[J] [16:17:24] [Render thread/INFO]: [System] [CHAT] 성공적으로 블록 2개를 채웠습니다 [2]
[J] [16:17:24] [Render thread/INFO]: [System] [CHAT] -2945, -24, 2997에 있는 블록을 바꿨습니다
[J] [16:17:24] [Render thread/INFO]: [System] [CHAT] 성공적으로 블록 2개를 채웠습니다 [3]
[J] [16:17:24] [Render thread/INFO]: [System] [CHAT] -2945, -52, 2998에 있는 블록을 바꿨습니다
[J] [16:17:24] [Render thread/INFO]: [System] [CHAT] 성공적으로 블록 9개를 채웠습니다
[J] [16:17:24] [Render thread/INFO]: [System] [CHAT] -2945, -21, 2998에 있는 블록을 바꿨습니다
[J] [16:17:24] [Render thread/INFO]: [System] [CHAT] -2945, -20, 2998에 있는 블록을 바꿨습니다
[J] [16:17:24] [Render thread/INFO]: [System] [CHAT] 성공적으로 블록 2개를 채웠습니다 [4]
[J] [16:17:24] [Render thread/INFO]: [System] [CHAT] -2945, -50, 2999에 있는 블록을 바꿨습니다
[J] [16:17:24] [Render thread/INFO]: [System] [CHAT] -2945, -49, 2999에 있는 블록을 바꿨습니다
[J] [16:17:24] [Render thread/INFO]: [System] [CHAT] -2945, -41, 2999에 있는 블록을 바꿨습니다
[J] [16:17:24] [Render thread/INFO]: [System] [CHAT] 성공적으로 블록 12개를 채웠습니다
[J] [16:17:24] [Render thread/INFO]: [System] [CHAT] -2945, -20, 2999에 있는 블록을 바꿨습니다
[J] [16:17:25] [Render thread/INFO]: [System] [CHAT] 성공적으로 블록 2개를 채웠습니다
[J] [16:17:25] [Render thread/INFO]: [System] [CHAT] -2945, -53, 3000에 있는 블록을 바꿨습니다
[J] [16:17:25] [Render thread/INFO]: [System] [CHAT] 성공적으로 블록 3개를 채웠습니다
[J] [16:17:25] [Render thread/INFO]: [System] [CHAT] -2945, -16, 3000에 있는 블록을 바꿨습니다
[J] [16:17:25] [Render thread/INFO]: [System] [CHAT] -2945, -53, 3001에 있는 블록을 바꿨습니다
[J] [16:17:25] [Render thread/INFO]: [System] [CHAT] 성공적으로 블록 2개를 채웠습니다 [2]
[J] [16:17:25] [Render thread/INFO]: [System] [CHAT] 성공적으로 블록 2개를 채웠습니다 [3]
[J] [16:17:25] [Render thread/INFO]: [System] [CHAT] -2945, -53, 3005에 있는 블록을 바꿨습니다
[J] [16:17:25] [Render thread/INFO]: [System] [CHAT] 성공적으로 블록 2개를 채웠습니다 [4]
[J] [16:17:25] [Render thread/INFO]: [System] [CHAT] -2945, -53, 3007에 있는 블록을 바꿨습니다
[J] [16:17:25] [Render thread/INFO]: [System] [CHAT] 성공적으로 블록 64개를 채웠습니다
[J] [16:17:25] [Render thread/INFO]: [System] [CHAT] -2928, -53, 2992에 있는 블록을 바꿨습니다
[J] [16:17:25] [Render thread/INFO]: [System] [CHAT] -2928, -52, 2992에 있는 블록을 바꿨습니다
[J] [16:17:25] [Render thread/INFO]: [System] [CHAT] -2928, -7, 2992에 있는 블록을 바꿨습니다
[J] [16:17:25] [Render thread/INFO]: [System] [CHAT] -2928, -53, 2993에 있는 블록을 바꿨습니다
[J] [16:17:25] [Render thread/INFO]: [System] [CHAT] 성공적으로 블록 3개를 채웠습니다
[J] [16:17:25] [Render thread/INFO]: [System] [CHAT] 성공적으로 블록 3개를 채웠습니다 [2]
[J] [16:17:25] [Render thread/INFO]: [System] [CHAT] 성공적으로 블록 4개를 채웠습니다
[J] [16:17:25] [Render thread/INFO]: [System] [CHAT] -2928, -45, 2995에 있는 블록을 바꿨습니다
[J] [16:17:25] [Render thread/INFO]: [System] [CHAT] -2928, -42, 2995에 있는 블록을 바꿨습니다
[J] [16:17:25] [Render thread/INFO]: [System] [CHAT] -2928, -53, 2996에 있는 블록을 바꿨습니다
[J] [16:17:25] [Render thread/INFO]: [System] [CHAT] -2928, -51, 2996에 있는 블록을 바꿨습니다
[J] [16:17:25] [Render thread/INFO]: [System] [CHAT] -2928, -48, 2996에 있는 블록을 바꿨습니다
[J] [16:17:25] [Render thread/INFO]: [System] [CHAT] -2928, -47, 2996에 있는 블록을 바꿨습니다
[J] [16:17:25] [Render thread/INFO]: [System] [CHAT] 성공적으로 블록 2개를 채웠습니다
[J] [16:17:25] [Render thread/INFO]: [System] [CHAT] -2928, -44, 2996에 있는 블록을 바꿨습니다
[J] [16:17:25] [Render thread/INFO]: [System] [CHAT] -2928, -43, 2996에 있는 블록을 바꿨습니다
[J] [16:17:25] [Render thread/INFO]: [System] [CHAT] 성공적으로 블록 2개를 채웠습니다 [2]
[J] [16:17:25] [Render thread/INFO]: [System] [CHAT] -2928, -53, 2997에 있는 블록을 바꿨습니다
[J] [16:17:25] [Render thread/INFO]: [System] [CHAT] -2928, -52, 2997에 있는 블록을 바꿨습니다
[J] [16:17:25] [Render thread/INFO]: [System] [CHAT] -2928, -51, 2997에 있는 블록을 바꿨습니다
[J] [16:17:25] [Render thread/INFO]: [System] [CHAT] -2928, -45, 2997에 있는 블록을 바꿨습니다
[J] [16:17:25] [Render thread/INFO]: [System] [CHAT] -2928, -44, 2997에 있는 블록을 바꿨습니다
[J] [16:17:25] [Render thread/INFO]: [System] [CHAT] -2928, -43, 2997에 있는 블록을 바꿨습니다
[J] [16:17:25] [Render thread/INFO]: [System] [CHAT] -2928, -41, 2997에 있는 블록을 바꿨습니다
[J] [16:17:25] [Render thread/INFO]: [System] [CHAT] -2928, -53, 2998에 있는 블록을 바꿨습니다
[J] [16:17:25] [Render thread/INFO]: [System] [CHAT] -2928, -52, 2998에 있는 블록을 바꿨습니다
[J] [16:17:25] [Render thread/INFO]: [System] [CHAT] -2928, -51, 2998에 있는 블록을 바꿨습니다
[J] [16:17:25] [Render thread/INFO]: [System] [CHAT] -2928, -50, 2998에 있는 블록을 바꿨습니다
[J] [16:17:25] [Render thread/INFO]: [System] [CHAT] 성공적으로 블록 2개를 채웠습니다
[J] [16:17:25] [Render thread/INFO]: [System] [CHAT] 성공적으로 블록 2개를 채웠습니다 [2]
[J] [16:17:25] [Render thread/INFO]: [System] [CHAT] -2928, -45, 2998에 있는 블록을 바꿨습니다
[J] [16:17:25] [Render thread/INFO]: [System] [CHAT] -2928, -44, 2998에 있는 블록을 바꿨습니다
[J] [16:17:25] [Render thread/INFO]: [System] [CHAT] -2928, -43, 2998에 있는 블록을 바꿨습니다
[J] [16:17:25] [Render thread/INFO]: [System] [CHAT] -2928, -42, 2998에 있는 블록을 바꿨습니다
[J] [16:17:25] [Render thread/INFO]: [System] [CHAT] -2928, -41, 2998에 있는 블록을 바꿨습니다
[J] [16:17:25] [Render thread/INFO]: [System] [CHAT] -2928, -53, 2999에 있는 블록을 바꿨습니다
[J] [16:17:25] [Render thread/INFO]: [System] [CHAT] -2928, -52, 2999에 있는 블록을 바꿨습니다
[J] [16:17:25] [Render thread/INFO]: [System] [CHAT] 성공적으로 블록 6개를 채웠습니다
[J] [16:17:25] [Render thread/INFO]: [System] [CHAT] -2928, -45, 2999에 있는 블록을 바꿨습니다
[J] [16:17:25] [Render thread/INFO]: [System] [CHAT] -2928, -44, 2999에 있는 블록을 바꿨습니다
[J] [16:17:25] [Render thread/INFO]: [System] [CHAT] -2928, -43, 2999에 있는 블록을 바꿨습니다
[J] [16:17:25] [Render thread/INFO]: [System] [CHAT] 성공적으로 블록 2개를 채웠습니다
[J] [16:17:25] [Render thread/INFO]: [System] [CHAT] -2928, -41, 2999에 있는 블록을 바꿨습니다
[J] [16:17:25] [Render thread/INFO]: [System] [CHAT] -2928, -53, 3000에 있는 블록을 바꿨습니다
[J] [16:17:25] [Render thread/INFO]: [System] [CHAT] -2928, -48, 3000에 있는 블록을 바꿨습니다
[J] [16:17:25] [Render thread/INFO]: [System] [CHAT] -2928, -47, 3000에 있는 블록을 바꿨습니다
[J] [16:17:25] [Render thread/INFO]: [System] [CHAT] 성공적으로 블록 2개를 채웠습니다 [2]
[J] [16:17:25] [Render thread/INFO]: [System] [CHAT] -2928, -44, 3000에 있는 블록을 바꿨습니다
[J] [16:17:25] [Render thread/INFO]: [System] [CHAT] -2928, -43, 3000에 있는 블록을 바꿨습니다
[J] [16:17:25] [Render thread/INFO]: [System] [CHAT] 성공적으로 블록 3개를 채웠습니다
[J] [16:17:25] [Render thread/INFO]: [System] [CHAT] -2928, -45, 3001에 있는 블록을 바꿨습니다
[J] [16:17:25] [Render thread/INFO]: [System] [CHAT] -2928, -42, 3001에 있는 블록을 바꿨습니다
[J] [16:17:25] [Render thread/INFO]: [System] [CHAT] 성공적으로 블록 3개를 채웠습니다 [2]
[J] [16:17:25] [Render thread/INFO]: [System] [CHAT] -2928, -53, 3003에 있는 블록을 바꿨습니다
[J] [16:17:25] [Render thread/INFO]: [System] [CHAT] -2928, -53, 3004에 있는 블록을 바꿨습니다
[J] [16:17:25] [Render thread/INFO]: [System] [CHAT] -2928, -53, 3005에 있는 블록을 바꿨습니다
[J] [16:17:25] [Render thread/INFO]: [System] [CHAT] -2928, -53, 3006에 있는 블록을 바꿨습니다
[J] [16:17:25] [Render thread/INFO]: [System] [CHAT] -2928, -53, 3007에 있는 블록을 바꿨습니다
[J] [16:17:25] [Render thread/INFO]: [System] [CHAT] -2927, -53, 2992에 있는 블록을 바꿨습니다
[J] [16:17:25] [Render thread/INFO]: [System] [CHAT] -2927, -52, 2992에 있는 블록을 바꿨습니다
[J] [16:17:25] [Render thread/INFO]: [System] [CHAT] -2927, -51, 2992에 있는 블록을 바꿨습니다
[J] [16:17:25] [Render thread/INFO]: [System] [CHAT] -2927, -50, 2992에 있는 블록을 바꿨습니다
[J] [16:17:25] [Render thread/INFO]: [System] [CHAT] -2927, -49, 2992에 있는 블록을 바꿨습니다
[J] [16:17:25] [Render thread/INFO]: [System] [CHAT] -2927, -48, 2992에 있는 블록을 바꿨습니다
[J] [16:17:25] [Render thread/INFO]: [System] [CHAT] -2927, -53, 2993에 있는 블록을 바꿨습니다
[J] [16:17:25] [Render thread/INFO]: [System] [CHAT] -2927, -53, 2996에 있는 블록을 바꿨습니다
[J] [16:17:25] [Render thread/INFO]: [System] [CHAT] -2927, -45, 2996에 있는 블록을 바꿨습니다
[J] [16:17:25] [Render thread/INFO]: [System] [CHAT] 성공적으로 블록 2개를 채웠습니다
[J] [16:17:25] [Render thread/INFO]: [System] [CHAT] -2927, -53, 2997에 있는 블록을 바꿨습니다
[J] [16:17:25] [Render thread/INFO]: [System] [CHAT] -2927, -53, 2998에 있는 블록을 바꿨습니다
[J] [16:17:25] [Render thread/INFO]: [System] [CHAT] -2927, -52, 2998에 있는 블록을 바꿨습니다
[J] [16:17:25] [Render thread/INFO]: [System] [CHAT] -2927, -51, 2998에 있는 블록을 바꿨습니다
[J] [16:17:25] [Render thread/INFO]: [System] [CHAT] -2927, -42, 2998에 있는 블록을 바꿨습니다
[J] [16:17:25] [Render thread/INFO]: [System] [CHAT] -2927, -53, 2999에 있는 블록을 바꿨습니다
[J] [16:17:25] [Render thread/INFO]: [System] [CHAT] -2927, -53, 3000에 있는 블록을 바꿨습니다
[J] [16:17:25] [Render thread/INFO]: [System] [CHAT] -2927, -45, 3000에 있는 블록을 바꿨습니다
[J] [16:17:25] [Render thread/INFO]: [System] [CHAT] -2927, -53, 3003에 있는 블록을 바꿨습니다
[J] [16:17:25] [Render thread/INFO]: [System] [CHAT] -2927, -53, 3004에 있는 블록을 바꿨습니다
[J] [16:17:25] [Render thread/INFO]: [System] [CHAT] -2927, -53, 3005에 있는 블록을 바꿨습니다
[J] [16:17:25] [Render thread/INFO]: [System] [CHAT] -2927, -53, 3006에 있는 블록을 바꿨습니다
[J] [16:17:25] [Render thread/INFO]: [System] [CHAT] -2927, -53, 3007에 있는 블록을 바꿨습니다
[J] [16:17:25] [Render thread/INFO]: [System] [CHAT] -2926, -53, 2992에 있는 블록을 바꿨습니다
[J] [16:17:25] [Render thread/INFO]: [System] [CHAT] -2926, -52, 2992에 있는 블록을 바꿨습니다
[J] [16:17:25] [Render thread/INFO]: [System] [CHAT] -2926, -53, 2993에 있는 블록을 바꿨습니다
[J] [16:17:25] [Render thread/INFO]: [System] [CHAT] -2926, -53, 2996에 있는 블록을 바꿨습니다
[J] [16:17:25] [Render thread/INFO]: [System] [CHAT] -2926, -53, 2997에 있는 블록을 바꿨습니다
[J] [16:17:25] [Render thread/INFO]: [System] [CHAT] -2926, -53, 2998에 있는 블록을 바꿨습니다
[J] [16:17:25] [Render thread/INFO]: [System] [CHAT] -2926, -53, 2999에 있는 블록을 바꿨습니다
[J] [16:17:25] [Render thread/INFO]: [System] [CHAT] -2926, -53, 3000에 있는 블록을 바꿨습니다
[J] [16:17:25] [Render thread/INFO]: [System] [CHAT] -2926, -52, 3001에 있는 블록을 바꿨습니다
[J] [16:17:25] [Render thread/INFO]: [System] [CHAT] -2926, -53, 3003에 있는 블록을 바꿨습니다
[J] [16:17:25] [Render thread/INFO]: [System] [CHAT] -2926, -53, 3004에 있는 블록을 바꿨습니다
[J] [16:17:25] [Render thread/INFO]: [System] [CHAT] -2926, -53, 3005에 있는 블록을 바꿨습니다
[J] [16:17:25] [Render thread/INFO]: [System] [CHAT] -2926, -53, 3006에 있는 블록을 바꿨습니다
[J] [16:17:25] [Render thread/INFO]: [System] [CHAT] -2926, -53, 3007에 있는 블록을 바꿨습니다
[J] [16:17:25] [Render thread/INFO]: [System] [CHAT] 성공적으로 블록 2개를 채웠습니다
[J] [16:17:25] [Render thread/INFO]: [System] [CHAT] 성공적으로 블록 9개를 채웠습니다
[J] [16:17:25] [Render thread/INFO]: [System] [CHAT] 성공적으로 블록 2개를 채웠습니다 [2]
[J] [16:17:25] [Render thread/INFO]: [System] [CHAT] -2925, -51, 2995에 있는 블록을 바꿨습니다
[J] [16:17:25] [Render thread/INFO]: [System] [CHAT] -2925, -50, 2995에 있는 블록을 바꿨습니다
[J] [16:17:25] [Render thread/INFO]: [System] [CHAT] 성공적으로 블록 5개를 채웠습니다
[J] [16:17:25] [Render thread/INFO]: [System] [CHAT] 성공적으로 블록 2개를 채웠습니다 [3]
[J] [16:17:25] [Render thread/INFO]: [System] [CHAT] -2925, -52, 3001에 있는 블록을 바꿨습니다
[J] [16:17:25] [Render thread/INFO]: [System] [CHAT] -2925, -51, 3001에 있는 블록을 바꿨습니다
[J] [16:17:25] [Render thread/INFO]: [System] [CHAT] -2925, -50, 3001에 있는 블록을 바꿨습니다
[J] [16:17:25] [Render thread/INFO]: [System] [CHAT] 성공적으로 블록 5개를 채웠습니다 [2]
[J] [16:17:25] [Render thread/INFO]: [System] [CHAT] 성공적으로 블록 208개를 채웠습니다
[J] [16:17:25] [Render thread/INFO]: [System] [CHAT] 성공적으로 블록 2개를 채웠습니다
[J] [16:17:25] [Render thread/INFO]: [System] [CHAT] 성공적으로 블록 2개를 채웠습니다 [2]
[J] [16:17:25] [Render thread/INFO]: [System] [CHAT] 성공적으로 블록 7개를 채웠습니다
[J] [16:17:25] [Render thread/INFO]: [System] [CHAT] 성공적으로 블록 2개를 채웠습니다 [3]
[J] [16:17:25] [Render thread/INFO]: [System] [CHAT] -2973, -16, 3008에 있는 블록을 바꿨습니다
[J] [16:17:25] [Render thread/INFO]: [System] [CHAT] -2973, -15, 3008에 있는 블록을 바꿨습니다
[J] [16:17:25] [Render thread/INFO]: [System] [CHAT] -2973, -14, 3008에 있는 블록을 바꿨습니다
[J] [16:17:25] [Render thread/INFO]: [System] [CHAT] -2973, -13, 3008에 있는 블록을 바꿨습니다
[J] [16:17:25] [Render thread/INFO]: [System] [CHAT] 성공적으로 블록 2개를 채웠습니다 [4]
[J] [16:17:25] [Render thread/INFO]: [System] [CHAT] -2973, -53, 3010에 있는 블록을 바꿨습니다
[J] [16:17:25] [Render thread/INFO]: [System] [CHAT] 성공적으로 블록 2개를 채웠습니다 [5]
[J] [16:17:25] [Render thread/INFO]: [System] [CHAT] -2973, -53, 3011에 있는 블록을 바꿨습니다
[J] [16:17:25] [Render thread/INFO]: [System] [CHAT] -2973, -53, 3012에 있는 블록을 바꿨습니다
[J] [16:17:25] [Render thread/INFO]: [System] [CHAT] -2973, -52, 3012에 있는 블록을 바꿨습니다
[J] [16:17:25] [Render thread/INFO]: [System] [CHAT] 성공적으로 블록 2개를 채웠습니다 [6]
[J] [16:17:25] [Render thread/INFO]: [System] [CHAT] 성공적으로 블록 2개를 채웠습니다 [7]
[J] [16:17:25] [Render thread/INFO]: [System] [CHAT] -2973, -53, 3014에 있는 블록을 바꿨습니다
[J] [16:17:25] [Render thread/INFO]: [System] [CHAT] -2973, -32, 3014에 있는 블록을 바꿨습니다
[J] [16:17:25] [Render thread/INFO]: [System] [CHAT] -2973, -31, 3014에 있는 블록을 바꿨습니다
[J] [16:17:25] [Render thread/INFO]: [System] [CHAT] -2973, -30, 3014에 있는 블록을 바꿨습니다
[J] [16:17:25] [Render thread/INFO]: [System] [CHAT] -2973, -53, 3015에 있는 블록을 바꿨습니다
[J] [16:17:25] [Render thread/INFO]: [System] [CHAT] 성공적으로 블록 2개를 채웠습니다
[J] [16:17:25] [Render thread/INFO]: [System] [CHAT] -2973, -40, 3015에 있는 블록을 바꿨습니다
[J] [16:17:25] [Render thread/INFO]: [System] [CHAT] -2973, -39, 3015에 있는 블록을 바꿨습니다
[J] [16:17:25] [Render thread/INFO]: [System] [CHAT] -2973, -32, 3015에 있는 블록을 바꿨습니다
[J] [16:17:25] [Render thread/INFO]: [System] [CHAT] 성공적으로 블록 6개를 채웠습니다
[J] [16:17:25] [Render thread/INFO]: [System] [CHAT] -2973, -30, 3015에 있는 블록을 바꿨습니다
[J] [16:17:25] [Render thread/INFO]: [System] [CHAT] 성공적으로 블록 4개를 채웠습니다
[J] [16:17:25] [Render thread/INFO]: [System] [CHAT] 성공적으로 블록 4개를 채웠습니다 [2]
[J] [16:17:25] [Render thread/INFO]: [System] [CHAT] 성공적으로 블록 2개를 채웠습니다
[J] [16:17:25] [Render thread/INFO]: [System] [CHAT] 성공적으로 블록 2개를 채웠습니다 [2]
[J] [16:17:25] [Render thread/INFO]: [System] [CHAT] 성공적으로 블록 2개를 채웠습니다 [3]
[J] [16:17:25] [Render thread/INFO]: [System] [CHAT] -2973, -53, 3018에 있는 블록을 바꿨습니다
[J] [16:17:25] [Render thread/INFO]: [System] [CHAT] -2973, -38, 3018에 있는 블록을 바꿨습니다
[J] [16:17:25] [Render thread/INFO]: [System] [CHAT] -2973, -53, 3019에 있는 블록을 바꿨습니다
[J] [16:17:25] [Render thread/INFO]: [System] [CHAT] 성공적으로 블록 3개를 채웠습니다
[J] [16:17:25] [Render thread/INFO]: [System] [CHAT] 성공적으로 블록 2개를 채웠습니다 [4]
[J] [16:17:25] [Render thread/INFO]: [System] [CHAT] 성공적으로 블록 2개를 채웠습니다 [5]
[J] [16:17:25] [Render thread/INFO]: [System] [CHAT] -2973, -40, 3020에 있는 블록을 바꿨습니다
[J] [16:17:25] [Render thread/INFO]: [System] [CHAT] -2973, -39, 3020에 있는 블록을 바꿨습니다
[J] [16:17:25] [Render thread/INFO]: [System] [CHAT] -2973, -32, 3020에 있는 블록을 바꿨습니다
[J] [16:17:25] [Render thread/INFO]: [System] [CHAT] -2973, -30, 3020에 있는 블록을 바꿨습니다
[J] [16:17:26] [Render thread/INFO]: [System] [CHAT] -2973, -53, 3021에 있는 블록을 바꿨습니다
[J] [16:17:26] [Render thread/INFO]: [System] [CHAT] -2973, -32, 3021에 있는 블록을 바꿨습니다
[J] [16:17:26] [Render thread/INFO]: [System] [CHAT] -2973, -31, 3021에 있는 블록을 바꿨습니다
[J] [16:17:26] [Render thread/INFO]: [System] [CHAT] -2973, -30, 3021에 있는 블록을 바꿨습니다
[J] [16:17:26] [Render thread/INFO]: [System] [CHAT] 성공적으로 블록 4개를 채웠습니다
[J] [16:17:26] [Render thread/INFO]: [System] [CHAT] -2973, -52, 3022에 있는 블록을 바꿨습니다
[J] [16:17:26] [Render thread/INFO]: [System] [CHAT] 성공적으로 블록 26개를 채웠습니다
[J] [16:17:26] [Render thread/INFO]: [System] [CHAT] 성공적으로 블록 2개를 채웠습니다
[J] [16:17:26] [Render thread/INFO]: [System] [CHAT] -2972, -51, 3008에 있는 블록을 바꿨습니다
[J] [16:17:26] [Render thread/INFO]: [System] [CHAT] 성공적으로 블록 11개를 채웠습니다
[J] [16:17:26] [Render thread/INFO]: [System] [CHAT] 성공적으로 블록 6개를 채웠습니다
[J] [16:17:26] [Render thread/INFO]: [System] [CHAT] 성공적으로 블록 2개를 채웠습니다 [2]
[J] [16:17:26] [Render thread/INFO]: [System] [CHAT] 성공적으로 블록 8개를 채웠습니다
[J] [16:17:26] [Render thread/INFO]: [System] [CHAT] -2972, -13, 3008에 있는 블록을 바꿨습니다
[J] [16:17:26] [Render thread/INFO]: [System] [CHAT] 성공적으로 블록 2개를 채웠습니다 [3]
[J] [16:17:26] [Render thread/INFO]: [System] [CHAT] 성공적으로 블록 2개를 채웠습니다 [4]
[J] [16:17:26] [Render thread/INFO]: [System] [CHAT] 성공적으로 블록 3개를 채웠습니다
[J] [16:17:26] [Render thread/INFO]: [System] [CHAT] -2972, -16, 3009에 있는 블록을 바꿨습니다
[J] [16:17:26] [Render thread/INFO]: [System] [CHAT] 성공적으로 블록 2개를 채웠습니다 [5]
[J] [16:17:26] [Render thread/INFO]: [System] [CHAT] -2972, -53, 3010에 있는 블록을 바꿨습니다
[J] [16:17:26] [Render thread/INFO]: [System] [CHAT] 성공적으로 블록 2개를 채웠습니다 [6]
[J] [16:17:26] [Render thread/INFO]: [System] [CHAT] -2972, -51, 3010에 있는 블록을 바꿨습니다
[J] [16:17:26] [Render thread/INFO]: [System] [CHAT] -2972, -20, 3010에 있는 블록을 바꿨습니다
[J] [16:17:26] [Render thread/INFO]: [System] [CHAT] -2972, -19, 3010에 있는 블록을 바꿨습니다
[J] [16:17:26] [Render thread/INFO]: [System] [CHAT] -2972, -53, 3011에 있는 블록을 바꿨습니다
[J] [16:17:26] [Render thread/INFO]: [System] [CHAT] 성공적으로 블록 2개를 채웠습니다 [7]
[J] [16:17:26] [Render thread/INFO]: [System] [CHAT] 성공적으로 블록 2개를 채웠습니다 [8]
[J] [16:17:26] [Render thread/INFO]: [System] [CHAT] 성공적으로 블록 2개를 채웠습니다 [9]
[J] [16:17:26] [Render thread/INFO]: [System] [CHAT] -2972, -52, 3012에 있는 블록을 바꿨습니다
[J] [16:17:26] [Render thread/INFO]: [System] [CHAT] -2972, -51, 3012에 있는 블록을 바꿨습니다
[J] [16:17:26] [Render thread/INFO]: [System] [CHAT] -2972, -20, 3012에 있는 블록을 바꿨습니다
[J] [16:17:26] [Render thread/INFO]: [System] [CHAT] -2972, -19, 3012에 있는 블록을 바꿨습니다
[J] [16:17:26] [Render thread/INFO]: [System] [CHAT] 성공적으로 블록 2개를 채웠습니다 [10]
[J] [16:17:26] [Render thread/INFO]: [System] [CHAT] 성공적으로 블록 2개를 채웠습니다 [11]
[J] [16:17:26] [Render thread/INFO]: [System] [CHAT] 성공적으로 블록 2개를 채웠습니다 [12]
[J] [16:17:26] [Render thread/INFO]: [System] [CHAT] -2972, -40, 3014에 있는 블록을 바꿨습니다
[J] [16:17:26] [Render thread/INFO]: [System] [CHAT] -2972, -39, 3014에 있는 블록을 바꿨습니다
[J] [16:17:26] [Render thread/INFO]: [System] [CHAT] -2972, -30, 3014에 있는 블록을 바꿨습니다
[J] [16:17:26] [Render thread/INFO]: [System] [CHAT] -2972, -29, 3014에 있는 블록을 바꿨습니다
[J] [16:17:26] [Render thread/INFO]: [System] [CHAT] -2972, -28, 3014에 있는 블록을 바꿨습니다
[J] [16:17:26] [Render thread/INFO]: [System] [CHAT] -2972, -27, 3014에 있는 블록을 바꿨습니다
[J] [16:17:26] [Render thread/INFO]: [System] [CHAT] 성공적으로 블록 2개를 채웠습니다
[J] [16:17:26] [Render thread/INFO]: [System] [CHAT] -2972, -52, 3015에 있는 블록을 바꿨습니다
[J] [16:17:26] [Render thread/INFO]: [System] [CHAT] -2972, -51, 3015에 있는 블록을 바꿨습니다
[J] [16:17:26] [Render thread/INFO]: [System] [CHAT] 성공적으로 블록 5개를 채웠습니다
[J] [16:17:26] [Render thread/INFO]: [System] [CHAT] -2972, -39, 3015에 있는 블록을 바꿨습니다
[J] [16:17:26] [Render thread/INFO]: [System] [CHAT] 성공적으로 블록 9개를 채웠습니다
[J] [16:17:26] [Render thread/INFO]: [System] [CHAT] 성공적으로 블록 6개를 채웠습니다
[J] [16:17:26] [Render thread/INFO]: [System] [CHAT] -2972, -25, 3015에 있는 블록을 바꿨습니다
[J] [16:17:26] [Render thread/INFO]: [System] [CHAT] -2972, -52, 3016에 있는 블록을 바꿨습니다
[J] [16:17:26] [Render thread/INFO]: [System] [CHAT] 성공적으로 블록 3개를 채웠습니다
[J] [16:17:26] [Render thread/INFO]: [System] [CHAT] -2972, -40, 3016에 있는 블록을 바꿨습니다
[J] [16:17:26] [Render thread/INFO]: [System] [CHAT] -2972, -39, 3016에 있는 블록을 바꿨습니다
[J] [16:17:26] [Render thread/INFO]: [System] [CHAT] 성공적으로 블록 3개를 채웠습니다 [2]
[J] [16:17:26] [Render thread/INFO]: [System] [CHAT] -2972, -35, 3016에 있는 블록을 바꿨습니다
[J] [16:17:26] [Render thread/INFO]: [System] [CHAT] 성공적으로 블록 16개를 채웠습니다
[J] [16:17:26] [Render thread/INFO]: [System] [CHAT] 성공적으로 블록 4개를 채웠습니다
[J] [16:17:26] [Render thread/INFO]: [System] [CHAT] 성공적으로 블록 2개를 채웠습니다
[J] [16:17:26] [Render thread/INFO]: [System] [CHAT] -2972, -52, 3017에 있는 블록을 바꿨습니다
[J] [16:17:26] [Render thread/INFO]: [System] [CHAT] -2972, -51, 3017에 있는 블록을 바꿨습니다
[J] [16:17:26] [Render thread/INFO]: [System] [CHAT] 성공적으로 블록 5개를 채웠습니다
[J] [16:17:26] [Render thread/INFO]: [System] [CHAT] 성공적으로 블록 2개를 채웠습니다 [2]
[J] [16:17:26] [Render thread/INFO]: [System] [CHAT] 성공적으로 블록 2개를 채웠습니다 [3]
[J] [16:17:26] [Render thread/INFO]: [System] [CHAT] 성공적으로 블록 2개를 채웠습니다 [4]
[J] [16:17:26] [Render thread/INFO]: [System] [CHAT] -2972, -52, 3018에 있는 블록을 바꿨습니다
[J] [16:17:26] [Render thread/INFO]: [System] [CHAT] 성공적으로 블록 2개를 채웠습니다 [5]
[J] [16:17:26] [Render thread/INFO]: [System] [CHAT] 성공적으로 블록 7개를 채웠습니다
[J] [16:17:26] [Render thread/INFO]: [System] [CHAT] 성공적으로 블록 2개를 채웠습니다 [6]
[J] [16:17:26] [Render thread/INFO]: [System] [CHAT] 성공적으로 블록 2개를 채웠습니다 [7]
[J] [16:17:26] [Render thread/INFO]: [System] [CHAT] 성공적으로 블록 10개를 채웠습니다
[J] [16:17:26] [Render thread/INFO]: [System] [CHAT] -2972, -40, 3019에 있는 블록을 바꿨습니다
[J] [16:17:26] [Render thread/INFO]: [System] [CHAT] -2972, -39, 3019에 있는 블록을 바꿨습니다
[J] [16:17:26] [Render thread/INFO]: [System] [CHAT] -2972, -38, 3019에 있는 블록을 바꿨습니다
[J] [16:17:26] [Render thread/INFO]: [System] [CHAT] -2972, -35, 3019에 있는 블록을 바꿨습니다
[J] [16:17:26] [Render thread/INFO]: [System] [CHAT] -2972, -52, 3020에 있는 블록을 바꿨습니다
[J] [16:17:26] [Render thread/INFO]: [System] [CHAT] -2972, -51, 3020에 있는 블록을 바꿨습니다
[J] [16:17:26] [Render thread/INFO]: [System] [CHAT] 성공적으로 블록 10개를 채웠습니다
[J] [16:17:26] [Render thread/INFO]: [System] [CHAT] -2972, -40, 3020에 있는 블록을 바꿨습니다
[J] [16:17:26] [Render thread/INFO]: [System] [CHAT] -2972, -39, 3020에 있는 블록을 바꿨습니다
[J] [16:17:26] [Render thread/INFO]: [System] [CHAT] 성공적으로 블록 9개를 채웠습니다
[J] [16:17:26] [Render thread/INFO]: [System] [CHAT] -2972, -53, 3021에 있는 블록을 바꿨습니다
[J] [16:17:26] [Render thread/INFO]: [System] [CHAT] -2972, -52, 3021에 있는 블록을 바꿨습니다
[J] [16:17:26] [Render thread/INFO]: [System] [CHAT] -2972, -51, 3021에 있는 블록을 바꿨습니다
[J] [16:17:26] [Render thread/INFO]: [System] [CHAT] -2972, -40, 3021에 있는 블록을 바꿨습니다
[J] [16:17:26] [Render thread/INFO]: [System] [CHAT] -2972, -39, 3021에 있는 블록을 바꿨습니다
[J] [16:17:26] [Render thread/INFO]: [System] [CHAT] -2972, -31, 3021에 있는 블록을 바꿨습니다
[J] [16:17:26] [Render thread/INFO]: [System] [CHAT] -2972, -30, 3021에 있는 블록을 바꿨습니다
[J] [16:17:26] [Render thread/INFO]: [System] [CHAT] -2972, -29, 3021에 있는 블록을 바꿨습니다
[J] [16:17:26] [Render thread/INFO]: [System] [CHAT] -2972, -28, 3021에 있는 블록을 바꿨습니다
[J] [16:17:26] [Render thread/INFO]: [System] [CHAT] -2972, -27, 3021에 있는 블록을 바꿨습니다
[J] [16:17:26] [Render thread/INFO]: [System] [CHAT] 성공적으로 블록 2개를 채웠습니다
[J] [16:17:26] [Render thread/INFO]: [System] [CHAT] 성공적으로 블록 3개를 채웠습니다
[J] [16:17:26] [Render thread/INFO]: [System] [CHAT] -2971, -53, 3008에 있는 블록을 바꿨습니다
[J] [16:17:26] [Render thread/INFO]: [System] [CHAT] -2971, -51, 3008에 있는 블록을 바꿨습니다
[J] [16:17:26] [Render thread/INFO]: [System] [CHAT] -2971, -50, 3008에 있는 블록을 바꿨습니다
[J] [16:17:26] [Render thread/INFO]: [System] [CHAT] 성공적으로 블록 14개를 채웠습니다
[J] [16:17:26] [Render thread/INFO]: [System] [CHAT] -2971, -39, 3008에 있는 블록을 바꿨습니다
[J] [16:17:26] [Render thread/INFO]: [System] [CHAT] 성공적으로 블록 10개를 채웠습니다
[J] [16:17:26] [Render thread/INFO]: [System] [CHAT] -2971, -28, 3008에 있는 블록을 바꿨습니다
[J] [16:17:26] [Render thread/INFO]: [System] [CHAT] 성공적으로 블록 14개를 채웠습니다 [2]
[J] [16:17:26] [Render thread/INFO]: [System] [CHAT] 성공적으로 블록 14개를 채웠습니다 [3]
[J] [16:17:26] [Render thread/INFO]: [System] [CHAT] -2971, -13, 3008에 있는 블록을 바꿨습니다
[J] [16:17:26] [Render thread/INFO]: [System] [CHAT] -2971, -53, 3009에 있는 블록을 바꿨습니다
[J] [16:17:26] [Render thread/INFO]: [System] [CHAT] -2971, -50, 3009에 있는 블록을 바꿨습니다
[J] [16:17:26] [Render thread/INFO]: [System] [CHAT] -2971, -49, 3009에 있는 블록을 바꿨습니다
[J] [16:17:26] [Render thread/INFO]: [System] [CHAT] -2971, -41, 3009에 있는 블록을 바꿨습니다
[J] [16:17:26] [Render thread/INFO]: [System] [CHAT] 성공적으로 블록 12개를 채웠습니다
[J] [16:17:26] [Render thread/INFO]: [System] [CHAT] -2971, -20, 3009에 있는 블록을 바꿨습니다
[J] [16:17:26] [Render thread/INFO]: [System] [CHAT] 성공적으로 블록 12개를 채웠습니다 [2]
[J] [16:17:26] [Render thread/INFO]: [System] [CHAT] 성공적으로 블록 7개를 채웠습니다
[J] [16:17:26] [Render thread/INFO]: [System] [CHAT] 성공적으로 블록 2개를 채웠습니다
[J] [16:17:26] [Render thread/INFO]: [System] [CHAT] 성공적으로 블록 2개를 채웠습니다 [2]
[J] [16:17:26] [Render thread/INFO]: [System] [CHAT] -2971, -51, 3010에 있는 블록을 바꿨습니다
[J] [16:17:26] [Render thread/INFO]: [System] [CHAT] -2971, -50, 3010에 있는 블록을 바꿨습니다
[J] [16:17:26] [Render thread/INFO]: [System] [CHAT] -2971, -39, 3010에 있는 블록을 바꿨습니다
[J] [16:17:26] [Render thread/INFO]: [System] [CHAT] 성공적으로 블록 10개를 채웠습니다
[J] [16:17:26] [Render thread/INFO]: [System] [CHAT] -2971, -28, 3010에 있는 블록을 바꿨습니다
[J] [16:17:26] [Render thread/INFO]: [System] [CHAT] 성공적으로 블록 2개를 채웠습니다
[J] [16:17:26] [Render thread/INFO]: [System] [CHAT] -2971, -50, 3011에 있는 블록을 바꿨습니다
[J] [16:17:26] [Render thread/INFO]: [System] [CHAT] -2971, -49, 3011에 있는 블록을 바꿨습니다
[J] [16:17:26] [Render thread/INFO]: [System] [CHAT] -2971, -41, 3011에 있는 블록을 바꿨습니다
[J] [16:17:26] [Render thread/INFO]: [System] [CHAT] 성공적으로 블록 12개를 채웠습니다
[J] [16:17:26] [Render thread/INFO]: [System] [CHAT] -2971, -20, 3011에 있는 블록을 바꿨습니다
[J] [16:17:26] [Render thread/INFO]: [System] [CHAT] 성공적으로 블록 12개를 채웠습니다 [2]
[J] [16:17:26] [Render thread/INFO]: [System] [CHAT] 성공적으로 블록 2개를 채웠습니다
[J] [16:17:26] [Render thread/INFO]: [System] [CHAT] -2971, -51, 3012에 있는 블록을 바꿨습니다
[J] [16:17:26] [Render thread/INFO]: [System] [CHAT] -2971, -50, 3012에 있는 블록을 바꿨습니다
[J] [16:17:26] [Render thread/INFO]: [System] [CHAT] -2971, -39, 3012에 있는 블록을 바꿨습니다
[J] [16:17:26] [Render thread/INFO]: [System] [CHAT] 성공적으로 블록 10개를 채웠습니다
[J] [16:17:26] [Render thread/INFO]: [System] [CHAT] -2971, -28, 3012에 있는 블록을 바꿨습니다
[J] [16:17:26] [Render thread/INFO]: [System] [CHAT] 성공적으로 블록 2개를 채웠습니다
[J] [16:17:26] [Render thread/INFO]: [System] [CHAT] 성공적으로 블록 2개를 채웠습니다 [2]
[J] [16:17:26] [Render thread/INFO]: [System] [CHAT] -2971, -51, 3013에 있는 블록을 바꿨습니다
[J] [16:17:26] [Render thread/INFO]: [System] [CHAT] -2971, -50, 3013에 있는 블록을 바꿨습니다
[J] [16:17:26] [Render thread/INFO]: [System] [CHAT] -2971, -49, 3013에 있는 블록을 바꿨습니다
[J] [16:17:26] [Render thread/INFO]: [System] [CHAT] -2971, -41, 3013에 있는 블록을 바꿨습니다
[J] [16:17:26] [Render thread/INFO]: [System] [CHAT] 성공적으로 블록 12개를 채웠습니다
[J] [16:17:26] [Render thread/INFO]: [System] [CHAT] 성공적으로 블록 2개를 채웠습니다
[J] [16:17:26] [Render thread/INFO]: [System] [CHAT] -2971, -21, 3013에 있는 블록을 바꿨습니다
[J] [16:17:26] [Render thread/INFO]: [System] [CHAT] -2971, -52, 3014에 있는 블록을 바꿨습니다
[J] [16:17:26] [Render thread/INFO]: [System] [CHAT] 성공적으로 블록 2개를 채웠습니다 [2]
[J] [16:17:26] [Render thread/INFO]: [System] [CHAT] -2971, -50, 3014에 있는 블록을 바꿨습니다
[J] [16:17:26] [Render thread/INFO]: [System] [CHAT] -2971, -39, 3014에 있는 블록을 바꿨습니다
[J] [16:17:26] [Render thread/INFO]: [System] [CHAT] 성공적으로 블록 9개를 채웠습니다
[J] [16:17:26] [Render thread/INFO]: [System] [CHAT] -2971, -29, 3014에 있는 블록을 바꿨습니다
[J] [16:17:26] [Render thread/INFO]: [System] [CHAT] -2971, -28, 3014에 있는 블록을 바꿨습니다
[J] [16:17:26] [Render thread/INFO]: [System] [CHAT] -2971, -26, 3014에 있는 블록을 바꿨습니다
[J] [16:17:26] [Render thread/INFO]: [System] [CHAT] -2971, -24, 3014에 있는 블록을 바꿨습니다
[J] [16:17:26] [Render thread/INFO]: [System] [CHAT] -2971, -23, 3014에 있는 블록을 바꿨습니다
[J] [16:17:26] [Render thread/INFO]: [System] [CHAT] -2971, -52, 3015에 있는 블록을 바꿨습니다
[J] [16:17:26] [Render thread/INFO]: [System] [CHAT] 성공적으로 블록 2개를 채웠습니다
[J] [16:17:26] [Render thread/INFO]: [System] [CHAT] -2971, -50, 3015에 있는 블록을 바꿨습니다
[J] [16:17:26] [Render thread/INFO]: [System] [CHAT] -2971, -49, 3015에 있는 블록을 바꿨습니다
[J] [16:17:26] [Render thread/INFO]: [System] [CHAT] -2971, -41, 3015에 있는 블록을 바꿨습니다
[J] [16:17:26] [Render thread/INFO]: [System] [CHAT] -2971, -39, 3015에 있는 블록을 바꿨습니다
[J] [16:17:26] [Render thread/INFO]: [System] [CHAT] 성공적으로 블록 9개를 채웠습니다
[J] [16:17:26] [Render thread/INFO]: [System] [CHAT] 성공적으로 블록 12개를 채웠습니다
[J] [16:17:26] [Render thread/INFO]: [System] [CHAT] -2971, -25, 3015에 있는 블록을 바꿨습니다
[J] [16:17:26] [Render thread/INFO]: [System] [CHAT] -2971, -24, 3015에 있는 블록을 바꿨습니다
[J] [16:17:26] [Render thread/INFO]: [System] [CHAT] -2971, -53, 3016에 있는 블록을 바꿨습니다
[J] [16:17:27] [Render thread/INFO]: [System] [CHAT] 성공적으로 블록 2개를 채웠습니다
[J] [16:17:27] [Render thread/INFO]: [System] [CHAT] -2971, -50, 3016에 있는 블록을 바꿨습니다
[J] [16:17:27] [Render thread/INFO]: [System] [CHAT] 성공적으로 블록 7개를 채웠습니다
[J] [16:17:27] [Render thread/INFO]: [System] [CHAT] 성공적으로 블록 11개를 채웠습니다
[J] [16:17:27] [Render thread/INFO]: [System] [CHAT] -2971, -39, 3016에 있는 블록을 바꿨습니다
[J] [16:17:27] [Render thread/INFO]: [System] [CHAT] 성공적으로 블록 32개를 채웠습니다
[J] [16:17:27] [Render thread/INFO]: [System] [CHAT] 성공적으로 블록 4개를 채웠습니다
[J] [16:17:27] [Render thread/INFO]: [System] [CHAT] -2971, -53, 3017에 있는 블록을 바꿨습니다
[J] [16:17:27] [Render thread/INFO]: [System] [CHAT] -2971, -52, 3017에 있는 블록을 바꿨습니다
[J] [16:17:27] [Render thread/INFO]: [System] [CHAT] 성공적으로 블록 2개를 채웠습니다
[J] [16:17:27] [Render thread/INFO]: [System] [CHAT] 성공적으로 블록 2개를 채웠습니다 [2]
[J] [16:17:27] [Render thread/INFO]: [System] [CHAT] -2971, -41, 3017에 있는 블록을 바꿨습니다
[J] [16:17:27] [Render thread/INFO]: [System] [CHAT] 성공적으로 블록 6개를 채웠습니다
[J] [16:17:27] [Render thread/INFO]: [System] [CHAT] 성공적으로 블록 2개를 채웠습니다 [3]
[J] [16:17:27] [Render thread/INFO]: [System] [CHAT] 성공적으로 블록 6개를 채웠습니다 [2]
[J] [16:17:27] [Render thread/INFO]: [System] [CHAT] 성공적으로 블록 10개를 채웠습니다
[J] [16:17:27] [Render thread/INFO]: [System] [CHAT] 성공적으로 블록 4개를 채웠습니다
[J] [16:17:27] [Render thread/INFO]: [System] [CHAT] -2971, -52, 3018에 있는 블록을 바꿨습니다
[J] [16:17:27] [Render thread/INFO]: [System] [CHAT] 성공적으로 블록 2개를 채웠습니다 [4]
[J] [16:17:27] [Render thread/INFO]: [System] [CHAT] -2971, -30, 3018에 있는 블록을 바꿨습니다
[J] [16:17:27] [Render thread/INFO]: [System] [CHAT] 성공적으로 블록 10개를 채웠습니다 [2]
[J] [16:17:27] [Render thread/INFO]: [System] [CHAT] 성공적으로 블록 4개를 채웠습니다 [2]
[J] [16:17:27] [Render thread/INFO]: [System] [CHAT] 성공적으로 블록 4개를 채웠습니다 [3]
[J] [16:17:27] [Render thread/INFO]: [System] [CHAT] -2971, -38, 3019에 있는 블록을 바꿨습니다
[J] [16:17:27] [Render thread/INFO]: [System] [CHAT] 성공적으로 블록 3개를 채웠습니다
[J] [16:17:27] [Render thread/INFO]: [System] [CHAT] -2971, -32, 3019에 있는 블록을 바꿨습니다
[J] [16:17:27] [Render thread/INFO]: [System] [CHAT] 성공적으로 블록 4개를 채웠습니다 [4]
[J] [16:17:27] [Render thread/INFO]: [System] [CHAT] 성공적으로 블록 4개를 채웠습니다 [5]
[J] [16:17:27] [Render thread/INFO]: [System] [CHAT] 성공적으로 블록 4개를 채웠습니다 [6]
[J] [16:17:27] [Render thread/INFO]: [System] [CHAT] 성공적으로 블록 2개를 채웠습니다
[J] [16:17:27] [Render thread/INFO]: [System] [CHAT] -2971, -52, 3020에 있는 블록을 바꿨습니다
[J] [16:17:27] [Render thread/INFO]: [System] [CHAT] -2971, -51, 3020에 있는 블록을 바꿨습니다
[J] [16:17:27] [Render thread/INFO]: [System] [CHAT] 성공적으로 블록 10개를 채웠습니다
[J] [16:17:27] [Render thread/INFO]: [System] [CHAT] -2971, -40, 3020에 있는 블록을 바꿨습니다
[J] [16:17:27] [Render thread/INFO]: [System] [CHAT] -2971, -39, 3020에 있는 블록을 바꿨습니다
[J] [16:17:27] [Render thread/INFO]: [System] [CHAT] 성공적으로 블록 4개를 채웠습니다
[J] [16:17:27] [Render thread/INFO]: [System] [CHAT] -2971, -33, 3020에 있는 블록을 바꿨습니다
[J] [16:17:27] [Render thread/INFO]: [System] [CHAT] 성공적으로 블록 4개를 채웠습니다 [2]
[J] [16:17:27] [Render thread/INFO]: [System] [CHAT] 성공적으로 블록 4개를 채웠습니다 [3]
[J] [16:17:27] [Render thread/INFO]: [System] [CHAT] -2971, -29, 3020에 있는 블록을 바꿨습니다
[J] [16:17:27] [Render thread/INFO]: [System] [CHAT] -2971, -52, 3021에 있는 블록을 바꿨습니다
[J] [16:17:27] [Render thread/INFO]: [System] [CHAT] -2971, -51, 3021에 있는 블록을 바꿨습니다
[J] [16:17:27] [Render thread/INFO]: [System] [CHAT] -2971, -50, 3021에 있는 블록을 바꿨습니다
[J] [16:17:27] [Render thread/INFO]: [System] [CHAT] 성공적으로 블록 4개를 채웠습니다 [4]
[J] [16:17:27] [Render thread/INFO]: [System] [CHAT] 성공적으로 블록 3개를 채웠습니다
[J] [16:17:27] [Render thread/INFO]: [System] [CHAT] -2971, -29, 3021에 있는 블록을 바꿨습니다
[J] [16:17:27] [Render thread/INFO]: [System] [CHAT] 성공적으로 블록 2개를 채웠습니다
[J] [16:17:27] [Render thread/INFO]: [System] [CHAT] -2971, -26, 3021에 있는 블록을 바꿨습니다
[J] [16:17:27] [Render thread/INFO]: [System] [CHAT] -2971, -28, 3022에 있는 블록을 바꿨습니다
[J] [16:17:27] [Render thread/INFO]: [System] [CHAT] -2971, -27, 3022에 있는 블록을 바꿨습니다
[J] [16:17:27] [Render thread/INFO]: [System] [CHAT] -2971, -26, 3022에 있는 블록을 바꿨습니다
[J] [16:17:27] [Render thread/INFO]: [System] [CHAT] 성공적으로 블록 2개를 채웠습니다 [2]
[J] [16:17:27] [Render thread/INFO]: [System] [CHAT] 성공적으로 블록 2개를 채웠습니다 [3]
[J] [16:17:27] [Render thread/INFO]: [System] [CHAT] -2970, -51, 3008에 있는 블록을 바꿨습니다
[J] [16:17:27] [Render thread/INFO]: [System] [CHAT] 성공적으로 블록 10개를 채웠습니다
[J] [16:17:27] [Render thread/INFO]: [System] [CHAT] -2970, -49, 3008에 있는 블록을 바꿨습니다
[J] [16:17:27] [Render thread/INFO]: [System] [CHAT] 성공적으로 블록 6개를 채웠습니다
[J] [16:17:27] [Render thread/INFO]: [System] [CHAT] -2970, -42, 3008에 있는 블록을 바꿨습니다
[J] [16:17:27] [Render thread/INFO]: [System] [CHAT] -2970, -41, 3008에 있는 블록을 바꿨습니다
[J] [16:17:27] [Render thread/INFO]: [System] [CHAT] 성공적으로 블록 9개를 채웠습니다
[J] [16:17:27] [Render thread/INFO]: [System] [CHAT] 성공적으로 블록 80개를 채웠습니다
[J] [16:17:27] [Render thread/INFO]: [System] [CHAT] 성공적으로 블록 16개를 채웠습니다
[J] [16:17:27] [Render thread/INFO]: [System] [CHAT] 성공적으로 블록 5개를 채웠습니다
[J] [16:17:27] [Render thread/INFO]: [System] [CHAT] 성공적으로 블록 5개를 채웠습니다 [2]
[J] [16:17:27] [Render thread/INFO]: [System] [CHAT] -2970, -20, 3008에 있는 블록을 바꿨습니다
[J] [16:17:27] [Render thread/INFO]: [System] [CHAT] -2970, -13, 3008에 있는 블록을 바꿨습니다
[J] [16:17:27] [Render thread/INFO]: [System] [CHAT] 성공적으로 블록 3개를 채웠습니다
[J] [16:17:27] [Render thread/INFO]: [System] [CHAT] 성공적으로 블록 3개를 채웠습니다 [2]
[J] [16:17:27] [Render thread/INFO]: [System] [CHAT] 성공적으로 블록 9개를 채웠습니다
[J] [16:17:27] [Render thread/INFO]: [System] [CHAT] -2970, -21, 3009에 있는 블록을 바꿨습니다
[J] [16:17:27] [Render thread/INFO]: [System] [CHAT] -2970, -20, 3009에 있는 블록을 바꿨습니다
[J] [16:17:27] [Render thread/INFO]: [System] [CHAT] -2970, -53, 3010에 있는 블록을 바꿨습니다
[J] [16:17:27] [Render thread/INFO]: [System] [CHAT] -2970, -52, 3010에 있는 블록을 바꿨습니다
[J] [16:17:27] [Render thread/INFO]: [System] [CHAT] 성공적으로 블록 2개를 채웠습니다
[J] [16:17:27] [Render thread/INFO]: [System] [CHAT] -2970, -49, 3010에 있는 블록을 바꿨습니다
[J] [16:17:27] [Render thread/INFO]: [System] [CHAT] 성공적으로 블록 6개를 채웠습니다
[J] [16:17:27] [Render thread/INFO]: [System] [CHAT] -2970, -42, 3010에 있는 블록을 바꿨습니다
[J] [16:17:27] [Render thread/INFO]: [System] [CHAT] -2970, -41, 3010에 있는 블록을 바꿨습니다
[J] [16:17:27] [Render thread/INFO]: [System] [CHAT] -2970, -26, 3010에 있는 블록을 바꿨습니다
[J] [16:17:27] [Render thread/INFO]: [System] [CHAT] -2970, -24, 3010에 있는 블록을 바꿨습니다
[J] [16:17:27] [Render thread/INFO]: [System] [CHAT] 성공적으로 블록 8개를 채웠습니다
[J] [16:17:27] [Render thread/INFO]: [System] [CHAT] 성공적으로 블록 3개를 채웠습니다
[J] [16:17:27] [Render thread/INFO]: [System] [CHAT] -2970, -52, 3011에 있는 블록을 바꿨습니다
[J] [16:17:27] [Render thread/INFO]: [System] [CHAT] 성공적으로 블록 9개를 채웠습니다
[J] [16:17:27] [Render thread/INFO]: [System] [CHAT] -2970, -21, 3011에 있는 블록을 바꿨습니다
[J] [16:17:27] [Render thread/INFO]: [System] [CHAT] -2970, -20, 3011에 있는 블록을 바꿨습니다
[J] [16:17:27] [Render thread/INFO]: [System] [CHAT] -2970, -53, 3012에 있는 블록을 바꿨습니다
[J] [16:17:27] [Render thread/INFO]: [System] [CHAT] -2970, -51, 3012에 있는 블록을 바꿨습니다
[J] [16:17:27] [Render thread/INFO]: [System] [CHAT] -2970, -49, 3012에 있는 블록을 바꿨습니다
[J] [16:17:27] [Render thread/INFO]: [System] [CHAT] 성공적으로 블록 6개를 채웠습니다
[J] [16:17:27] [Render thread/INFO]: [System] [CHAT] -2970, -42, 3012에 있는 블록을 바꿨습니다
[J] [16:17:27] [Render thread/INFO]: [System] [CHAT] -2970, -41, 3012에 있는 블록을 바꿨습니다
[J] [16:17:27] [Render thread/INFO]: [System] [CHAT] -2970, -26, 3012에 있는 블록을 바꿨습니다
[J] [16:17:27] [Render thread/INFO]: [System] [CHAT] -2970, -24, 3012에 있는 블록을 바꿨습니다
[J] [16:17:27] [Render thread/INFO]: [System] [CHAT] 성공적으로 블록 8개를 채웠습니다
[J] [16:17:27] [Render thread/INFO]: [System] [CHAT] 성공적으로 블록 3개를 채웠습니다
[J] [16:17:27] [Render thread/INFO]: [System] [CHAT] 성공적으로 블록 3개를 채웠습니다 [2]
[J] [16:17:27] [Render thread/INFO]: [System] [CHAT] -2970, -51, 3013에 있는 블록을 바꿨습니다
[J] [16:17:27] [Render thread/INFO]: [System] [CHAT] 성공적으로 블록 9개를 채웠습니다
[J] [16:17:27] [Render thread/INFO]: [System] [CHAT] 성공적으로 블록 3개를 채웠습니다 [3]
[J] [16:17:27] [Render thread/INFO]: [System] [CHAT] 성공적으로 블록 8개를 채웠습니다 [2]
[J] [16:17:27] [Render thread/INFO]: [System] [CHAT] -2970, -53, 3014에 있는 블록을 바꿨습니다
[J] [16:17:27] [Render thread/INFO]: [System] [CHAT] -2970, -49, 3014에 있는 블록을 바꿨습니다
[J] [16:17:27] [Render thread/INFO]: [System] [CHAT] 성공적으로 블록 6개를 채웠습니다
[J] [16:17:27] [Render thread/INFO]: [System] [CHAT] -2970, -42, 3014에 있는 블록을 바꿨습니다
[J] [16:17:27] [Render thread/INFO]: [System] [CHAT] -2970, -41, 3014에 있는 블록을 바꿨습니다
[J] [16:17:27] [Render thread/INFO]: [System] [CHAT] -2970, -26, 3014에 있는 블록을 바꿨습니다
[J] [16:17:27] [Render thread/INFO]: [System] [CHAT] 성공적으로 블록 9개를 채웠습니다
[J] [16:17:27] [Render thread/INFO]: [System] [CHAT] 성공적으로 블록 4개를 채웠습니다
[J] [16:17:27] [Render thread/INFO]: [System] [CHAT] 성공적으로 블록 9개를 채웠습니다 [2]
[J] [16:17:27] [Render thread/INFO]: [System] [CHAT] 성공적으로 블록 10개를 채웠습니다
[J] [16:17:27] [Render thread/INFO]: [System] [CHAT] 성공적으로 블록 3개를 채웠습니다
[J] [16:17:27] [Render thread/INFO]: [System] [CHAT] 성공적으로 블록 9개를 채웠습니다 [3]
[J] [16:17:27] [Render thread/INFO]: [System] [CHAT] 성공적으로 블록 5개를 채웠습니다
[J] [16:17:27] [Render thread/INFO]: [System] [CHAT] -2970, -26, 3015에 있는 블록을 바꿨습니다
[J] [16:17:27] [Render thread/INFO]: [System] [CHAT] -2970, -53, 3016에 있는 블록을 바꿨습니다
[J] [16:17:27] [Render thread/INFO]: [System] [CHAT] -2970, -49, 3016에 있는 블록을 바꿨습니다
[J] [16:17:27] [Render thread/INFO]: [System] [CHAT] 성공적으로 블록 6개를 채웠습니다
[J] [16:17:27] [Render thread/INFO]: [System] [CHAT] -2970, -42, 3016에 있는 블록을 바꿨습니다
[J] [16:17:27] [Render thread/INFO]: [System] [CHAT] -2970, -41, 3016에 있는 블록을 바꿨습니다
[J] [16:17:27] [Render thread/INFO]: [System] [CHAT] 성공적으로 블록 2개를 채웠습니다
[J] [16:17:27] [Render thread/INFO]: [System] [CHAT] 성공적으로 블록 12개를 채웠습니다
[J] [16:17:27] [Render thread/INFO]: [System] [CHAT] 성공적으로 블록 7개를 채웠습니다
[J] [16:17:27] [Render thread/INFO]: [System] [CHAT] -2970, -53, 3017에 있는 블록을 바꿨습니다
[J] [16:17:27] [Render thread/INFO]: [System] [CHAT] 성공적으로 블록 2개를 채웠습니다 [2]
[J] [16:17:27] [Render thread/INFO]: [System] [CHAT] 성공적으로 블록 9개를 채웠습니다
[J] [16:17:27] [Render thread/INFO]: [System] [CHAT] 성공적으로 블록 2개를 채웠습니다 [3]
[J] [16:17:27] [Render thread/INFO]: [System] [CHAT] 성공적으로 블록 8개를 채웠습니다
[J] [16:17:27] [Render thread/INFO]: [System] [CHAT] 성공적으로 블록 4개를 채웠습니다
[J] [16:17:27] [Render thread/INFO]: [System] [CHAT] 성공적으로 블록 2개를 채웠습니다 [4]
[J] [16:17:27] [Render thread/INFO]: [System] [CHAT] 성공적으로 블록 4개를 채웠습니다 [2]
[J] [16:17:27] [Render thread/INFO]: [System] [CHAT] -2970, -28, 3017에 있는 블록을 바꿨습니다
[J] [16:17:27] [Render thread/INFO]: [System] [CHAT] 성공적으로 블록 2개를 채웠습니다 [5]
[J] [16:17:27] [Render thread/INFO]: [System] [CHAT] 성공적으로 블록 2개를 채웠습니다 [6]
[J] [16:17:27] [Render thread/INFO]: [System] [CHAT] -2970, -50, 3018에 있는 블록을 바꿨습니다
[J] [16:17:27] [Render thread/INFO]: [System] [CHAT] -2970, -49, 3018에 있는 블록을 바꿨습니다
[J] [16:17:27] [Render thread/INFO]: [System] [CHAT] -2970, -48, 3018에 있는 블록을 바꿨습니다
[J] [16:17:27] [Render thread/INFO]: [System] [CHAT] -2970, -47, 3018에 있는 블록을 바꿨습니다
[J] [16:17:27] [Render thread/INFO]: [System] [CHAT] -2970, -46, 3018에 있는 블록을 바꿨습니다
[J] [16:17:27] [Render thread/INFO]: [System] [CHAT] 성공적으로 블록 4개를 채웠습니다
[J] [16:17:27] [Render thread/INFO]: [System] [CHAT] -2970, -41, 3018에 있는 블록을 바꿨습니다
[J] [16:17:27] [Render thread/INFO]: [System] [CHAT] 성공적으로 블록 2개를 채웠습니다
[J] [16:17:27] [Render thread/INFO]: [System] [CHAT] 성공적으로 블록 2개를 채웠습니다 [2]
[J] [16:17:27] [Render thread/INFO]: [System] [CHAT] 성공적으로 블록 2개를 채웠습니다 [3]
[J] [16:17:27] [Render thread/INFO]: [System] [CHAT] 성공적으로 블록 6개를 채웠습니다
[J] [16:17:27] [Render thread/INFO]: [System] [CHAT] -2970, -52, 3019에 있는 블록을 바꿨습니다
[J] [16:17:27] [Render thread/INFO]: [System] [CHAT] 성공적으로 블록 3개를 채웠습니다
[J] [16:17:27] [Render thread/INFO]: [System] [CHAT] -2970, -41, 3019에 있는 블록을 바꿨습니다
[J] [16:17:27] [Render thread/INFO]: [System] [CHAT] 성공적으로 블록 2개를 채웠습니다 [4]
[J] [16:17:27] [Render thread/INFO]: [System] [CHAT] 성공적으로 블록 6개를 채웠습니다 [2]
[J] [16:17:27] [Render thread/INFO]: [System] [CHAT] 성공적으로 블록 2개를 채웠습니다 [5]
[J] [16:17:27] [Render thread/INFO]: [System] [CHAT] -2970, -33, 3019에 있는 블록을 바꿨습니다
[J] [16:17:27] [Render thread/INFO]: [System] [CHAT] -2970, -32, 3019에 있는 블록을 바꿨습니다
[J] [16:17:27] [Render thread/INFO]: [System] [CHAT] -2970, -28, 3019에 있는 블록을 바꿨습니다
[J] [16:17:27] [Render thread/INFO]: [System] [CHAT] 성공적으로 블록 2개를 채웠습니다 [6]
[J] [16:17:27] [Render thread/INFO]: [System] [CHAT] -2970, -53, 3020에 있는 블록을 바꿨습니다
[J] [16:17:27] [Render thread/INFO]: [System] [CHAT] 성공적으로 블록 3개를 채웠습니다
[J] [16:17:27] [Render thread/INFO]: [System] [CHAT] 성공적으로 블록 2개를 채웠습니다 [7]
[J] [16:17:27] [Render thread/INFO]: [System] [CHAT] 성공적으로 블록 4개를 채웠습니다
[J] [16:17:27] [Render thread/INFO]: [System] [CHAT] -2970, -40, 3020에 있는 블록을 바꿨습니다
[J] [16:17:28] [Render thread/INFO]: [System] [CHAT] -2970, -39, 3020에 있는 블록을 바꿨습니다
[J] [16:17:28] [Render thread/INFO]: [System] [CHAT] 성공적으로 블록 8개를 채웠습니다
[J] [16:17:28] [Render thread/INFO]: [System] [CHAT] 성공적으로 블록 2개를 채웠습니다 [8]
[J] [16:17:28] [Render thread/INFO]: [System] [CHAT] 성공적으로 블록 4개를 채웠습니다 [2]
[J] [16:17:28] [Render thread/INFO]: [System] [CHAT] 성공적으로 블록 2개를 채웠습니다 [9]
[J] [16:17:28] [Render thread/INFO]: [System] [CHAT] -2970, -53, 3021에 있는 블록을 바꿨습니다
[J] [16:17:28] [Render thread/INFO]: [System] [CHAT] -2970, -51, 3021에 있는 블록을 바꿨습니다
[J] [16:17:28] [Render thread/INFO]: [System] [CHAT] 성공적으로 블록 2개를 채웠습니다 [10]
[J] [16:17:28] [Render thread/INFO]: [System] [CHAT] -2970, -40, 3021에 있는 블록을 바꿨습니다
[J] [16:17:28] [Render thread/INFO]: [System] [CHAT] -2970, -39, 3021에 있는 블록을 바꿨습니다
[J] [16:17:28] [Render thread/INFO]: [System] [CHAT] 성공적으로 블록 2개를 채웠습니다 [11]
[J] [16:17:28] [Render thread/INFO]: [System] [CHAT] -2970, -27, 3022에 있는 블록을 바꿨습니다
[J] [16:17:28] [Render thread/INFO]: [System] [CHAT] -2970, -26, 3022에 있는 블록을 바꿨습니다
[J] [16:17:28] [Render thread/INFO]: [System] [CHAT] 성공적으로 블록 2개를 채웠습니다 [12]
[J] [16:17:28] [Render thread/INFO]: [System] [CHAT] -2970, -25, 3023에 있는 블록을 바꿨습니다
[J] [16:17:28] [Render thread/INFO]: [System] [CHAT] -2970, -24, 3023에 있는 블록을 바꿨습니다
[J] [16:17:28] [Render thread/INFO]: [System] [CHAT] -2970, -23, 3023에 있는 블록을 바꿨습니다
[J] [16:17:28] [Render thread/INFO]: [System] [CHAT] 성공적으로 블록 6개를 채웠습니다
[J] [16:17:28] [Render thread/INFO]: [System] [CHAT] -2969, -51, 3008에 있는 블록을 바꿨습니다
[J] [16:17:28] [Render thread/INFO]: [System] [CHAT] 성공적으로 블록 18개를 채웠습니다
[J] [16:17:28] [Render thread/INFO]: [System] [CHAT] 성공적으로 블록 128개를 채웠습니다
[J] [16:17:28] [Render thread/INFO]: [System] [CHAT] 성공적으로 블록 72개를 채웠습니다
[J] [16:17:28] [Render thread/INFO]: [System] [CHAT] 성공적으로 블록 14개를 채웠습니다
[J] [16:17:28] [Render thread/INFO]: [System] [CHAT] 성공적으로 블록 144개를 채웠습니다
[J] [16:17:28] [Render thread/INFO]: [System] [CHAT] 성공적으로 블록 144개를 채웠습니다 [2]
[J] [16:17:28] [Render thread/INFO]: [System] [CHAT] 성공적으로 블록 7개를 채웠습니다
[J] [16:17:28] [Render thread/INFO]: [System] [CHAT] -2969, -24, 3008에 있는 블록을 바꿨습니다
[J] [16:17:28] [Render thread/INFO]: [System] [CHAT] 성공적으로 블록 5개를 채웠습니다
[J] [16:17:28] [Render thread/INFO]: [System] [CHAT] 성공적으로 블록 5개를 채웠습니다 [2]
[J] [16:17:28] [Render thread/INFO]: [System] [CHAT] -2969, -21, 3008에 있는 블록을 바꿨습니다
[J] [16:17:28] [Render thread/INFO]: [System] [CHAT] 성공적으로 블록 2개를 채웠습니다
[J] [16:17:28] [Render thread/INFO]: [System] [CHAT] -2969, -13, 3008에 있는 블록을 바꿨습니다
[J] [16:17:28] [Render thread/INFO]: [System] [CHAT] 성공적으로 블록 2개를 채웠습니다 [2]
[J] [16:17:28] [Render thread/INFO]: [System] [CHAT] 성공적으로 블록 2개를 채웠습니다 [3]
[J] [16:17:28] [Render thread/INFO]: [System] [CHAT] -2969, -24, 3009에 있는 블록을 바꿨습니다
[J] [16:17:28] [Render thread/INFO]: [System] [CHAT] 성공적으로 블록 2개를 채웠습니다 [4]
[J] [16:17:28] [Render thread/INFO]: [System] [CHAT] -2969, -53, 3010에 있는 블록을 바꿨습니다
[J] [16:17:28] [Render thread/INFO]: [System] [CHAT] 성공적으로 블록 3개를 채웠습니다
[J] [16:17:28] [Render thread/INFO]: [System] [CHAT] -2969, -51, 3010에 있는 블록을 바꿨습니다
[J] [16:17:28] [Render thread/INFO]: [System] [CHAT] 성공적으로 블록 3개를 채웠습니다 [2]
[J] [16:17:28] [Render thread/INFO]: [System] [CHAT] 성공적으로 블록 2개를 채웠습니다 [5]
[J] [16:17:28] [Render thread/INFO]: [System] [CHAT] -2969, -51, 3011에 있는 블록을 바꿨습니다
[J] [16:17:28] [Render thread/INFO]: [System] [CHAT] 성공적으로 블록 2개를 채웠습니다 [6]
[J] [16:17:28] [Render thread/INFO]: [System] [CHAT] -2969, -24, 3011에 있는 블록을 바꿨습니다
[J] [16:17:28] [Render thread/INFO]: [System] [CHAT] 성공적으로 블록 2개를 채웠습니다 [7]
[J] [16:17:28] [Render thread/INFO]: [System] [CHAT] 성공적으로 블록 2개를 채웠습니다 [8]
[J] [16:17:28] [Render thread/INFO]: [System] [CHAT] 성공적으로 블록 2개를 채웠습니다 [9]
[J] [16:17:28] [Render thread/INFO]: [System] [CHAT] 성공적으로 블록 6개를 채웠습니다
[J] [16:17:28] [Render thread/INFO]: [System] [CHAT] 성공적으로 블록 2개를 채웠습니다 [10]
[J] [16:17:28] [Render thread/INFO]: [System] [CHAT] 성공적으로 블록 2개를 채웠습니다 [11]
[J] [16:17:28] [Render thread/INFO]: [System] [CHAT] 성공적으로 블록 2개를 채웠습니다 [12]
[J] [16:17:28] [Render thread/INFO]: [System] [CHAT] -2969, -53, 3014에 있는 블록을 바꿨습니다
[J] [16:17:28] [Render thread/INFO]: [System] [CHAT] -2969, -52, 3014에 있는 블록을 바꿨습니다
[J] [16:17:28] [Render thread/INFO]: [System] [CHAT] 성공적으로 블록 2개를 채웠습니다 [13]
[J] [16:17:28] [Render thread/INFO]: [System] [CHAT] 성공적으로 블록 9개를 채웠습니다
[J] [16:17:28] [Render thread/INFO]: [System] [CHAT] 성공적으로 블록 5개를 채웠습니다
[J] [16:17:28] [Render thread/INFO]: [System] [CHAT] -2969, -51, 3015에 있는 블록을 바꿨습니다
[J] [16:17:28] [Render thread/INFO]: [System] [CHAT] 성공적으로 블록 3개를 채웠습니다
[J] [16:17:28] [Render thread/INFO]: [System] [CHAT] 성공적으로 블록 2개를 채웠습니다 [14]
[J] [16:17:28] [Render thread/INFO]: [System] [CHAT] 성공적으로 블록 2개를 채웠습니다 [15]
[J] [16:17:28] [Render thread/INFO]: [System] [CHAT] 성공적으로 블록 4개를 채웠습니다
[J] [16:17:28] [Render thread/INFO]: [System] [CHAT] 성공적으로 블록 2개를 채웠습니다 [16]
[J] [16:17:28] [Render thread/INFO]: [System] [CHAT] 성공적으로 블록 7개를 채웠습니다
[J] [16:17:28] [Render thread/INFO]: [System] [CHAT] 성공적으로 블록 7개를 채웠습니다 [2]
[J] [16:17:28] [Render thread/INFO]: [System] [CHAT] -2969, -53, 3017에 있는 블록을 바꿨습니다
[J] [16:17:28] [Render thread/INFO]: [System] [CHAT] -2969, -52, 3017에 있는 블록을 바꿨습니다
[J] [16:17:28] [Render thread/INFO]: [System] [CHAT] -2969, -51, 3017에 있는 블록을 바꿨습니다
[J] [16:17:28] [Render thread/INFO]: [System] [CHAT] 성공적으로 블록 4개를 채웠습니다
[J] [16:17:28] [Render thread/INFO]: [System] [CHAT] -2969, -49, 3017에 있는 블록을 바꿨습니다
[J] [16:17:28] [Render thread/INFO]: [System] [CHAT] 성공적으로 블록 10개를 채웠습니다
[J] [16:17:28] [Render thread/INFO]: [System] [CHAT] -2969, -43, 3017에 있는 블록을 바꿨습니다
[J] [16:17:28] [Render thread/INFO]: [System] [CHAT] 성공적으로 블록 2개를 채웠습니다
[J] [16:17:28] [Render thread/INFO]: [System] [CHAT] 성공적으로 블록 2개를 채웠습니다 [2]
[J] [16:17:28] [Render thread/INFO]: [System] [CHAT] -2969, -52, 3018에 있는 블록을 바꿨습니다
[J] [16:17:28] [Render thread/INFO]: [System] [CHAT] 성공적으로 블록 2개를 채웠습니다 [3]
[J] [16:17:28] [Render thread/INFO]: [System] [CHAT] 성공적으로 블록 2개를 채웠습니다 [4]
[J] [16:17:28] [Render thread/INFO]: [System] [CHAT] 성공적으로 블록 12개를 채웠습니다
[J] [16:17:28] [Render thread/INFO]: [System] [CHAT] -2969, -41, 3018에 있는 블록을 바꿨습니다
[J] [16:17:28] [Render thread/INFO]: [System] [CHAT] 성공적으로 블록 6개를 채웠습니다
[J] [16:17:28] [Render thread/INFO]: [System] [CHAT] 성공적으로 블록 2개를 채웠습니다 [5]
[J] [16:17:28] [Render thread/INFO]: [System] [CHAT] -2969, -33, 3019에 있는 블록을 바꿨습니다
[J] [16:17:28] [Render thread/INFO]: [System] [CHAT] -2969, -32, 3019에 있는 블록을 바꿨습니다
[J] [16:17:28] [Render thread/INFO]: [System] [CHAT] -2969, -28, 3019에 있는 블록을 바꿨습니다
[J] [16:17:28] [Render thread/INFO]: [System] [CHAT] -2969, -53, 3020에 있는 블록을 바꿨습니다
[J] [16:17:28] [Render thread/INFO]: [System] [CHAT] -2969, -52, 3020에 있는 블록을 바꿨습니다
[J] [16:17:28] [Render thread/INFO]: [System] [CHAT] 성공적으로 블록 2개를 채웠습니다
[J] [16:17:28] [Render thread/INFO]: [System] [CHAT] 성공적으로 블록 2개를 채웠습니다 [2]
[J] [16:17:28] [Render thread/INFO]: [System] [CHAT] 성공적으로 블록 4개를 채웠습니다
[J] [16:17:28] [Render thread/INFO]: [System] [CHAT] 성공적으로 블록 2개를 채웠습니다 [3]
[J] [16:17:28] [Render thread/INFO]: [System] [CHAT] -2969, -52, 3021에 있는 블록을 바꿨습니다
[J] [16:17:28] [Render thread/INFO]: [System] [CHAT] -2969, -51, 3021에 있는 블록을 바꿨습니다
[J] [16:17:28] [Render thread/INFO]: [System] [CHAT] 성공적으로 블록 2개를 채웠습니다 [4]
[J] [16:17:28] [Render thread/INFO]: [System] [CHAT] -2969, -27, 3022에 있는 블록을 바꿨습니다
[J] [16:17:28] [Render thread/INFO]: [System] [CHAT] -2969, -26, 3022에 있는 블록을 바꿨습니다
[J] [16:17:28] [Render thread/INFO]: [System] [CHAT] 성공적으로 블록 2개를 채웠습니다 [5]
[J] [16:17:28] [Render thread/INFO]: [System] [CHAT] -2969, -25, 3023에 있는 블록을 바꿨습니다
[J] [16:17:28] [Render thread/INFO]: [System] [CHAT] -2969, -24, 3023에 있는 블록을 바꿨습니다
[J] [16:17:28] [Render thread/INFO]: [System] [CHAT] -2969, -22, 3023에 있는 블록을 바꿨습니다
[J] [16:17:28] [Render thread/INFO]: [System] [CHAT] -2969, -21, 3023에 있는 블록을 바꿨습니다
[J] [16:17:28] [Render thread/INFO]: [System] [CHAT] 성공적으로 블록 2개를 채웠습니다 [6]
[J] [16:17:28] [Render thread/INFO]: [System] [CHAT] -2968, -51, 3008에 있는 블록을 바꿨습니다
[J] [16:17:28] [Render thread/INFO]: [System] [CHAT] 성공적으로 블록 6개를 채웠습니다
[J] [16:17:28] [Render thread/INFO]: [System] [CHAT] 성공적으로 블록 2개를 채웠습니다 [7]
[J] [16:17:28] [Render thread/INFO]: [System] [CHAT] -2968, -13, 3008에 있는 블록을 바꿨습니다
[J] [16:17:28] [Render thread/INFO]: [System] [CHAT] -2968, -53, 3010에 있는 블록을 바꿨습니다
[J] [16:17:28] [Render thread/INFO]: [System] [CHAT] -2968, -51, 3010에 있는 블록을 바꿨습니다
[J] [16:17:28] [Render thread/INFO]: [System] [CHAT] 성공적으로 블록 4개를 채웠습니다
[J] [16:17:28] [Render thread/INFO]: [System] [CHAT] -2968, -51, 3011에 있는 블록을 바꿨습니다
[J] [16:17:28] [Render thread/INFO]: [System] [CHAT] 성공적으로 블록 3개를 채웠습니다
[J] [16:17:28] [Render thread/INFO]: [System] [CHAT] -2968, -21, 3011에 있는 블록을 바꿨습니다
[J] [16:17:28] [Render thread/INFO]: [System] [CHAT] -2968, -52, 3012에 있는 블록을 바꿨습니다
[J] [16:17:28] [Render thread/INFO]: [System] [CHAT] 성공적으로 블록 10개를 채웠습니다
[J] [16:17:28] [Render thread/INFO]: [System] [CHAT] 성공적으로 블록 2개를 채웠습니다
[J] [16:17:28] [Render thread/INFO]: [System] [CHAT] -2968, -52, 3014에 있는 블록을 바꿨습니다
[J] [16:17:28] [Render thread/INFO]: [System] [CHAT] -2968, -51, 3015에 있는 블록을 바꿨습니다
[J] [16:17:28] [Render thread/INFO]: [System] [CHAT] 성공적으로 블록 3개를 채웠습니다
[J] [16:17:28] [Render thread/INFO]: [System] [CHAT] -2968, -53, 3016에 있는 블록을 바꿨습니다
[J] [16:17:28] [Render thread/INFO]: [System] [CHAT] -2968, -52, 3016에 있는 블록을 바꿨습니다
[J] [16:17:28] [Render thread/INFO]: [System] [CHAT] 성공적으로 블록 10개를 채웠습니다
[J] [16:17:28] [Render thread/INFO]: [System] [CHAT] -2968, -25, 3016에 있는 블록을 바꿨습니다
[J] [16:17:28] [Render thread/INFO]: [System] [CHAT] -2968, -22, 3016에 있는 블록을 바꿨습니다
[J] [16:17:28] [Render thread/INFO]: [System] [CHAT] -2968, -53, 3017에 있는 블록을 바꿨습니다
[J] [16:17:28] [Render thread/INFO]: [System] [CHAT] -2968, -52, 3017에 있는 블록을 바꿨습니다
[J] [16:17:28] [Render thread/INFO]: [System] [CHAT] -2968, -51, 3017에 있는 블록을 바꿨습니다
[J] [16:17:28] [Render thread/INFO]: [System] [CHAT] -2968, -49, 3017에 있는 블록을 바꿨습니다
[J] [16:17:28] [Render thread/INFO]: [System] [CHAT] -2968, -43, 3017에 있는 블록을 바꿨습니다
[J] [16:17:28] [Render thread/INFO]: [System] [CHAT] 성공적으로 블록 4개를 채웠습니다
[J] [16:17:28] [Render thread/INFO]: [System] [CHAT] 성공적으로 블록 6개를 채웠습니다
[J] [16:17:28] [Render thread/INFO]: [System] [CHAT] 성공적으로 블록 10개를 채웠습니다
[J] [16:17:28] [Render thread/INFO]: [System] [CHAT] 성공적으로 블록 2개를 채웠습니다
[J] [16:17:28] [Render thread/INFO]: [System] [CHAT] -2968, -52, 3018에 있는 블록을 바꿨습니다
[J] [16:17:28] [Render thread/INFO]: [System] [CHAT] -2968, -41, 3018에 있는 블록을 바꿨습니다
[J] [16:17:28] [Render thread/INFO]: [System] [CHAT] -2968, -22, 3018에 있는 블록을 바꿨습니다
[J] [16:17:28] [Render thread/INFO]: [System] [CHAT] -2968, -38, 3019에 있는 블록을 바꿨습니다
[J] [16:17:28] [Render thread/INFO]: [System] [CHAT] 성공적으로 블록 3개를 채웠습니다
[J] [16:17:28] [Render thread/INFO]: [System] [CHAT] -2968, -32, 3019에 있는 블록을 바꿨습니다
[J] [16:17:28] [Render thread/INFO]: [System] [CHAT] 성공적으로 블록 4개를 채웠습니다
[J] [16:17:28] [Render thread/INFO]: [System] [CHAT] -2968, -52, 3020에 있는 블록을 바꿨습니다
[J] [16:17:28] [Render thread/INFO]: [System] [CHAT] -2968, -51, 3020에 있는 블록을 바꿨습니다
[J] [16:17:28] [Render thread/INFO]: [System] [CHAT] -2968, -33, 3020에 있는 블록을 바꿨습니다
[J] [16:17:28] [Render thread/INFO]: [System] [CHAT] -2968, -29, 3020에 있는 블록을 바꿨습니다
[J] [16:17:28] [Render thread/INFO]: [System] [CHAT] -2968, -22, 3020에 있는 블록을 바꿨습니다
[J] [16:17:28] [Render thread/INFO]: [System] [CHAT] -2968, -53, 3021에 있는 블록을 바꿨습니다
[J] [16:17:28] [Render thread/INFO]: [System] [CHAT] -2968, -52, 3021에 있는 블록을 바꿨습니다
[J] [16:17:28] [Render thread/INFO]: [System] [CHAT] -2968, -51, 3021에 있는 블록을 바꿨습니다
[J] [16:17:28] [Render thread/INFO]: [System] [CHAT] -2968, -50, 3021에 있는 블록을 바꿨습니다
[J] [16:17:28] [Render thread/INFO]: [System] [CHAT] -2968, -40, 3021에 있는 블록을 바꿨습니다
[J] [16:17:28] [Render thread/INFO]: [System] [CHAT] -2968, -39, 3021에 있는 블록을 바꿨습니다
[J] [16:17:28] [Render thread/INFO]: [System] [CHAT] -2968, -31, 3021에 있는 블록을 바꿨습니다
[J] [16:17:28] [Render thread/INFO]: [System] [CHAT] -2968, -29, 3021에 있는 블록을 바꿨습니다
[J] [16:17:28] [Render thread/INFO]: [System] [CHAT] 성공적으로 블록 2개를 채웠습니다
[J] [16:17:28] [Render thread/INFO]: [System] [CHAT] -2968, -26, 3021에 있는 블록을 바꿨습니다
[J] [16:17:28] [Render thread/INFO]: [System] [CHAT] 성공적으로 블록 3개를 채웠습니다
[J] [16:17:28] [Render thread/INFO]: [System] [CHAT] 성공적으로 블록 3개를 채웠습니다 [2]
[J] [16:17:28] [Render thread/INFO]: [System] [CHAT] -2968, -28, 3022에 있는 블록을 바꿨습니다
[J] [16:17:28] [Render thread/INFO]: [System] [CHAT] -2968, -27, 3022에 있는 블록을 바꿨습니다
[J] [16:17:28] [Render thread/INFO]: [System] [CHAT] -2968, -26, 3022에 있는 블록을 바꿨습니다
[J] [16:17:28] [Render thread/INFO]: [System] [CHAT] -2968, -20, 3022에 있는 블록을 바꿨습니다
[J] [16:17:28] [Render thread/INFO]: [System] [CHAT] -2968, -22, 3023에 있는 블록을 바꿨습니다
[J] [16:17:28] [Render thread/INFO]: [System] [CHAT] 성공적으로 블록 2개를 채웠습니다
[J] [16:17:29] [Render thread/INFO]: [System] [CHAT] -2968, -20, 3023에 있는 블록을 바꿨습니다
[J] [16:17:29] [Render thread/INFO]: [System] [CHAT] 성공적으로 블록 56개를 채웠습니다
[J] [16:17:29] [Render thread/INFO]: [System] [CHAT] 성공적으로 블록 56개를 채웠습니다 [2]
[J] [16:17:29] [Render thread/INFO]: [System] [CHAT] 성공적으로 블록 2개를 채웠습니다 [2]
[J] [16:17:29] [Render thread/INFO]: [System] [CHAT] -2967, -13, 3008에 있는 블록을 바꿨습니다
[J] [16:17:29] [Render thread/INFO]: [System] [CHAT] 성공적으로 블록 2개를 채웠습니다 [3]
[J] [16:17:29] [Render thread/INFO]: [System] [CHAT] -2967, -52, 3009에 있는 블록을 바꿨습니다
[J] [16:17:29] [Render thread/INFO]: [System] [CHAT] -2967, -53, 3011에 있는 블록을 바꿨습니다
[J] [16:17:29] [Render thread/INFO]: [System] [CHAT] -2967, -20, 3011에 있는 블록을 바꿨습니다
[J] [16:17:29] [Render thread/INFO]: [System] [CHAT] -2967, -53, 3012에 있는 블록을 바꿨습니다
[J] [16:17:29] [Render thread/INFO]: [System] [CHAT] -2967, -52, 3012에 있는 블록을 바꿨습니다
[J] [16:17:29] [Render thread/INFO]: [System] [CHAT] -2967, -53, 3013에 있는 블록을 바꿨습니다
[J] [16:17:29] [Render thread/INFO]: [System] [CHAT] 성공적으로 블록 3개를 채웠습니다
[J] [16:17:29] [Render thread/INFO]: [System] [CHAT] 성공적으로 블록 9개를 채웠습니다
[J] [16:17:29] [Render thread/INFO]: [System] [CHAT] -2967, -52, 3014에 있는 블록을 바꿨습니다
[J] [16:17:29] [Render thread/INFO]: [System] [CHAT] 성공적으로 블록 2개를 채웠습니다
[J] [16:17:29] [Render thread/INFO]: [System] [CHAT] 성공적으로 블록 2개를 채웠습니다 [2]
[J] [16:17:29] [Render thread/INFO]: [System] [CHAT] -2967, -53, 3015에 있는 블록을 바꿨습니다
[J] [16:17:29] [Render thread/INFO]: [System] [CHAT] -2967, -24, 3015에 있는 블록을 바꿨습니다
[J] [16:17:29] [Render thread/INFO]: [System] [CHAT] 성공적으로 블록 2개를 채웠습니다 [3]
[J] [16:17:29] [Render thread/INFO]: [System] [CHAT] -2967, -52, 3016에 있는 블록을 바꿨습니다
[J] [16:17:29] [Render thread/INFO]: [System] [CHAT] -2967, -51, 3016에 있는 블록을 바꿨습니다
[J] [16:17:29] [Render thread/INFO]: [System] [CHAT] -2967, -50, 3016에 있는 블록을 바꿨습니다
[J] [16:17:29] [Render thread/INFO]: [System] [CHAT] -2967, -49, 3016에 있는 블록을 바꿨습니다
[J] [16:17:29] [Render thread/INFO]: [System] [CHAT] 성공적으로 블록 5개를 채웠습니다
[J] [16:17:29] [Render thread/INFO]: [System] [CHAT] -2967, -43, 3016에 있는 블록을 바꿨습니다
[J] [16:17:29] [Render thread/INFO]: [System] [CHAT] 성공적으로 블록 7개를 채웠습니다
[J] [16:17:29] [Render thread/INFO]: [System] [CHAT] -2967, -41, 3016에 있는 블록을 바꿨습니다
[J] [16:17:29] [Render thread/INFO]: [System] [CHAT] 성공적으로 블록 7개를 채웠습니다 [2]
[J] [16:17:29] [Render thread/INFO]: [System] [CHAT] 성공적으로 블록 10개를 채웠습니다
[J] [16:17:29] [Render thread/INFO]: [System] [CHAT] 성공적으로 블록 21개를 채웠습니다
[J] [16:17:29] [Render thread/INFO]: [System] [CHAT] -2967, -30, 3016에 있는 블록을 바꿨습니다
[J] [16:17:29] [Render thread/INFO]: [System] [CHAT] 성공적으로 블록 5개를 채웠습니다
[J] [16:17:29] [Render thread/INFO]: [System] [CHAT] 성공적으로 블록 7개를 채웠습니다 [3]
[J] [16:17:29] [Render thread/INFO]: [System] [CHAT] -2967, -53, 3017에 있는 블록을 바꿨습니다
[J] [16:17:29] [Render thread/INFO]: [System] [CHAT] 성공적으로 블록 2개를 채웠습니다
[J] [16:17:29] [Render thread/INFO]: [System] [CHAT] -2967, -51, 3017에 있는 블록을 바꿨습니다
[J] [16:17:29] [Render thread/INFO]: [System] [CHAT] -2967, -50, 3017에 있는 블록을 바꿨습니다
[J] [16:17:29] [Render thread/INFO]: [System] [CHAT] 성공적으로 블록 9개를 채웠습니다
[J] [16:17:29] [Render thread/INFO]: [System] [CHAT] 성공적으로 블록 21개를 채웠습니다
[J] [16:17:29] [Render thread/INFO]: [System] [CHAT] 성공적으로 블록 6개를 채웠습니다
[J] [16:17:29] [Render thread/INFO]: [System] [CHAT] -2967, -34, 3017에 있는 블록을 바꿨습니다
[J] [16:17:29] [Render thread/INFO]: [System] [CHAT] 성공적으로 블록 28개를 채웠습니다
[J] [16:17:29] [Render thread/INFO]: [System] [CHAT] -2967, -28, 3017에 있는 블록을 바꿨습니다
[J] [16:17:29] [Render thread/INFO]: [System] [CHAT] 성공적으로 블록 7개를 채웠습니다
[J] [16:17:29] [Render thread/INFO]: [System] [CHAT] -2967, -51, 3018에 있는 블록을 바꿨습니다
[J] [16:17:29] [Render thread/INFO]: [System] [CHAT] -2967, -50, 3018에 있는 블록을 바꿨습니다
[J] [16:17:29] [Render thread/INFO]: [System] [CHAT] -2967, -49, 3018에 있는 블록을 바꿨습니다
[J] [16:17:29] [Render thread/INFO]: [System] [CHAT] -2967, -48, 3018에 있는 블록을 바꿨습니다
[J] [16:17:29] [Render thread/INFO]: [System] [CHAT] -2967, -47, 3018에 있는 블록을 바꿨습니다
[J] [16:17:29] [Render thread/INFO]: [System] [CHAT] -2967, -46, 3018에 있는 블록을 바꿨습니다
[J] [16:17:29] [Render thread/INFO]: [System] [CHAT] -2967, -43, 3018에 있는 블록을 바꿨습니다
[J] [16:17:29] [Render thread/INFO]: [System] [CHAT] 성공적으로 블록 2개를 채웠습니다
[J] [16:17:29] [Render thread/INFO]: [System] [CHAT] 성공적으로 블록 6개를 채웠습니다
[J] [16:17:29] [Render thread/INFO]: [System] [CHAT] 성공적으로 블록 2개를 채웠습니다 [2]
[J] [16:17:29] [Render thread/INFO]: [System] [CHAT] 성공적으로 블록 7개를 채웠습니다
[J] [16:17:29] [Render thread/INFO]: [System] [CHAT] -2967, -51, 3019에 있는 블록을 바꿨습니다
[J] [16:17:29] [Render thread/INFO]: [System] [CHAT] -2967, -42, 3019에 있는 블록을 바꿨습니다
[J] [16:17:29] [Render thread/INFO]: [System] [CHAT] -2967, -41, 3019에 있는 블록을 바꿨습니다
[J] [16:17:29] [Render thread/INFO]: [System] [CHAT] -2967, -40, 3019에 있는 블록을 바꿨습니다
[J] [16:17:29] [Render thread/INFO]: [System] [CHAT] -2967, -39, 3019에 있는 블록을 바꿨습니다
[J] [16:17:29] [Render thread/INFO]: [System] [CHAT] -2967, -38, 3019에 있는 블록을 바꿨습니다
[J] [16:17:29] [Render thread/INFO]: [System] [CHAT] 성공적으로 블록 7개를 채웠습니다
[J] [16:17:29] [Render thread/INFO]: [System] [CHAT] 성공적으로 블록 2개를 채웠습니다
[J] [16:17:29] [Render thread/INFO]: [System] [CHAT] 성공적으로 블록 7개를 채웠습니다 [2]
[J] [16:17:29] [Render thread/INFO]: [System] [CHAT] 성공적으로 블록 2개를 채웠습니다 [2]
[J] [16:17:29] [Render thread/INFO]: [System] [CHAT] -2967, -51, 3020에 있는 블록을 바꿨습니다
[J] [16:17:29] [Render thread/INFO]: [System] [CHAT] -2967, -43, 3020에 있는 블록을 바꿨습니다
[J] [16:17:29] [Render thread/INFO]: [System] [CHAT] 성공적으로 블록 7개를 채웠습니다 [3]
[J] [16:17:29] [Render thread/INFO]: [System] [CHAT] 성공적으로 블록 21개를 채웠습니다
[J] [16:17:29] [Render thread/INFO]: [System] [CHAT] 성공적으로 블록 8개를 채웠습니다
[J] [16:17:29] [Render thread/INFO]: [System] [CHAT] 성공적으로 블록 7개를 채웠습니다 [4]
[J] [16:17:29] [Render thread/INFO]: [System] [CHAT] -2967, -53, 3021에 있는 블록을 바꿨습니다
[J] [16:17:29] [Render thread/INFO]: [System] [CHAT] -2967, -51, 3021에 있는 블록을 바꿨습니다
[J] [16:17:29] [Render thread/INFO]: [System] [CHAT] 성공적으로 블록 3개를 채웠습니다
[J] [16:17:29] [Render thread/INFO]: [System] [CHAT] 성공적으로 블록 2개를 채웠습니다
[J] [16:17:29] [Render thread/INFO]: [System] [CHAT] 성공적으로 블록 2개를 채웠습니다 [2]
[J] [16:17:29] [Render thread/INFO]: [System] [CHAT] -2967, -31, 3021에 있는 블록을 바꿨습니다
[J] [16:17:29] [Render thread/INFO]: [System] [CHAT] -2967, -30, 3021에 있는 블록을 바꿨습니다
[J] [16:17:29] [Render thread/INFO]: [System] [CHAT] -2967, -29, 3021에 있는 블록을 바꿨습니다
[J] [16:17:29] [Render thread/INFO]: [System] [CHAT] -2967, -28, 3021에 있는 블록을 바꿨습니다
[J] [16:17:29] [Render thread/INFO]: [System] [CHAT] 성공적으로 블록 7개를 채웠습니다
[J] [16:17:29] [Render thread/INFO]: [System] [CHAT] 성공적으로 블록 2개를 채웠습니다
[J] [16:17:29] [Render thread/INFO]: [System] [CHAT] 성공적으로 블록 3개를 채웠습니다
[J] [16:17:29] [Render thread/INFO]: [System] [CHAT] 성공적으로 블록 9개를 채웠습니다
[J] [16:17:29] [Render thread/INFO]: [System] [CHAT] 성공적으로 블록 2개를 채웠습니다 [2]
[J] [16:17:29] [Render thread/INFO]: [System] [CHAT] -2967, -34, 3023에 있는 블록을 바꿨습니다
[J] [16:17:29] [Render thread/INFO]: [System] [CHAT] -2967, -33, 3023에 있는 블록을 바꿨습니다
[J] [16:17:29] [Render thread/INFO]: [System] [CHAT] -2967, -32, 3023에 있는 블록을 바꿨습니다
[J] [16:17:29] [Render thread/INFO]: [System] [CHAT] 성공적으로 블록 6개를 채웠습니다
[J] [16:17:29] [Render thread/INFO]: [System] [CHAT] -2967, -23, 3023에 있는 블록을 바꿨습니다
[J] [16:17:29] [Render thread/INFO]: [System] [CHAT] -2967, -22, 3023에 있는 블록을 바꿨습니다
[J] [16:17:29] [Render thread/INFO]: [System] [CHAT] -2967, -20, 3023에 있는 블록을 바꿨습니다
[J] [16:17:29] [Render thread/INFO]: [System] [CHAT] -2967, -19, 3023에 있는 블록을 바꿨습니다
[J] [16:17:29] [Render thread/INFO]: [System] [CHAT] -2966, -53, 3008에 있는 블록을 바꿨습니다
[J] [16:17:29] [Render thread/INFO]: [System] [CHAT] 성공적으로 블록 8개를 채웠습니다
[J] [16:17:29] [Render thread/INFO]: [System] [CHAT] 성공적으로 블록 14개를 채웠습니다
[J] [16:17:29] [Render thread/INFO]: [System] [CHAT] 성공적으로 블록 40개를 채웠습니다
[J] [16:17:29] [Render thread/INFO]: [System] [CHAT] 성공적으로 블록 2개를 채웠습니다
[J] [16:17:29] [Render thread/INFO]: [System] [CHAT] -2966, -13, 3008에 있는 블록을 바꿨습니다
[J] [16:17:29] [Render thread/INFO]: [System] [CHAT] 성공적으로 블록 2개를 채웠습니다 [2]
[J] [16:17:29] [Render thread/INFO]: [System] [CHAT] -2966, -52, 3009에 있는 블록을 바꿨습니다
[J] [16:17:29] [Render thread/INFO]: [System] [CHAT] -2966, -52, 3010에 있는 블록을 바꿨습니다
[J] [16:17:29] [Render thread/INFO]: [System] [CHAT] 성공적으로 블록 2개를 채웠습니다 [3]
[J] [16:17:29] [Render thread/INFO]: [System] [CHAT] -2966, -53, 3011에 있는 블록을 바꿨습니다
[J] [16:17:29] [Render thread/INFO]: [System] [CHAT] 성공적으로 블록 2개를 채웠습니다 [4]
[J] [16:17:29] [Render thread/INFO]: [System] [CHAT] -2966, -52, 3012에 있는 블록을 바꿨습니다
[J] [16:17:29] [Render thread/INFO]: [System] [CHAT] 성공적으로 블록 10개를 채웠습니다
[J] [16:17:29] [Render thread/INFO]: [System] [CHAT] 성공적으로 블록 11개를 채웠습니다
[J] [16:17:29] [Render thread/INFO]: [System] [CHAT] 성공적으로 블록 4개를 채웠습니다
[J] [16:17:29] [Render thread/INFO]: [System] [CHAT] 성공적으로 블록 2개를 채웠습니다 [5]
[J] [16:17:29] [Render thread/INFO]: [System] [CHAT] 성공적으로 블록 2개를 채웠습니다 [6]
[J] [16:17:29] [Render thread/INFO]: [System] [CHAT] -2966, -52, 3016에 있는 블록을 바꿨습니다
[J] [16:17:29] [Render thread/INFO]: [System] [CHAT] 성공적으로 블록 12개를 채웠습니다
[J] [16:17:29] [Render thread/INFO]: [System] [CHAT] 성공적으로 블록 6개를 채웠습니다
[J] [16:17:29] [Render thread/INFO]: [System] [CHAT] -2966, -43, 3016에 있는 블록을 바꿨습니다
[J] [16:17:29] [Render thread/INFO]: [System] [CHAT] -2966, -41, 3016에 있는 블록을 바꿨습니다
[J] [16:17:29] [Render thread/INFO]: [System] [CHAT] 성공적으로 블록 24개를 채웠습니다
[J] [16:17:29] [Render thread/INFO]: [System] [CHAT] 성공적으로 블록 48개를 채웠습니다
[J] [16:17:29] [Render thread/INFO]: [System] [CHAT] 성공적으로 블록 2개를 채웠습니다
[J] [16:17:29] [Render thread/INFO]: [System] [CHAT] 성공적으로 블록 2개를 채웠습니다 [2]
[J] [16:17:29] [Render thread/INFO]: [System] [CHAT] 성공적으로 블록 5개를 채웠습니다
[J] [16:17:29] [Render thread/INFO]: [System] [CHAT] -2966, -45, 3017에 있는 블록을 바꿨습니다
[J] [16:17:29] [Render thread/INFO]: [System] [CHAT] -2966, -44, 3017에 있는 블록을 바꿨습니다
[J] [16:17:29] [Render thread/INFO]: [System] [CHAT] 성공적으로 블록 2개를 채웠습니다 [3]
[J] [16:17:29] [Render thread/INFO]: [System] [CHAT] -2966, -42, 3017에 있는 블록을 바꿨습니다
[J] [16:17:29] [Render thread/INFO]: [System] [CHAT] 성공적으로 블록 2개를 채웠습니다 [4]
[J] [16:17:29] [Render thread/INFO]: [System] [CHAT] -2966, -34, 3017에 있는 블록을 바꿨습니다
[J] [16:17:29] [Render thread/INFO]: [System] [CHAT] 성공적으로 블록 32개를 채웠습니다
[J] [16:17:29] [Render thread/INFO]: [System] [CHAT] 성공적으로 블록 2개를 채웠습니다 [5]
[J] [16:17:29] [Render thread/INFO]: [System] [CHAT] 성공적으로 블록 6개를 채웠습니다
[J] [16:17:29] [Render thread/INFO]: [System] [CHAT] -2966, -44, 3018에 있는 블록을 바꿨습니다
[J] [16:17:29] [Render thread/INFO]: [System] [CHAT] 성공적으로 블록 2개를 채웠습니다 [6]
[J] [16:17:29] [Render thread/INFO]: [System] [CHAT] 성공적으로 블록 6개를 채웠습니다 [2]
[J] [16:17:29] [Render thread/INFO]: [System] [CHAT] -2966, -36, 3018에 있는 블록을 바꿨습니다
[J] [16:17:29] [Render thread/INFO]: [System] [CHAT] -2966, -35, 3018에 있는 블록을 바꿨습니다
[J] [16:17:29] [Render thread/INFO]: [System] [CHAT] -2966, -34, 3018에 있는 블록을 바꿨습니다
[J] [16:17:29] [Render thread/INFO]: [System] [CHAT] 성공적으로 블록 2개를 채웠습니다 [7]
[J] [16:17:29] [Render thread/INFO]: [System] [CHAT] 성공적으로 블록 3개를 채웠습니다
[J] [16:17:29] [Render thread/INFO]: [System] [CHAT] 성공적으로 블록 6개를 채웠습니다
[J] [16:17:29] [Render thread/INFO]: [System] [CHAT] -2966, -40, 3019에 있는 블록을 바꿨습니다
[J] [16:17:29] [Render thread/INFO]: [System] [CHAT] -2966, -39, 3019에 있는 블록을 바꿨습니다
[J] [16:17:29] [Render thread/INFO]: [System] [CHAT] 성공적으로 블록 2개를 채웠습니다 [8]
[J] [16:17:29] [Render thread/INFO]: [System] [CHAT] -2966, -43, 3020에 있는 블록을 바꿨습니다
[J] [16:17:29] [Render thread/INFO]: [System] [CHAT] 성공적으로 블록 6개를 채웠습니다 [2]
[J] [16:17:29] [Render thread/INFO]: [System] [CHAT] 성공적으로 블록 6개를 채웠습니다 [3]
[J] [16:17:29] [Render thread/INFO]: [System] [CHAT] -2966, -32, 3020에 있는 블록을 바꿨습니다
[J] [16:17:29] [Render thread/INFO]: [System] [CHAT] -2966, -30, 3020에 있는 블록을 바꿨습니다
[J] [16:17:29] [Render thread/INFO]: [System] [CHAT] 성공적으로 블록 4개를 채웠습니다
[J] [16:17:29] [Render thread/INFO]: [System] [CHAT] -2966, -53, 3021에 있는 블록을 바꿨습니다
[J] [16:17:29] [Render thread/INFO]: [System] [CHAT] 성공적으로 블록 6개를 채웠습니다 [4]
[J] [16:17:29] [Render thread/INFO]: [System] [CHAT] 성공적으로 블록 2개를 채웠습니다
[J] [16:17:29] [Render thread/INFO]: [System] [CHAT] -2966, -31, 3021에 있는 블록을 바꿨습니다
[J] [16:17:29] [Render thread/INFO]: [System] [CHAT] -2966, -30, 3021에 있는 블록을 바꿨습니다
[J] [16:17:29] [Render thread/INFO]: [System] [CHAT] 성공적으로 블록 2개를 채웠습니다 [2]
[J] [16:17:29] [Render thread/INFO]: [System] [CHAT] 성공적으로 블록 3개를 채웠습니다
[J] [16:17:29] [Render thread/INFO]: [System] [CHAT] 성공적으로 블록 6개를 채웠습니다 [5]
[J] [16:17:29] [Render thread/INFO]: [System] [CHAT] 성공적으로 블록 6개를 채웠습니다 [6]
[J] [16:17:29] [Render thread/INFO]: [System] [CHAT] 성공적으로 블록 4개를 채웠습니다
[J] [16:17:29] [Render thread/INFO]: [System] [CHAT] 성공적으로 블록 2개를 채웠습니다 [3]
[J] [16:17:30] [Render thread/INFO]: [System] [CHAT] 성공적으로 블록 6개를 채웠습니다 [7]
[J] [16:17:30] [Render thread/INFO]: [System] [CHAT] 성공적으로 블록 2개를 채웠습니다 [4]
[J] [16:17:30] [Render thread/INFO]: [System] [CHAT] 성공적으로 블록 2개를 채웠습니다 [5]
[J] [16:17:30] [Render thread/INFO]: [System] [CHAT] -2966, -27, 3022에 있는 블록을 바꿨습니다
[J] [16:17:30] [Render thread/INFO]: [System] [CHAT] 성공적으로 블록 3개를 채웠습니다 [2]
[J] [16:17:30] [Render thread/INFO]: [System] [CHAT] -2966, -25, 3022에 있는 블록을 바꿨습니다
[J] [16:17:30] [Render thread/INFO]: [System] [CHAT] 성공적으로 블록 2개를 채웠습니다 [6]
[J] [16:17:30] [Render thread/INFO]: [System] [CHAT] -2966, -22, 3022에 있는 블록을 바꿨습니다
[J] [16:17:30] [Render thread/INFO]: [System] [CHAT] -2966, -21, 3022에 있는 블록을 바꿨습니다
[J] [16:17:30] [Render thread/INFO]: [System] [CHAT] -2966, -32, 3023에 있는 블록을 바꿨습니다
[J] [16:17:30] [Render thread/INFO]: [System] [CHAT] -2966, -31, 3023에 있는 블록을 바꿨습니다
[J] [16:17:30] [Render thread/INFO]: [System] [CHAT] -2966, -20, 3023에 있는 블록을 바꿨습니다
[J] [16:17:30] [Render thread/INFO]: [System] [CHAT] 성공적으로 블록 2개를 채웠습니다
[J] [16:17:30] [Render thread/INFO]: [System] [CHAT] -2965, -53, 3008에 있는 블록을 바꿨습니다
[J] [16:17:30] [Render thread/INFO]: [System] [CHAT] -2965, -17, 3008에 있는 블록을 바꿨습니다
[J] [16:17:30] [Render thread/INFO]: [System] [CHAT] -2965, -13, 3008에 있는 블록을 바꿨습니다
[J] [16:17:30] [Render thread/INFO]: [System] [CHAT] 성공적으로 블록 2개를 채웠습니다 [2]
[J] [16:17:30] [Render thread/INFO]: [System] [CHAT] -2965, -52, 3009에 있는 블록을 바꿨습니다
[J] [16:17:30] [Render thread/INFO]: [System] [CHAT] 성공적으로 블록 30개를 채웠습니다
[J] [16:17:30] [Render thread/INFO]: [System] [CHAT] 성공적으로 블록 2개를 채웠습니다 [3]
[J] [16:17:30] [Render thread/INFO]: [System] [CHAT] -2965, -52, 3010에 있는 블록을 바꿨습니다
[J] [16:17:30] [Render thread/INFO]: [System] [CHAT] 성공적으로 블록 14개를 채웠습니다
[J] [16:17:30] [Render thread/INFO]: [System] [CHAT] -2965, -52, 3012에 있는 블록을 바꿨습니다
[J] [16:17:30] [Render thread/INFO]: [System] [CHAT] -2965, -53, 3014에 있는 블록을 바꿨습니다
[J] [16:17:30] [Render thread/INFO]: [System] [CHAT] 성공적으로 블록 2개를 채웠습니다 [4]
[J] [16:17:30] [Render thread/INFO]: [System] [CHAT] 성공적으로 블록 2개를 채웠습니다 [5]
[J] [16:17:30] [Render thread/INFO]: [System] [CHAT] 성공적으로 블록 2개를 채웠습니다 [6]
[J] [16:17:30] [Render thread/INFO]: [System] [CHAT] 성공적으로 블록 2개를 채웠습니다 [7]
[J] [16:17:30] [Render thread/INFO]: [System] [CHAT] -2965, -38, 3016에 있는 블록을 바꿨습니다
[J] [16:17:30] [Render thread/INFO]: [System] [CHAT] 성공적으로 블록 3개를 채웠습니다
[J] [16:17:30] [Render thread/INFO]: [System] [CHAT] -2965, -34, 3016에 있는 블록을 바꿨습니다
[J] [16:17:30] [Render thread/INFO]: [System] [CHAT] -2965, -52, 3017에 있는 블록을 바꿨습니다
[J] [16:17:30] [Render thread/INFO]: [System] [CHAT] -2965, -42, 3017에 있는 블록을 바꿨습니다
[J] [16:17:30] [Render thread/INFO]: [System] [CHAT] 성공적으로 블록 3개를 채웠습니다 [2]
[J] [16:17:30] [Render thread/INFO]: [System] [CHAT] -2965, -34, 3017에 있는 블록을 바꿨습니다
[J] [16:17:30] [Render thread/INFO]: [System] [CHAT] -2965, -52, 3018에 있는 블록을 바꿨습니다
[J] [16:17:30] [Render thread/INFO]: [System] [CHAT] -2965, -42, 3018에 있는 블록을 바꿨습니다
[J] [16:17:30] [Render thread/INFO]: [System] [CHAT] -2965, -40, 3018에 있는 블록을 바꿨습니다
[J] [16:17:30] [Render thread/INFO]: [System] [CHAT] -2965, -39, 3018에 있는 블록을 바꿨습니다
[J] [16:17:30] [Render thread/INFO]: [System] [CHAT] 성공적으로 블록 2개를 채웠습니다
[J] [16:17:30] [Render thread/INFO]: [System] [CHAT] -2965, -35, 3018에 있는 블록을 바꿨습니다
[J] [16:17:30] [Render thread/INFO]: [System] [CHAT] -2965, -34, 3018에 있는 블록을 바꿨습니다
[J] [16:17:30] [Render thread/INFO]: [System] [CHAT] -2965, -33, 3018에 있는 블록을 바꿨습니다
[J] [16:17:30] [Render thread/INFO]: [System] [CHAT] -2965, -42, 3019에 있는 블록을 바꿨습니다
[J] [16:17:30] [Render thread/INFO]: [System] [CHAT] -2965, -52, 3020에 있는 블록을 바꿨습니다
[J] [16:17:30] [Render thread/INFO]: [System] [CHAT] -2965, -43, 3020에 있는 블록을 바꿨습니다
[J] [16:17:30] [Render thread/INFO]: [System] [CHAT] -2965, -32, 3020에 있는 블록을 바꿨습니다
[J] [16:17:30] [Render thread/INFO]: [System] [CHAT] -2965, -53, 3021에 있는 블록을 바꿨습니다
[J] [16:17:30] [Render thread/INFO]: [System] [CHAT] -2965, -52, 3021에 있는 블록을 바꿨습니다
[J] [16:17:30] [Render thread/INFO]: [System] [CHAT] -2965, -32, 3021에 있는 블록을 바꿨습니다
[J] [16:17:30] [Render thread/INFO]: [System] [CHAT] 성공적으로 블록 2개를 채웠습니다
[J] [16:17:30] [Render thread/INFO]: [System] [CHAT] 성공적으로 블록 3개를 채웠습니다
[J] [16:17:30] [Render thread/INFO]: [System] [CHAT] -2965, -19, 3021에 있는 블록을 바꿨습니다
[J] [16:17:30] [Render thread/INFO]: [System] [CHAT] -2965, -18, 3021에 있는 블록을 바꿨습니다
[J] [16:17:30] [Render thread/INFO]: [System] [CHAT] -2965, -53, 3022에 있는 블록을 바꿨습니다
[J] [16:17:30] [Render thread/INFO]: [System] [CHAT] 성공적으로 블록 2개를 채웠습니다 [2]
[J] [16:17:30] [Render thread/INFO]: [System] [CHAT] -2965, -27, 3022에 있는 블록을 바꿨습니다
[J] [16:17:30] [Render thread/INFO]: [System] [CHAT] -2965, -25, 3022에 있는 블록을 바꿨습니다
[J] [16:17:30] [Render thread/INFO]: [System] [CHAT] -2965, -23, 3022에 있는 블록을 바꿨습니다
[J] [16:17:30] [Render thread/INFO]: [System] [CHAT] -2965, -22, 3022에 있는 블록을 바꿨습니다
[J] [16:17:30] [Render thread/INFO]: [System] [CHAT] 성공적으로 블록 5개를 채웠습니다
[J] [16:17:30] [Render thread/INFO]: [System] [CHAT] -2965, -20, 3022에 있는 블록을 바꿨습니다
[J] [16:17:30] [Render thread/INFO]: [System] [CHAT] -2965, -19, 3022에 있는 블록을 바꿨습니다
[J] [16:17:30] [Render thread/INFO]: [System] [CHAT] -2965, -32, 3023에 있는 블록을 바꿨습니다
[J] [16:17:30] [Render thread/INFO]: [System] [CHAT] -2965, -31, 3023에 있는 블록을 바꿨습니다
[J] [16:17:30] [Render thread/INFO]: [System] [CHAT] 성공적으로 블록 2개를 채웠습니다
[J] [16:17:30] [Render thread/INFO]: [System] [CHAT] 성공적으로 블록 48개를 채웠습니다
[J] [16:17:30] [Render thread/INFO]: [System] [CHAT] 성공적으로 블록 39개를 채웠습니다
[J] [16:17:30] [Render thread/INFO]: [System] [CHAT] -2964, -52, 3009에 있는 블록을 바꿨습니다
[J] [16:17:30] [Render thread/INFO]: [System] [CHAT] -2964, -53, 3010에 있는 블록을 바꿨습니다
[J] [16:17:30] [Render thread/INFO]: [System] [CHAT] -2964, -52, 3010에 있는 블록을 바꿨습니다
[J] [16:17:30] [Render thread/INFO]: [System] [CHAT] -2964, -53, 3011에 있는 블록을 바꿨습니다
[J] [16:17:30] [Render thread/INFO]: [System] [CHAT] -2964, -52, 3011에 있는 블록을 바꿨습니다
[J] [16:17:30] [Render thread/INFO]: [System] [CHAT] 성공적으로 블록 2개를 채웠습니다
[J] [16:17:30] [Render thread/INFO]: [System] [CHAT] -2964, -52, 3012에 있는 블록을 바꿨습니다
[J] [16:17:30] [Render thread/INFO]: [System] [CHAT] -2964, -52, 3013에 있는 블록을 바꿨습니다
[J] [16:17:30] [Render thread/INFO]: [System] [CHAT] -2964, -53, 3014에 있는 블록을 바꿨습니다
[J] [16:17:30] [Render thread/INFO]: [System] [CHAT] 성공적으로 블록 4개를 채웠습니다
[J] [16:17:30] [Render thread/INFO]: [System] [CHAT] 성공적으로 블록 2개를 채웠습니다 [2]
[J] [16:17:30] [Render thread/INFO]: [System] [CHAT] -2964, -10, 3015에 있는 블록을 바꿨습니다
[J] [16:17:30] [Render thread/INFO]: [System] [CHAT] -2964, -9, 3015에 있는 블록을 바꿨습니다
[J] [16:17:30] [Render thread/INFO]: [System] [CHAT] -2964, -8, 3015에 있는 블록을 바꿨습니다
[J] [16:17:30] [Render thread/INFO]: [System] [CHAT] -2964, -41, 3016에 있는 블록을 바꿨습니다
[J] [16:17:30] [Render thread/INFO]: [System] [CHAT] 성공적으로 블록 5개를 채웠습니다
[J] [16:17:30] [Render thread/INFO]: [System] [CHAT] -2964, -53, 3017에 있는 블록을 바꿨습니다
[J] [16:17:30] [Render thread/INFO]: [System] [CHAT] -2964, -52, 3017에 있는 블록을 바꿨습니다
[J] [16:17:30] [Render thread/INFO]: [System] [CHAT] 성공적으로 블록 3개를 채웠습니다
[J] [16:17:30] [Render thread/INFO]: [System] [CHAT] -2964, -42, 3017에 있는 블록을 바꿨습니다
[J] [16:17:30] [Render thread/INFO]: [System] [CHAT] 성공적으로 블록 2개를 채웠습니다
[J] [16:17:30] [Render thread/INFO]: [System] [CHAT] 성공적으로 블록 3개를 채웠습니다 [2]
[J] [16:17:30] [Render thread/INFO]: [System] [CHAT] -2964, -34, 3017에 있는 블록을 바꿨습니다
[J] [16:17:30] [Render thread/INFO]: [System] [CHAT] -2964, -53, 3018에 있는 블록을 바꿨습니다
[J] [16:17:30] [Render thread/INFO]: [System] [CHAT] -2964, -52, 3018에 있는 블록을 바꿨습니다
[J] [16:17:30] [Render thread/INFO]: [System] [CHAT] 성공적으로 블록 2개를 채웠습니다 [2]
[J] [16:17:30] [Render thread/INFO]: [System] [CHAT] -2964, -40, 3018에 있는 블록을 바꿨습니다
[J] [16:17:30] [Render thread/INFO]: [System] [CHAT] -2964, -39, 3018에 있는 블록을 바꿨습니다
[J] [16:17:30] [Render thread/INFO]: [System] [CHAT] -2964, -36, 3018에 있는 블록을 바꿨습니다
[J] [16:17:30] [Render thread/INFO]: [System] [CHAT] -2964, -35, 3018에 있는 블록을 바꿨습니다
[J] [16:17:30] [Render thread/INFO]: [System] [CHAT] -2964, -34, 3018에 있는 블록을 바꿨습니다
[J] [16:17:30] [Render thread/INFO]: [System] [CHAT] -2964, -53, 3019에 있는 블록을 바꿨습니다
[J] [16:17:30] [Render thread/INFO]: [System] [CHAT] -2964, -40, 3019에 있는 블록을 바꿨습니다
[J] [16:17:30] [Render thread/INFO]: [System] [CHAT] -2964, -39, 3019에 있는 블록을 바꿨습니다
[J] [16:17:30] [Render thread/INFO]: [System] [CHAT] 성공적으로 블록 3개를 채웠습니다
[J] [16:17:30] [Render thread/INFO]: [System] [CHAT] 성공적으로 블록 2개를 채웠습니다
[J] [16:17:30] [Render thread/INFO]: [System] [CHAT] -2964, -52, 3020에 있는 블록을 바꿨습니다
[J] [16:17:30] [Render thread/INFO]: [System] [CHAT] -2964, -43, 3020에 있는 블록을 바꿨습니다
[J] [16:17:30] [Render thread/INFO]: [System] [CHAT] 성공적으로 블록 3개를 채웠습니다 [2]
[J] [16:17:30] [Render thread/INFO]: [System] [CHAT] 성공적으로 블록 6개를 채웠습니다
[J] [16:17:30] [Render thread/INFO]: [System] [CHAT] 성공적으로 블록 3개를 채웠습니다 [3]
[J] [16:17:30] [Render thread/INFO]: [System] [CHAT] 성공적으로 블록 2개를 채웠습니다 [2]
[J] [16:17:30] [Render thread/INFO]: [System] [CHAT] -2964, -52, 3021에 있는 블록을 바꿨습니다
[J] [16:17:30] [Render thread/INFO]: [System] [CHAT] -2964, -32, 3021에 있는 블록을 바꿨습니다
[J] [16:17:30] [Render thread/INFO]: [System] [CHAT] 성공적으로 블록 2개를 채웠습니다 [3]
[J] [16:17:30] [Render thread/INFO]: [System] [CHAT] 성공적으로 블록 6개를 채웠습니다 [2]
[J] [16:17:30] [Render thread/INFO]: [System] [CHAT] -2964, -24, 3021에 있는 블록을 바꿨습니다
[J] [16:17:30] [Render thread/INFO]: [System] [CHAT] -2964, -23, 3021에 있는 블록을 바꿨습니다
[J] [16:17:30] [Render thread/INFO]: [System] [CHAT] 성공적으로 블록 3개를 채웠습니다
[J] [16:17:30] [Render thread/INFO]: [System] [CHAT] 성공적으로 블록 9개를 채웠습니다
[J] [16:17:30] [Render thread/INFO]: [System] [CHAT] 성공적으로 블록 2개를 채웠습니다
[J] [16:17:30] [Render thread/INFO]: [System] [CHAT] 성공적으로 블록 3개를 채웠습니다 [2]
[J] [16:17:30] [Render thread/INFO]: [System] [CHAT] 성공적으로 블록 3개를 채웠습니다 [3]
[J] [16:17:30] [Render thread/INFO]: [System] [CHAT] -2964, -10, 3021에 있는 블록을 바꿨습니다
[J] [16:17:30] [Render thread/INFO]: [System] [CHAT] -2964, -9, 3021에 있는 블록을 바꿨습니다
[J] [16:17:30] [Render thread/INFO]: [System] [CHAT] -2964, -8, 3021에 있는 블록을 바꿨습니다
[J] [16:17:30] [Render thread/INFO]: [System] [CHAT] 성공적으로 블록 2개를 채웠습니다 [2]
[J] [16:17:30] [Render thread/INFO]: [System] [CHAT] 성공적으로 블록 3개를 채웠습니다 [4]
[J] [16:17:30] [Render thread/INFO]: [System] [CHAT] -2964, -27, 3022에 있는 블록을 바꿨습니다
[J] [16:17:30] [Render thread/INFO]: [System] [CHAT] -2964, -25, 3022에 있는 블록을 바꿨습니다
[J] [16:17:30] [Render thread/INFO]: [System] [CHAT] -2964, -24, 3022에 있는 블록을 바꿨습니다
[J] [16:17:30] [Render thread/INFO]: [System] [CHAT] -2964, -23, 3022에 있는 블록을 바꿨습니다
[J] [16:17:30] [Render thread/INFO]: [System] [CHAT] -2964, -22, 3022에 있는 블록을 바꿨습니다
[J] [16:17:30] [Render thread/INFO]: [System] [CHAT] -2964, -20, 3022에 있는 블록을 바꿨습니다
[J] [16:17:30] [Render thread/INFO]: [System] [CHAT] -2964, -18, 3022에 있는 블록을 바꿨습니다
[J] [16:17:30] [Render thread/INFO]: [System] [CHAT] -2963, -52, 3008에 있는 블록을 바꿨습니다
[J] [16:17:30] [Render thread/INFO]: [System] [CHAT] 성공적으로 블록 48개를 채웠습니다
[J] [16:17:30] [Render thread/INFO]: [System] [CHAT] 성공적으로 블록 16개를 채웠습니다
[J] [16:17:30] [Render thread/INFO]: [System] [CHAT] -2963, -6, 3008에 있는 블록을 바꿨습니다
[J] [16:17:30] [Render thread/INFO]: [System] [CHAT] -2963, -53, 3009에 있는 블록을 바꿨습니다
[J] [16:17:30] [Render thread/INFO]: [System] [CHAT] -2963, -52, 3009에 있는 블록을 바꿨습니다
[J] [16:17:30] [Render thread/INFO]: [System] [CHAT] -2963, -6, 3009에 있는 블록을 바꿨습니다
[J] [16:17:30] [Render thread/INFO]: [System] [CHAT] -2963, -53, 3010에 있는 블록을 바꿨습니다
[J] [16:17:30] [Render thread/INFO]: [System] [CHAT] -2963, -52, 3010에 있는 블록을 바꿨습니다
[J] [16:17:30] [Render thread/INFO]: [System] [CHAT] -2963, -6, 3010에 있는 블록을 바꿨습니다
[J] [16:17:30] [Render thread/INFO]: [System] [CHAT] -2963, -53, 3011에 있는 블록을 바꿨습니다
[J] [16:17:30] [Render thread/INFO]: [System] [CHAT] -2963, -52, 3011에 있는 블록을 바꿨습니다
[J] [16:17:30] [Render thread/INFO]: [System] [CHAT] -2963, -6, 3011에 있는 블록을 바꿨습니다
[J] [16:17:30] [Render thread/INFO]: [System] [CHAT] 성공적으로 블록 2개를 채웠습니다
[J] [16:17:30] [Render thread/INFO]: [System] [CHAT] -2963, -6, 3012에 있는 블록을 바꿨습니다
[J] [16:17:30] [Render thread/INFO]: [System] [CHAT] 성공적으로 블록 2개를 채웠습니다 [2]
[J] [16:17:30] [Render thread/INFO]: [System] [CHAT] -2963, -6, 3013에 있는 블록을 바꿨습니다
[J] [16:17:30] [Render thread/INFO]: [System] [CHAT] -2963, -53, 3014에 있는 블록을 바꿨습니다
[J] [16:17:30] [Render thread/INFO]: [System] [CHAT] -2963, -6, 3014에 있는 블록을 바꿨습니다
[J] [16:17:30] [Render thread/INFO]: [System] [CHAT] -2963, -6, 3015에 있는 블록을 바꿨습니다
[J] [16:17:30] [Render thread/INFO]: [System] [CHAT] 성공적으로 블록 2개를 채웠습니다 [3]
[J] [16:17:30] [Render thread/INFO]: [System] [CHAT] 성공적으로 블록 3개를 채웠습니다
[J] [16:17:30] [Render thread/INFO]: [System] [CHAT] 성공적으로 블록 2개를 채웠습니다 [4]
[J] [16:17:30] [Render thread/INFO]: [System] [CHAT] -2963, -38, 3016에 있는 블록을 바꿨습니다
[J] [16:17:30] [Render thread/INFO]: [System] [CHAT] 성공적으로 블록 3개를 채웠습니다 [2]
[J] [16:17:30] [Render thread/INFO]: [System] [CHAT] -2963, -34, 3016에 있는 블록을 바꿨습니다
[J] [16:17:30] [Render thread/INFO]: [System] [CHAT] -2963, -6, 3016에 있는 블록을 바꿨습니다
[J] [16:17:31] [Render thread/INFO]: [System] [CHAT] 성공적으로 블록 3개를 채웠습니다 [3]
[J] [16:17:31] [Render thread/INFO]: [System] [CHAT] -2963, -42, 3017에 있는 블록을 바꿨습니다
[J] [16:17:31] [Render thread/INFO]: [System] [CHAT] 성공적으로 블록 3개를 채웠습니다 [4]
[J] [16:17:31] [Render thread/INFO]: [System] [CHAT] -2963, -34, 3017에 있는 블록을 바꿨습니다
[J] [16:17:31] [Render thread/INFO]: [System] [CHAT] -2963, -6, 3017에 있는 블록을 바꿨습니다
[J] [16:17:31] [Render thread/INFO]: [System] [CHAT] -2963, -53, 3018에 있는 블록을 바꿨습니다
[J] [16:17:31] [Render thread/INFO]: [System] [CHAT] -2963, -42, 3018에 있는 블록을 바꿨습니다
[J] [16:17:31] [Render thread/INFO]: [System] [CHAT] -2963, -40, 3018에 있는 블록을 바꿨습니다
[J] [16:17:31] [Render thread/INFO]: [System] [CHAT] -2963, -39, 3018에 있는 블록을 바꿨습니다
[J] [16:17:31] [Render thread/INFO]: [System] [CHAT] 성공적으로 블록 2개를 채웠습니다
[J] [16:17:31] [Render thread/INFO]: [System] [CHAT] -2963, -35, 3018에 있는 블록을 바꿨습니다
[J] [16:17:31] [Render thread/INFO]: [System] [CHAT] -2963, -34, 3018에 있는 블록을 바꿨습니다
[J] [16:17:31] [Render thread/INFO]: [System] [CHAT] -2963, -6, 3018에 있는 블록을 바꿨습니다
[J] [16:17:31] [Render thread/INFO]: [System] [CHAT] 성공적으로 블록 2개를 채웠습니다 [2]
[J] [16:17:31] [Render thread/INFO]: [System] [CHAT] -2963, -52, 3019에 있는 블록을 바꿨습니다
[J] [16:17:31] [Render thread/INFO]: [System] [CHAT] -2963, -42, 3019에 있는 블록을 바꿨습니다
[J] [16:17:31] [Render thread/INFO]: [System] [CHAT] -2963, -6, 3019에 있는 블록을 바꿨습니다
[J] [16:17:31] [Render thread/INFO]: [System] [CHAT] 성공적으로 블록 3개를 채웠습니다
[J] [16:17:31] [Render thread/INFO]: [System] [CHAT] -2963, -43, 3020에 있는 블록을 바꿨습니다
[J] [16:17:31] [Render thread/INFO]: [System] [CHAT] 성공적으로 블록 3개를 채웠습니다 [2]
[J] [16:17:31] [Render thread/INFO]: [System] [CHAT] -2963, -6, 3020에 있는 블록을 바꿨습니다
[J] [16:17:31] [Render thread/INFO]: [System] [CHAT] 성공적으로 블록 3개를 채웠습니다 [3]
[J] [16:17:31] [Render thread/INFO]: [System] [CHAT] 성공적으로 블록 3개를 채웠습니다 [4]
[J] [16:17:31] [Render thread/INFO]: [System] [CHAT] 성공적으로 블록 2개를 채웠습니다
[J] [16:17:31] [Render thread/INFO]: [System] [CHAT] 성공적으로 블록 2개를 채웠습니다 [2]
[J] [16:17:31] [Render thread/INFO]: [System] [CHAT] 성공적으로 블록 4개를 채웠습니다
[J] [16:17:31] [Render thread/INFO]: [System] [CHAT] -2963, -6, 3021에 있는 블록을 바꿨습니다
[J] [16:17:31] [Render thread/INFO]: [System] [CHAT] 성공적으로 블록 2개를 채웠습니다 [3]
[J] [16:17:31] [Render thread/INFO]: [System] [CHAT] 성공적으로 블록 2개를 채웠습니다 [4]
[J] [16:17:31] [Render thread/INFO]: [System] [CHAT] -2963, -17, 3022에 있는 블록을 바꿨습니다
[J] [16:17:31] [Render thread/INFO]: [System] [CHAT] -2963, -16, 3022에 있는 블록을 바꿨습니다
[J] [16:17:31] [Render thread/INFO]: [System] [CHAT] 성공적으로 블록 2개를 채웠습니다 [5]
[J] [16:17:31] [Render thread/INFO]: [System] [CHAT] -2963, -6, 3022에 있는 블록을 바꿨습니다
[J] [16:17:31] [Render thread/INFO]: [System] [CHAT] -2963, -19, 3023에 있는 블록을 바꿨습니다
[J] [16:17:31] [Render thread/INFO]: [System] [CHAT] -2963, -6, 3023에 있는 블록을 바꿨습니다
[J] [16:17:31] [Render thread/INFO]: [System] [CHAT] -2962, -53, 3008에 있는 블록을 바꿨습니다
[J] [16:17:31] [Render thread/INFO]: [System] [CHAT] 성공적으로 블록 2개를 채웠습니다 [6]
[J] [16:17:31] [Render thread/INFO]: [System] [CHAT] 성공적으로 블록 48개를 채웠습니다
[J] [16:17:31] [Render thread/INFO]: [System] [CHAT] 성공적으로 블록 2개를 채웠습니다 [7]
[J] [16:17:31] [Render thread/INFO]: [System] [CHAT] -2962, -52, 3009에 있는 블록을 바꿨습니다
[J] [16:17:31] [Render thread/INFO]: [System] [CHAT] 성공적으로 블록 2개를 채웠습니다 [8]
[J] [16:17:31] [Render thread/INFO]: [System] [CHAT] -2962, -53, 3011에 있는 블록을 바꿨습니다
[J] [16:17:31] [Render thread/INFO]: [System] [CHAT] -2962, -52, 3011에 있는 블록을 바꿨습니다
[J] [16:17:31] [Render thread/INFO]: [System] [CHAT] 성공적으로 블록 4개를 채웠습니다
[J] [16:17:31] [Render thread/INFO]: [System] [CHAT] -2962, -52, 3013에 있는 블록을 바꿨습니다
[J] [16:17:31] [Render thread/INFO]: [System] [CHAT] 성공적으로 블록 2개를 채웠습니다 [9]
[J] [16:17:31] [Render thread/INFO]: [System] [CHAT] 성공적으로 블록 2개를 채웠습니다 [10]
[J] [16:17:31] [Render thread/INFO]: [System] [CHAT] -2962, -52, 3015에 있는 블록을 바꿨습니다
[J] [16:17:31] [Render thread/INFO]: [System] [CHAT] -2962, -10, 3015에 있는 블록을 바꿨습니다
[J] [16:17:31] [Render thread/INFO]: [System] [CHAT] -2962, -9, 3015에 있는 블록을 바꿨습니다
[J] [16:17:31] [Render thread/INFO]: [System] [CHAT] -2962, -8, 3015에 있는 블록을 바꿨습니다
[J] [16:17:31] [Render thread/INFO]: [System] [CHAT] 성공적으로 블록 2개를 채웠습니다 [11]
[J] [16:17:31] [Render thread/INFO]: [System] [CHAT] -2962, -41, 3016에 있는 블록을 바꿨습니다
[J] [16:17:31] [Render thread/INFO]: [System] [CHAT] 성공적으로 블록 5개를 채웠습니다
[J] [16:17:31] [Render thread/INFO]: [System] [CHAT] -2962, -52, 3017에 있는 블록을 바꿨습니다
[J] [16:17:31] [Render thread/INFO]: [System] [CHAT] -2962, -42, 3017에 있는 블록을 바꿨습니다
[J] [16:17:31] [Render thread/INFO]: [System] [CHAT] 성공적으로 블록 2개를 채웠습니다 [12]
[J] [16:17:31] [Render thread/INFO]: [System] [CHAT] 성공적으로 블록 3개를 채웠습니다
[J] [16:17:31] [Render thread/INFO]: [System] [CHAT] -2962, -34, 3017에 있는 블록을 바꿨습니다
[J] [16:17:31] [Render thread/INFO]: [System] [CHAT] 성공적으로 블록 2개를 채웠습니다 [13]
[J] [16:17:31] [Render thread/INFO]: [System] [CHAT] -2962, -52, 3018에 있는 블록을 바꿨습니다
[J] [16:17:31] [Render thread/INFO]: [System] [CHAT] 성공적으로 블록 2개를 채웠습니다 [14]
[J] [16:17:31] [Render thread/INFO]: [System] [CHAT] -2962, -40, 3018에 있는 블록을 바꿨습니다
[J] [16:17:31] [Render thread/INFO]: [System] [CHAT] -2962, -39, 3018에 있는 블록을 바꿨습니다
[J] [16:17:31] [Render thread/INFO]: [System] [CHAT] -2962, -36, 3018에 있는 블록을 바꿨습니다
[J] [16:17:31] [Render thread/INFO]: [System] [CHAT] -2962, -35, 3018에 있는 블록을 바꿨습니다
[J] [16:17:31] [Render thread/INFO]: [System] [CHAT] -2962, -34, 3018에 있는 블록을 바꿨습니다
[J] [16:17:31] [Render thread/INFO]: [System] [CHAT] 성공적으로 블록 2개를 채웠습니다
[J] [16:17:31] [Render thread/INFO]: [System] [CHAT] -2962, -40, 3019에 있는 블록을 바꿨습니다
[J] [16:17:31] [Render thread/INFO]: [System] [CHAT] -2962, -39, 3019에 있는 블록을 바꿨습니다
[J] [16:17:31] [Render thread/INFO]: [System] [CHAT] -2962, -53, 3020에 있는 블록을 바꿨습니다
[J] [16:17:31] [Render thread/INFO]: [System] [CHAT] -2962, -52, 3020에 있는 블록을 바꿨습니다
[J] [16:17:31] [Render thread/INFO]: [System] [CHAT] -2962, -43, 3020에 있는 블록을 바꿨습니다
[J] [16:17:31] [Render thread/INFO]: [System] [CHAT] 성공적으로 블록 3개를 채웠습니다
[J] [16:17:31] [Render thread/INFO]: [System] [CHAT] 성공적으로 블록 3개를 채웠습니다 [2]
[J] [16:17:31] [Render thread/INFO]: [System] [CHAT] 성공적으로 블록 2개를 채웠습니다
[J] [16:17:31] [Render thread/INFO]: [System] [CHAT] -2962, -52, 3021에 있는 블록을 바꿨습니다
[J] [16:17:31] [Render thread/INFO]: [System] [CHAT] -2962, -32, 3021에 있는 블록을 바꿨습니다
[J] [16:17:31] [Render thread/INFO]: [System] [CHAT] 성공적으로 블록 2개를 채웠습니다 [2]
[J] [16:17:31] [Render thread/INFO]: [System] [CHAT] 성공적으로 블록 6개를 채웠습니다
[J] [16:17:31] [Render thread/INFO]: [System] [CHAT] 성공적으로 블록 2개를 채웠습니다 [3]
[J] [16:17:31] [Render thread/INFO]: [System] [CHAT] -2962, -24, 3021에 있는 블록을 바꿨습니다
[J] [16:17:31] [Render thread/INFO]: [System] [CHAT] -2962, -23, 3021에 있는 블록을 바꿨습니다
[J] [16:17:31] [Render thread/INFO]: [System] [CHAT] 성공적으로 블록 2개를 채웠습니다 [4]
[J] [16:17:31] [Render thread/INFO]: [System] [CHAT] 성공적으로 블록 3개를 채웠습니다
[J] [16:17:31] [Render thread/INFO]: [System] [CHAT] -2962, -10, 3021에 있는 블록을 바꿨습니다
[J] [16:17:31] [Render thread/INFO]: [System] [CHAT] -2962, -9, 3021에 있는 블록을 바꿨습니다
[J] [16:17:31] [Render thread/INFO]: [System] [CHAT] -2962, -8, 3021에 있는 블록을 바꿨습니다
[J] [16:17:31] [Render thread/INFO]: [System] [CHAT] -2962, -53, 3022에 있는 블록을 바꿨습니다
[J] [16:17:31] [Render thread/INFO]: [System] [CHAT] 성공적으로 블록 2개를 채웠습니다
[J] [16:17:31] [Render thread/INFO]: [System] [CHAT] 성공적으로 블록 3개를 채웠습니다
[J] [16:17:31] [Render thread/INFO]: [System] [CHAT] -2962, -27, 3022에 있는 블록을 바꿨습니다
[J] [16:17:31] [Render thread/INFO]: [System] [CHAT] 성공적으로 블록 2개를 채웠습니다 [2]
[J] [16:17:31] [Render thread/INFO]: [System] [CHAT] -2962, -25, 3022에 있는 블록을 바꿨습니다
[J] [16:17:31] [Render thread/INFO]: [System] [CHAT] -2962, -24, 3022에 있는 블록을 바꿨습니다
[J] [16:17:31] [Render thread/INFO]: [System] [CHAT] -2962, -23, 3022에 있는 블록을 바꿨습니다
[J] [16:17:31] [Render thread/INFO]: [System] [CHAT] -2962, -22, 3022에 있는 블록을 바꿨습니다
[J] [16:17:31] [Render thread/INFO]: [System] [CHAT] -2962, -20, 3022에 있는 블록을 바꿨습니다
[J] [16:17:31] [Render thread/INFO]: [System] [CHAT] -2962, -18, 3022에 있는 블록을 바꿨습니다
[J] [16:17:31] [Render thread/INFO]: [System] [CHAT] -2961, -53, 3008에 있는 블록을 바꿨습니다
[J] [16:17:31] [Render thread/INFO]: [System] [CHAT] 성공적으로 블록 48개를 채웠습니다
[J] [16:17:31] [Render thread/INFO]: [System] [CHAT] -2961, -14, 3008에 있는 블록을 바꿨습니다
[J] [16:17:31] [Render thread/INFO]: [System] [CHAT] -2961, -13, 3008에 있는 블록을 바꿨습니다
[J] [16:17:31] [Render thread/INFO]: [System] [CHAT] 성공적으로 블록 3개를 채웠습니다
[J] [16:17:31] [Render thread/INFO]: [System] [CHAT] -2961, -52, 3009에 있는 블록을 바꿨습니다
[J] [16:17:31] [Render thread/INFO]: [System] [CHAT] 성공적으로 블록 2개를 채웠습니다
[J] [16:17:31] [Render thread/INFO]: [System] [CHAT] -2961, -52, 3013에 있는 블록을 바꿨습니다
[J] [16:17:31] [Render thread/INFO]: [System] [CHAT] -2961, -52, 3015에 있는 블록을 바꿨습니다
[J] [16:17:31] [Render thread/INFO]: [System] [CHAT] -2961, -53, 3016에 있는 블록을 바꿨습니다
[J] [16:17:31] [Render thread/INFO]: [System] [CHAT] 성공적으로 블록 2개를 채웠습니다 [2]
[J] [16:17:31] [Render thread/INFO]: [System] [CHAT] -2961, -38, 3016에 있는 블록을 바꿨습니다
[J] [16:17:31] [Render thread/INFO]: [System] [CHAT] 성공적으로 블록 3개를 채웠습니다
[J] [16:17:31] [Render thread/INFO]: [System] [CHAT] -2961, -34, 3016에 있는 블록을 바꿨습니다
[J] [16:17:31] [Render thread/INFO]: [System] [CHAT] -2961, -52, 3017에 있는 블록을 바꿨습니다
[J] [16:17:31] [Render thread/INFO]: [System] [CHAT] -2961, -43, 3017에 있는 블록을 바꿨습니다
[J] [16:17:31] [Render thread/INFO]: [System] [CHAT] -2961, -42, 3017에 있는 블록을 바꿨습니다
[J] [16:17:31] [Render thread/INFO]: [System] [CHAT] 성공적으로 블록 3개를 채웠습니다 [2]
[J] [16:17:31] [Render thread/INFO]: [System] [CHAT] -2961, -34, 3017에 있는 블록을 바꿨습니다
[J] [16:17:31] [Render thread/INFO]: [System] [CHAT] -2961, -52, 3018에 있는 블록을 바꿨습니다
[J] [16:17:31] [Render thread/INFO]: [System] [CHAT] -2961, -42, 3018에 있는 블록을 바꿨습니다
[J] [16:17:31] [Render thread/INFO]: [System] [CHAT] -2961, -40, 3018에 있는 블록을 바꿨습니다
[J] [16:17:31] [Render thread/INFO]: [System] [CHAT] -2961, -39, 3018에 있는 블록을 바꿨습니다
[J] [16:17:31] [Render thread/INFO]: [System] [CHAT] 성공적으로 블록 2개를 채웠습니다
[J] [16:17:31] [Render thread/INFO]: [System] [CHAT] -2961, -35, 3018에 있는 블록을 바꿨습니다
[J] [16:17:31] [Render thread/INFO]: [System] [CHAT] -2961, -34, 3018에 있는 블록을 바꿨습니다
[J] [16:17:31] [Render thread/INFO]: [System] [CHAT] -2961, -33, 3018에 있는 블록을 바꿨습니다
[J] [16:17:31] [Render thread/INFO]: [System] [CHAT] -2961, -53, 3019에 있는 블록을 바꿨습니다
[J] [16:17:31] [Render thread/INFO]: [System] [CHAT] -2961, -42, 3019에 있는 블록을 바꿨습니다
[J] [16:17:31] [Render thread/INFO]: [System] [CHAT] -2961, -53, 3020에 있는 블록을 바꿨습니다
[J] [16:17:31] [Render thread/INFO]: [System] [CHAT] -2961, -52, 3020에 있는 블록을 바꿨습니다
[J] [16:17:31] [Render thread/INFO]: [System] [CHAT] -2961, -43, 3020에 있는 블록을 바꿨습니다
[J] [16:17:31] [Render thread/INFO]: [System] [CHAT] -2961, -32, 3020에 있는 블록을 바꿨습니다
[J] [16:17:31] [Render thread/INFO]: [System] [CHAT] 성공적으로 블록 3개를 채웠습니다
[J] [16:17:31] [Render thread/INFO]: [System] [CHAT] -2961, -52, 3021에 있는 블록을 바꿨습니다
[J] [16:17:31] [Render thread/INFO]: [System] [CHAT] -2961, -32, 3021에 있는 블록을 바꿨습니다
[J] [16:17:31] [Render thread/INFO]: [System] [CHAT] 성공적으로 블록 2개를 채웠습니다
[J] [16:17:31] [Render thread/INFO]: [System] [CHAT] 성공적으로 블록 3개를 채웠습니다 [2]
[J] [16:17:31] [Render thread/INFO]: [System] [CHAT] -2961, -28, 3021에 있는 블록을 바꿨습니다
[J] [16:17:31] [Render thread/INFO]: [System] [CHAT] 성공적으로 블록 2개를 채웠습니다 [2]
[J] [16:17:31] [Render thread/INFO]: [System] [CHAT] -2961, -22, 3021에 있는 블록을 바꿨습니다
[J] [16:17:31] [Render thread/INFO]: [System] [CHAT] -2961, -20, 3021에 있는 블록을 바꿨습니다
[J] [16:17:31] [Render thread/INFO]: [System] [CHAT] -2961, -19, 3021에 있는 블록을 바꿨습니다
[J] [16:17:31] [Render thread/INFO]: [System] [CHAT] -2961, -18, 3021에 있는 블록을 바꿨습니다
[J] [16:17:31] [Render thread/INFO]: [System] [CHAT] -2961, -53, 3022에 있는 블록을 바꿨습니다
[J] [16:17:31] [Render thread/INFO]: [System] [CHAT] -2961, -28, 3022에 있는 블록을 바꿨습니다
[J] [16:17:31] [Render thread/INFO]: [System] [CHAT] -2961, -27, 3022에 있는 블록을 바꿨습니다
[J] [16:17:31] [Render thread/INFO]: [System] [CHAT] -2961, -25, 3022에 있는 블록을 바꿨습니다
[J] [16:17:31] [Render thread/INFO]: [System] [CHAT] -2961, -23, 3022에 있는 블록을 바꿨습니다
[J] [16:17:31] [Render thread/INFO]: [System] [CHAT] -2961, -22, 3022에 있는 블록을 바꿨습니다
[J] [16:17:31] [Render thread/INFO]: [System] [CHAT] -2961, -20, 3022에 있는 블록을 바꿨습니다
[J] [16:17:31] [Render thread/INFO]: [System] [CHAT] -2961, -19, 3022에 있는 블록을 바꿨습니다
[J] [16:17:31] [Render thread/INFO]: [System] [CHAT] -2961, -32, 3023에 있는 블록을 바꿨습니다
[J] [16:17:31] [Render thread/INFO]: [System] [CHAT] -2961, -31, 3023에 있는 블록을 바꿨습니다
[J] [16:17:31] [Render thread/INFO]: [System] [CHAT] 성공적으로 블록 78개를 채웠습니다
[J] [16:17:31] [Render thread/INFO]: [System] [CHAT] 성공적으로 블록 13개를 채웠습니다
[J] [16:17:31] [Render thread/INFO]: [System] [CHAT] 성공적으로 블록 13개를 채웠습니다 [2]
[J] [16:17:31] [Render thread/INFO]: [System] [CHAT] 성공적으로 블록 4개를 채웠습니다
[J] [16:17:31] [Render thread/INFO]: [System] [CHAT] -2973, -45, 3026에 있는 블록을 바꿨습니다
[J] [16:17:31] [Render thread/INFO]: [System] [CHAT] -2973, -42, 3026에 있는 블록을 바꿨습니다
[J] [16:17:31] [Render thread/INFO]: [System] [CHAT] -2973, -53, 3029에 있는 블록을 바꿨습니다
[J] [16:17:32] [Render thread/INFO]: [System] [CHAT] 성공적으로 블록 6개를 채웠습니다
[J] [16:17:32] [Render thread/INFO]: [System] [CHAT] -2972, -53, 3025에 있는 블록을 바꿨습니다
[J] [16:17:32] [Render thread/INFO]: [System] [CHAT] -2972, -45, 3025에 있는 블록을 바꿨습니다
[J] [16:17:32] [Render thread/INFO]: [System] [CHAT] -2972, -53, 3026에 있는 블록을 바꿨습니다
[J] [16:17:32] [Render thread/INFO]: [System] [CHAT] 성공적으로 블록 3개를 채웠습니다
[J] [16:17:32] [Render thread/INFO]: [System] [CHAT] -2972, -48, 3026에 있는 블록을 바꿨습니다
[J] [16:17:32] [Render thread/INFO]: [System] [CHAT] -2972, -47, 3026에 있는 블록을 바꿨습니다
[J] [16:17:32] [Render thread/INFO]: [System] [CHAT] 성공적으로 블록 2개를 채웠습니다
[J] [16:17:32] [Render thread/INFO]: [System] [CHAT] -2972, -44, 3026에 있는 블록을 바꿨습니다
[J] [16:17:32] [Render thread/INFO]: [System] [CHAT] -2972, -43, 3026에 있는 블록을 바꿨습니다
[J] [16:17:32] [Render thread/INFO]: [System] [CHAT] 성공적으로 블록 2개를 채웠습니다 [2]
[J] [16:17:32] [Render thread/INFO]: [System] [CHAT] -2972, -53, 3027에 있는 블록을 바꿨습니다
[J] [16:17:32] [Render thread/INFO]: [System] [CHAT] -2972, -45, 3027에 있는 블록을 바꿨습니다
[J] [16:17:32] [Render thread/INFO]: [System] [CHAT] -2972, -53, 3028에 있는 블록을 바꿨습니다
[J] [16:17:32] [Render thread/INFO]: [System] [CHAT] 성공적으로 블록 5개를 채웠습니다
[J] [16:17:32] [Render thread/INFO]: [System] [CHAT] -2971, -53, 3025에 있는 블록을 바꿨습니다
[J] [16:17:32] [Render thread/INFO]: [System] [CHAT] -2971, -43, 3025에 있는 블록을 바꿨습니다
[J] [16:17:32] [Render thread/INFO]: [System] [CHAT] -2971, -53, 3026에 있는 블록을 바꿨습니다
[J] [16:17:32] [Render thread/INFO]: [System] [CHAT] -2971, -52, 3026에 있는 블록을 바꿨습니다
[J] [16:17:32] [Render thread/INFO]: [System] [CHAT] -2971, -51, 3026에 있는 블록을 바꿨습니다
[J] [16:17:32] [Render thread/INFO]: [System] [CHAT] -2971, -45, 3026에 있는 블록을 바꿨습니다
[J] [16:17:32] [Render thread/INFO]: [System] [CHAT] -2971, -44, 3026에 있는 블록을 바꿨습니다
[J] [16:17:32] [Render thread/INFO]: [System] [CHAT] -2971, -43, 3026에 있는 블록을 바꿨습니다
[J] [16:17:32] [Render thread/INFO]: [System] [CHAT] -2971, -41, 3026에 있는 블록을 바꿨습니다
[J] [16:17:32] [Render thread/INFO]: [System] [CHAT] -2971, -53, 3027에 있는 블록을 바꿨습니다
[J] [16:17:32] [Render thread/INFO]: [System] [CHAT] -2971, -53, 3028에 있는 블록을 바꿨습니다
[J] [16:17:32] [Render thread/INFO]: [System] [CHAT] -2970, -53, 3025에 있는 블록을 바꿨습니다
[J] [16:17:32] [Render thread/INFO]: [System] [CHAT] -2970, -52, 3025에 있는 블록을 바꿨습니다
[J] [16:17:32] [Render thread/INFO]: [System] [CHAT] -2970, -51, 3025에 있는 블록을 바꿨습니다
[J] [16:17:32] [Render thread/INFO]: [System] [CHAT] -2970, -42, 3025에 있는 블록을 바꿨습니다
[J] [16:17:32] [Render thread/INFO]: [System] [CHAT] -2970, -53, 3026에 있는 블록을 바꿨습니다
[J] [16:17:32] [Render thread/INFO]: [System] [CHAT] -2970, -52, 3026에 있는 블록을 바꿨습니다
[J] [16:17:32] [Render thread/INFO]: [System] [CHAT] -2970, -51, 3026에 있는 블록을 바꿨습니다
[J] [16:17:32] [Render thread/INFO]: [System] [CHAT] -2970, -50, 3026에 있는 블록을 바꿨습니다
[J] [16:17:32] [Render thread/INFO]: [System] [CHAT] 성공적으로 블록 2개를 채웠습니다
[J] [16:17:32] [Render thread/INFO]: [System] [CHAT] 성공적으로 블록 2개를 채웠습니다 [2]
[J] [16:17:32] [Render thread/INFO]: [System] [CHAT] -2970, -45, 3026에 있는 블록을 바꿨습니다
[J] [16:17:32] [Render thread/INFO]: [System] [CHAT] -2970, -44, 3026에 있는 블록을 바꿨습니다
[J] [16:17:32] [Render thread/INFO]: [System] [CHAT] -2970, -43, 3026에 있는 블록을 바꿨습니다
[J] [16:17:32] [Render thread/INFO]: [System] [CHAT] -2970, -42, 3026에 있는 블록을 바꿨습니다
[J] [16:17:32] [Render thread/INFO]: [System] [CHAT] -2970, -41, 3026에 있는 블록을 바꿨습니다
[J] [16:17:32] [Render thread/INFO]: [System] [CHAT] -2970, -53, 3027에 있는 블록을 바꿨습니다
[J] [16:17:32] [Render thread/INFO]: [System] [CHAT] -2970, -52, 3027에 있는 블록을 바꿨습니다
[J] [16:17:32] [Render thread/INFO]: [System] [CHAT] -2970, -51, 3027에 있는 블록을 바꿨습니다
[J] [16:17:32] [Render thread/INFO]: [System] [CHAT] -2970, -42, 3027에 있는 블록을 바꿨습니다
[J] [16:17:32] [Render thread/INFO]: [System] [CHAT] -2970, -53, 3028에 있는 블록을 바꿨습니다
[J] [16:17:32] [Render thread/INFO]: [System] [CHAT] -2969, -53, 3025에 있는 블록을 바꿨습니다
[J] [16:17:32] [Render thread/INFO]: [System] [CHAT] -2969, -43, 3025에 있는 블록을 바꿨습니다
[J] [16:17:32] [Render thread/INFO]: [System] [CHAT] -2969, -53, 3026에 있는 블록을 바꿨습니다
[J] [16:17:32] [Render thread/INFO]: [System] [CHAT] -2969, -52, 3026에 있는 블록을 바꿨습니다
[J] [16:17:32] [Render thread/INFO]: [System] [CHAT] -2969, -51, 3026에 있는 블록을 바꿨습니다
[J] [16:17:32] [Render thread/INFO]: [System] [CHAT] -2969, -45, 3026에 있는 블록을 바꿨습니다
[J] [16:17:32] [Render thread/INFO]: [System] [CHAT] -2969, -44, 3026에 있는 블록을 바꿨습니다
[J] [16:17:32] [Render thread/INFO]: [System] [CHAT] -2969, -43, 3026에 있는 블록을 바꿨습니다
[J] [16:17:32] [Render thread/INFO]: [System] [CHAT] 성공적으로 블록 2개를 채웠습니다
[J] [16:17:32] [Render thread/INFO]: [System] [CHAT] -2969, -41, 3026에 있는 블록을 바꿨습니다
[J] [16:17:32] [Render thread/INFO]: [System] [CHAT] -2969, -53, 3027에 있는 블록을 바꿨습니다
[J] [16:17:32] [Render thread/INFO]: [System] [CHAT] -2969, -43, 3027에 있는 블록을 바꿨습니다
[J] [16:17:32] [Render thread/INFO]: [System] [CHAT] -2969, -53, 3028에 있는 블록을 바꿨습니다
[J] [16:17:32] [Render thread/INFO]: [System] [CHAT] -2968, -53, 3025에 있는 블록을 바꿨습니다
[J] [16:17:32] [Render thread/INFO]: [System] [CHAT] -2968, -45, 3025에 있는 블록을 바꿨습니다
[J] [16:17:32] [Render thread/INFO]: [System] [CHAT] -2968, -53, 3026에 있는 블록을 바꿨습니다
[J] [16:17:32] [Render thread/INFO]: [System] [CHAT] 성공적으로 블록 3개를 채웠습니다
[J] [16:17:32] [Render thread/INFO]: [System] [CHAT] -2968, -48, 3026에 있는 블록을 바꿨습니다
[J] [16:17:32] [Render thread/INFO]: [System] [CHAT] -2968, -47, 3026에 있는 블록을 바꿨습니다
[J] [16:17:32] [Render thread/INFO]: [System] [CHAT] 성공적으로 블록 2개를 채웠습니다
[J] [16:17:32] [Render thread/INFO]: [System] [CHAT] -2968, -44, 3026에 있는 블록을 바꿨습니다
[J] [16:17:32] [Render thread/INFO]: [System] [CHAT] -2968, -43, 3026에 있는 블록을 바꿨습니다
[J] [16:17:32] [Render thread/INFO]: [System] [CHAT] -2968, -53, 3027에 있는 블록을 바꿨습니다
[J] [16:17:32] [Render thread/INFO]: [System] [CHAT] -2968, -45, 3027에 있는 블록을 바꿨습니다
[J] [16:17:32] [Render thread/INFO]: [System] [CHAT] -2968, -53, 3028에 있는 블록을 바꿨습니다
[J] [16:17:32] [Render thread/INFO]: [System] [CHAT] -2967, -21, 3024에 있는 블록을 바꿨습니다
[J] [16:17:32] [Render thread/INFO]: [System] [CHAT] 성공적으로 블록 4개를 채웠습니다
[J] [16:17:32] [Render thread/INFO]: [System] [CHAT] -2967, -45, 3026에 있는 블록을 바꿨습니다
[J] [16:17:32] [Render thread/INFO]: [System] [CHAT] -2967, -42, 3026에 있는 블록을 바꿨습니다
[J] [16:17:32] [Render thread/INFO]: [System] [CHAT] -2967, -52, 3028에 있는 블록을 바꿨습니다
[J] [16:17:32] [Render thread/INFO]: [System] [CHAT] 성공적으로 블록 2개를 채웠습니다
[J] [16:17:32] [Render thread/INFO]: [System] [CHAT] -2967, -52, 3029에 있는 블록을 바꿨습니다
[J] [16:17:32] [Render thread/INFO]: [System] [CHAT] -2967, -51, 3029에 있는 블록을 바꿨습니다
[J] [16:17:32] [Render thread/INFO]: [System] [CHAT] -2967, -50, 3029에 있는 블록을 바꿨습니다
[J] [16:17:32] [Render thread/INFO]: [System] [CHAT] -2966, -19, 3024에 있는 블록을 바꿨습니다
[J] [16:17:32] [Render thread/INFO]: [System] [CHAT] -2966, -18, 3024에 있는 블록을 바꿨습니다
[J] [16:17:32] [Render thread/INFO]: [System] [CHAT] -2966, -17, 3024에 있는 블록을 바꿨습니다
[J] [16:17:32] [Render thread/INFO]: [System] [CHAT] 성공적으로 블록 4개를 채웠습니다
[J] [16:17:32] [Render thread/INFO]: [System] [CHAT] 성공적으로 블록 3개를 채웠습니다
[J] [16:17:32] [Render thread/INFO]: [System] [CHAT] -2965, -31, 3024에 있는 블록을 바꿨습니다
[J] [16:17:32] [Render thread/INFO]: [System] [CHAT] -2965, -30, 3024에 있는 블록을 바꿨습니다
[J] [16:17:32] [Render thread/INFO]: [System] [CHAT] -2965, -29, 3024에 있는 블록을 바꿨습니다
[J] [16:17:32] [Render thread/INFO]: [System] [CHAT] -2965, -18, 3024에 있는 블록을 바꿨습니다
[J] [16:17:32] [Render thread/INFO]: [System] [CHAT] 성공적으로 블록 3개를 채웠습니다 [2]
[J] [16:17:32] [Render thread/INFO]: [System] [CHAT] -2965, -14, 3024에 있는 블록을 바꿨습니다
[J] [16:17:32] [Render thread/INFO]: [System] [CHAT] -2965, -53, 3025에 있는 블록을 바꿨습니다
[J] [16:17:32] [Render thread/INFO]: [System] [CHAT] -2965, -53, 3026에 있는 블록을 바꿨습니다
[J] [16:17:32] [Render thread/INFO]: [System] [CHAT] -2965, -53, 3027에 있는 블록을 바꿨습니다
[J] [16:17:32] [Render thread/INFO]: [System] [CHAT] -2965, -53, 3028에 있는 블록을 바꿨습니다
[J] [16:17:32] [Render thread/INFO]: [System] [CHAT] 성공적으로 블록 5개를 채웠습니다
[J] [16:17:32] [Render thread/INFO]: [System] [CHAT] -2964, -30, 3024에 있는 블록을 바꿨습니다
[J] [16:17:32] [Render thread/INFO]: [System] [CHAT] 성공적으로 블록 2개를 채웠습니다
[J] [16:17:32] [Render thread/INFO]: [System] [CHAT] -2964, -15, 3024에 있는 블록을 바꿨습니다
[J] [16:17:32] [Render thread/INFO]: [System] [CHAT] 성공적으로 블록 4개를 채웠습니다
[J] [16:17:32] [Render thread/INFO]: [System] [CHAT] -2964, -53, 3025에 있는 블록을 바꿨습니다
[J] [16:17:32] [Render thread/INFO]: [System] [CHAT] -2964, -29, 3025에 있는 블록을 바꿨습니다
[J] [16:17:32] [Render thread/INFO]: [System] [CHAT] -2964, -28, 3025에 있는 블록을 바꿨습니다
[J] [16:17:32] [Render thread/INFO]: [System] [CHAT] -2964, -27, 3025에 있는 블록을 바꿨습니다
[J] [16:17:32] [Render thread/INFO]: [System] [CHAT] -2964, -12, 3025에 있는 블록을 바꿨습니다
[J] [16:17:32] [Render thread/INFO]: [System] [CHAT] -2964, -11, 3025에 있는 블록을 바꿨습니다
[J] [16:17:32] [Render thread/INFO]: [System] [CHAT] -2964, -10, 3025에 있는 블록을 바꿨습니다
[J] [16:17:32] [Render thread/INFO]: [System] [CHAT] 성공적으로 블록 2개를 채웠습니다
[J] [16:17:32] [Render thread/INFO]: [System] [CHAT] 성공적으로 블록 2개를 채웠습니다 [2]
[J] [16:17:32] [Render thread/INFO]: [System] [CHAT] -2964, -53, 3026에 있는 블록을 바꿨습니다
[J] [16:17:32] [Render thread/INFO]: [System] [CHAT] -2964, -53, 3027에 있는 블록을 바꿨습니다
[J] [16:17:32] [Render thread/INFO]: [System] [CHAT] -2964, -53, 3028에 있는 블록을 바꿨습니다
[J] [16:17:32] [Render thread/INFO]: [System] [CHAT] 성공적으로 블록 2개를 채웠습니다 [3]
[J] [16:17:32] [Render thread/INFO]: [System] [CHAT] -2963, -25, 3024에 있는 블록을 바꿨습니다
[J] [16:17:32] [Render thread/INFO]: [System] [CHAT] 성공적으로 블록 3개를 채웠습니다
[J] [16:17:32] [Render thread/INFO]: [System] [CHAT] 성공적으로 블록 3개를 채웠습니다 [2]
[J] [16:17:32] [Render thread/INFO]: [System] [CHAT] 성공적으로 블록 3개를 채웠습니다 [3]
[J] [16:17:32] [Render thread/INFO]: [System] [CHAT] -2963, -6, 3024에 있는 블록을 바꿨습니다
[J] [16:17:32] [Render thread/INFO]: [System] [CHAT] -2963, -53, 3025에 있는 블록을 바꿨습니다
[J] [16:17:32] [Render thread/INFO]: [System] [CHAT] 성공적으로 블록 2개를 채웠습니다 [4]
[J] [16:17:32] [Render thread/INFO]: [System] [CHAT] -2963, -25, 3025에 있는 블록을 바꿨습니다
[J] [16:17:32] [Render thread/INFO]: [System] [CHAT] -2963, -11, 3025에 있는 블록을 바꿨습니다
[J] [16:17:32] [Render thread/INFO]: [System] [CHAT] -2963, -10, 3025에 있는 블록을 바꿨습니다
[J] [16:17:32] [Render thread/INFO]: [System] [CHAT] 성공적으로 블록 2개를 채웠습니다 [5]
[J] [16:17:32] [Render thread/INFO]: [System] [CHAT] -2963, -6, 3025에 있는 블록을 바꿨습니다
[J] [16:17:32] [Render thread/INFO]: [System] [CHAT] -2963, -53, 3026에 있는 블록을 바꿨습니다
[J] [16:17:32] [Render thread/INFO]: [System] [CHAT] -2963, -25, 3026에 있는 블록을 바꿨습니다
[J] [16:17:32] [Render thread/INFO]: [System] [CHAT] 성공적으로 블록 7개를 채웠습니다
[J] [16:17:32] [Render thread/INFO]: [System] [CHAT] -2963, -6, 3026에 있는 블록을 바꿨습니다
[J] [16:17:32] [Render thread/INFO]: [System] [CHAT] -2963, -53, 3027에 있는 블록을 바꿨습니다
[J] [16:17:32] [Render thread/INFO]: [System] [CHAT] -2963, -8, 3027에 있는 블록을 바꿨습니다
[J] [16:17:32] [Render thread/INFO]: [System] [CHAT] -2963, -7, 3027에 있는 블록을 바꿨습니다
[J] [16:17:32] [Render thread/INFO]: [System] [CHAT] -2963, -6, 3027에 있는 블록을 바꿨습니다
[J] [16:17:32] [Render thread/INFO]: [System] [CHAT] -2963, -53, 3028에 있는 블록을 바꿨습니다
[J] [16:17:32] [Render thread/INFO]: [System] [CHAT] -2963, -52, 3028에 있는 블록을 바꿨습니다
[J] [16:17:32] [Render thread/INFO]: [System] [CHAT] -2963, -52, 3029에 있는 블록을 바꿨습니다
[J] [16:17:32] [Render thread/INFO]: [System] [CHAT] -2963, -51, 3029에 있는 블록을 바꿨습니다
[J] [16:17:32] [Render thread/INFO]: [System] [CHAT] -2963, -50, 3029에 있는 블록을 바꿨습니다
[J] [16:17:32] [Render thread/INFO]: [System] [CHAT] -2962, -30, 3024에 있는 블록을 바꿨습니다
[J] [16:17:32] [Render thread/INFO]: [System] [CHAT] 성공적으로 블록 2개를 채웠습니다
[J] [16:17:32] [Render thread/INFO]: [System] [CHAT] -2962, -15, 3024에 있는 블록을 바꿨습니다
[J] [16:17:32] [Render thread/INFO]: [System] [CHAT] 성공적으로 블록 4개를 채웠습니다
[J] [16:17:32] [Render thread/INFO]: [System] [CHAT] -2962, -53, 3025에 있는 블록을 바꿨습니다
[J] [16:17:32] [Render thread/INFO]: [System] [CHAT] -2962, -29, 3025에 있는 블록을 바꿨습니다
[J] [16:17:32] [Render thread/INFO]: [System] [CHAT] -2962, -28, 3025에 있는 블록을 바꿨습니다
[J] [16:17:32] [Render thread/INFO]: [System] [CHAT] -2962, -27, 3025에 있는 블록을 바꿨습니다
[J] [16:17:32] [Render thread/INFO]: [System] [CHAT] -2962, -12, 3025에 있는 블록을 바꿨습니다
[J] [16:17:32] [Render thread/INFO]: [System] [CHAT] -2962, -11, 3025에 있는 블록을 바꿨습니다
[J] [16:17:32] [Render thread/INFO]: [System] [CHAT] -2962, -10, 3025에 있는 블록을 바꿨습니다
[J] [16:17:32] [Render thread/INFO]: [System] [CHAT] 성공적으로 블록 2개를 채웠습니다
[J] [16:17:32] [Render thread/INFO]: [System] [CHAT] 성공적으로 블록 2개를 채웠습니다 [2]
[J] [16:17:32] [Render thread/INFO]: [System] [CHAT] -2962, -53, 3026에 있는 블록을 바꿨습니다
[J] [16:17:32] [Render thread/INFO]: [System] [CHAT] -2962, -53, 3027에 있는 블록을 바꿨습니다
[J] [16:17:32] [Render thread/INFO]: [System] [CHAT] -2962, -53, 3028에 있는 블록을 바꿨습니다
[J] [16:17:32] [Render thread/INFO]: [System] [CHAT] 성공적으로 블록 2개를 채웠습니다 [3]
[J] [16:17:32] [Render thread/INFO]: [System] [CHAT] -2961, -31, 3024에 있는 블록을 바꿨습니다
[J] [16:17:32] [Render thread/INFO]: [System] [CHAT] -2961, -30, 3024에 있는 블록을 바꿨습니다
[J] [16:17:32] [Render thread/INFO]: [System] [CHAT] -2961, -29, 3024에 있는 블록을 바꿨습니다
[J] [16:17:32] [Render thread/INFO]: [System] [CHAT] -2961, -18, 3024에 있는 블록을 바꿨습니다
[J] [16:17:32] [Render thread/INFO]: [System] [CHAT] 성공적으로 블록 3개를 채웠습니다
[J] [16:17:33] [Render thread/INFO]: [System] [CHAT] -2961, -14, 3024에 있는 블록을 바꿨습니다
[J] [16:17:33] [Render thread/INFO]: [System] [CHAT] -2961, -53, 3025에 있는 블록을 바꿨습니다
[J] [16:17:33] [Render thread/INFO]: [System] [CHAT] -2961, -53, 3026에 있는 블록을 바꿨습니다
[J] [16:17:33] [Render thread/INFO]: [System] [CHAT] -2961, -53, 3027에 있는 블록을 바꿨습니다
[J] [16:17:33] [Render thread/INFO]: [System] [CHAT] -2961, -53, 3028에 있는 블록을 바꿨습니다
[J] [16:17:33] [Render thread/INFO]: [System] [CHAT] 성공적으로 블록 44개를 채웠습니다
[J] [16:17:33] [Render thread/INFO]: [System] [CHAT] 성공적으로 블록 3개를 채웠습니다
[J] [16:17:33] [Render thread/INFO]: [System] [CHAT] -2928, -53, 2982에 있는 블록을 바꿨습니다
[J] [16:17:33] [Render thread/INFO]: [System] [CHAT] -2928, -53, 2983에 있는 블록을 바꿨습니다
[J] [16:17:33] [Render thread/INFO]: [System] [CHAT] 성공적으로 블록 6개를 채웠습니다
[J] [16:17:33] [Render thread/INFO]: [System] [CHAT] -2928, -53, 2984에 있는 블록을 바꿨습니다
[J] [16:17:33] [Render thread/INFO]: [System] [CHAT] -2928, -53, 2985에 있는 블록을 바꿨습니다
[J] [16:17:33] [Render thread/INFO]: [System] [CHAT] -2928, -53, 2986에 있는 블록을 바꿨습니다
[J] [16:17:33] [Render thread/INFO]: [System] [CHAT] 성공적으로 블록 3개를 채웠습니다
[J] [16:17:33] [Render thread/INFO]: [System] [CHAT] 성공적으로 블록 3개를 채웠습니다 [2]
[J] [16:17:33] [Render thread/INFO]: [System] [CHAT] -2928, -52, 2988에 있는 블록을 바꿨습니다
[J] [16:17:33] [Render thread/INFO]: [System] [CHAT] -2928, -53, 2989에 있는 블록을 바꿨습니다
[J] [16:17:33] [Render thread/INFO]: [System] [CHAT] -2928, -52, 2989에 있는 블록을 바꿨습니다
[J] [16:17:33] [Render thread/INFO]: [System] [CHAT] -2928, -53, 2990에 있는 블록을 바꿨습니다
[J] [16:17:33] [Render thread/INFO]: [System] [CHAT] -2928, -7, 2990에 있는 블록을 바꿨습니다
[J] [16:17:33] [Render thread/INFO]: [System] [CHAT] -2928, -53, 2991에 있는 블록을 바꿨습니다
[J] [16:17:33] [Render thread/INFO]: [System] [CHAT] -2928, -25, 2991에 있는 블록을 바꿨습니다
[J] [16:17:33] [Render thread/INFO]: [System] [CHAT] -2928, -15, 2991에 있는 블록을 바꿨습니다
[J] [16:17:33] [Render thread/INFO]: [System] [CHAT] 성공적으로 블록 7개를 채웠습니다
[J] [16:17:33] [Render thread/INFO]: [System] [CHAT] -2928, -7, 2991에 있는 블록을 바꿨습니다
[J] [16:17:33] [Render thread/INFO]: [System] [CHAT] -2928, -6, 2991에 있는 블록을 바꿨습니다
[J] [16:17:33] [Render thread/INFO]: [System] [CHAT] -2927, -53, 2982에 있는 블록을 바꿨습니다
[J] [16:17:33] [Render thread/INFO]: [System] [CHAT] -2927, -28, 2982에 있는 블록을 바꿨습니다
[J] [16:17:33] [Render thread/INFO]: [System] [CHAT] -2927, -53, 2983에 있는 블록을 바꿨습니다
[J] [16:17:33] [Render thread/INFO]: [System] [CHAT] 성공적으로 블록 2개를 채웠습니다
[J] [16:17:33] [Render thread/INFO]: [System] [CHAT] 성공적으로 블록 4개를 채웠습니다
[J] [16:17:33] [Render thread/INFO]: [System] [CHAT] -2927, -53, 2984에 있는 블록을 바꿨습니다
[J] [16:17:33] [Render thread/INFO]: [System] [CHAT] -2927, -53, 2985에 있는 블록을 바꿨습니다
[J] [16:17:33] [Render thread/INFO]: [System] [CHAT] -2927, -28, 2985에 있는 블록을 바꿨습니다
[J] [16:17:33] [Render thread/INFO]: [System] [CHAT] -2927, -53, 2986에 있는 블록을 바꿨습니다
[J] [16:17:33] [Render thread/INFO]: [System] [CHAT] -2927, -52, 2986에 있는 블록을 바꿨습니다
[J] [16:17:33] [Render thread/INFO]: [System] [CHAT] -2927, -52, 2987에 있는 블록을 바꿨습니다
[J] [16:17:33] [Render thread/INFO]: [System] [CHAT] -2927, -51, 2987에 있는 블록을 바꿨습니다
[J] [16:17:33] [Render thread/INFO]: [System] [CHAT] -2927, -52, 2988에 있는 블록을 바꿨습니다
[J] [16:17:33] [Render thread/INFO]: [System] [CHAT] -2927, -51, 2988에 있는 블록을 바꿨습니다
[J] [16:17:33] [Render thread/INFO]: [System] [CHAT] -2927, -50, 2988에 있는 블록을 바꿨습니다
[J] [16:17:33] [Render thread/INFO]: [System] [CHAT] -2927, -49, 2988에 있는 블록을 바꿨습니다
[J] [16:17:33] [Render thread/INFO]: [System] [CHAT] -2927, -48, 2988에 있는 블록을 바꿨습니다
[J] [16:17:33] [Render thread/INFO]: [System] [CHAT] -2927, -53, 2989에 있는 블록을 바꿨습니다
[J] [16:17:33] [Render thread/INFO]: [System] [CHAT] -2927, -52, 2989에 있는 블록을 바꿨습니다
[J] [16:17:33] [Render thread/INFO]: [System] [CHAT] -2927, -51, 2989에 있는 블록을 바꿨습니다
[J] [16:17:33] [Render thread/INFO]: [System] [CHAT] -2927, -48, 2989에 있는 블록을 바꿨습니다
[J] [16:17:33] [Render thread/INFO]: [System] [CHAT] -2927, -47, 2989에 있는 블록을 바꿨습니다
[J] [16:17:33] [Render thread/INFO]: [System] [CHAT] -2927, -53, 2990에 있는 블록을 바꿨습니다
[J] [16:17:33] [Render thread/INFO]: [System] [CHAT] -2927, -52, 2990에 있는 블록을 바꿨습니다
[J] [16:17:33] [Render thread/INFO]: [System] [CHAT] -2927, -51, 2990에 있는 블록을 바꿨습니다
[J] [16:17:33] [Render thread/INFO]: [System] [CHAT] -2927, -49, 2990에 있는 블록을 바꿨습니다
[J] [16:17:33] [Render thread/INFO]: [System] [CHAT] -2927, -48, 2990에 있는 블록을 바꿨습니다
[J] [16:17:33] [Render thread/INFO]: [System] [CHAT] -2927, -47, 2990에 있는 블록을 바꿨습니다
[J] [16:17:33] [Render thread/INFO]: [System] [CHAT] -2927, -53, 2991에 있는 블록을 바꿨습니다
[J] [16:17:33] [Render thread/INFO]: [System] [CHAT] -2927, -51, 2991에 있는 블록을 바꿨습니다
[J] [16:17:33] [Render thread/INFO]: [System] [CHAT] -2927, -50, 2991에 있는 블록을 바꿨습니다
[J] [16:17:33] [Render thread/INFO]: [System] [CHAT] -2927, -49, 2991에 있는 블록을 바꿨습니다
[J] [16:17:33] [Render thread/INFO]: [System] [CHAT] -2927, -48, 2991에 있는 블록을 바꿨습니다
[J] [16:17:33] [Render thread/INFO]: [System] [CHAT] -2927, -47, 2991에 있는 블록을 바꿨습니다
[J] [16:17:33] [Render thread/INFO]: [System] [CHAT] -2927, -8, 2991에 있는 블록을 바꿨습니다
[J] [16:17:33] [Render thread/INFO]: [System] [CHAT] -2927, -7, 2991에 있는 블록을 바꿨습니다
[J] [16:17:33] [Render thread/INFO]: [System] [CHAT] -2927, -6, 2991에 있는 블록을 바꿨습니다
[J] [16:17:33] [Render thread/INFO]: [System] [CHAT] -2926, -53, 2982에 있는 블록을 바꿨습니다
[J] [16:17:33] [Render thread/INFO]: [System] [CHAT] -2926, -53, 2983에 있는 블록을 바꿨습니다
[J] [16:17:33] [Render thread/INFO]: [System] [CHAT] -2926, -53, 2984에 있는 블록을 바꿨습니다
[J] [16:17:33] [Render thread/INFO]: [System] [CHAT] -2926, -53, 2985에 있는 블록을 바꿨습니다
[J] [16:17:33] [Render thread/INFO]: [System] [CHAT] -2926, -53, 2986에 있는 블록을 바꿨습니다
[J] [16:17:33] [Render thread/INFO]: [System] [CHAT] 성공적으로 블록 2개를 채웠습니다
[J] [16:17:33] [Render thread/INFO]: [System] [CHAT] -2926, -52, 2988에 있는 블록을 바꿨습니다
[J] [16:17:33] [Render thread/INFO]: [System] [CHAT] -2926, -53, 2989에 있는 블록을 바꿨습니다
[J] [16:17:33] [Render thread/INFO]: [System] [CHAT] -2926, -52, 2989에 있는 블록을 바꿨습니다
[J] [16:17:33] [Render thread/INFO]: [System] [CHAT] -2926, -53, 2990에 있는 블록을 바꿨습니다
[J] [16:17:33] [Render thread/INFO]: [System] [CHAT] 성공적으로 블록 2개를 채웠습니다 [2]
[J] [16:17:33] [Render thread/INFO]: [System] [CHAT] -2926, -53, 2991에 있는 블록을 바꿨습니다
[J] [16:17:33] [Render thread/INFO]: [System] [CHAT] -2925, -53, 2981에 있는 블록을 바꿨습니다
[J] [16:17:33] [Render thread/INFO]: [System] [CHAT] 성공적으로 블록 6개를 채웠습니다
[J] [16:17:33] [Render thread/INFO]: [System] [CHAT] 성공적으로 블록 5개를 채웠습니다
[J] [16:17:33] [Render thread/INFO]: [System] [CHAT] 성공적으로 블록 2개를 채웠습니다 [3]
[J] [16:17:33] [Render thread/INFO]: [System] [CHAT] 성공적으로 블록 2개를 채웠습니다 [4]
[J] [16:17:33] [Render thread/INFO]: [System] [CHAT] 성공적으로 블록 2개를 채웠습니다 [5]
[J] [16:17:33] [Render thread/INFO]: [System] [CHAT] -2925, -52, 2987에 있는 블록을 바꿨습니다
[J] [16:17:33] [Render thread/INFO]: [System] [CHAT] 성공적으로 블록 3개를 채웠습니다
[J] [16:17:33] [Render thread/INFO]: [System] [CHAT] 성공적으로 블록 3개를 채웠습니다 [2]
[J] [16:17:33] [Render thread/INFO]: [System] [CHAT] 성공적으로 블록 2개를 채웠습니다 [6]
[J] [16:17:33] [Render thread/INFO]: [System] [CHAT] 성공적으로 블록 2개를 채웠습니다 [7]
[J] [16:17:33] [Render thread/INFO]: [System] [CHAT] -2925, -52, 2991에 있는 블록을 바꿨습니다
[J] [16:17:33] [Render thread/INFO]: [System] [CHAT] 성공적으로 블록 176개를 채웠습니다
[J] [16:17:33] [Render thread/INFO]: [System] [CHAT] -2944, -53, 2981에 있는 블록을 바꿨습니다
[J] [16:17:33] [Render thread/INFO]: [System] [CHAT] 성공적으로 블록 2개를 채웠습니다 [8]
[J] [16:17:33] [Render thread/INFO]: [System] [CHAT] 성공적으로 블록 3개를 채웠습니다 [3]
[J] [16:17:33] [Render thread/INFO]: [System] [CHAT] 성공적으로 블록 2개를 채웠습니다 [9]
[J] [16:17:33] [Render thread/INFO]: [System] [CHAT] -2944, -51, 2982에 있는 블록을 바꿨습니다
[J] [16:17:33] [Render thread/INFO]: [System] [CHAT] 성공적으로 블록 9개를 채웠습니다
[J] [16:17:33] [Render thread/INFO]: [System] [CHAT] 성공적으로 블록 4개를 채웠습니다
[J] [16:17:33] [Render thread/INFO]: [System] [CHAT] -2944, -20, 2982에 있는 블록을 바꿨습니다
[J] [16:17:33] [Render thread/INFO]: [System] [CHAT] -2944, -19, 2982에 있는 블록을 바꿨습니다
[J] [16:17:33] [Render thread/INFO]: [System] [CHAT] 성공적으로 블록 2개를 채웠습니다
[J] [16:17:33] [Render thread/INFO]: [System] [CHAT] -2944, -15, 2982에 있는 블록을 바꿨습니다
[J] [16:17:33] [Render thread/INFO]: [System] [CHAT] 성공적으로 블록 2개를 채웠습니다 [2]
[J] [16:17:33] [Render thread/INFO]: [System] [CHAT] -2944, -51, 2983에 있는 블록을 바꿨습니다
[J] [16:17:33] [Render thread/INFO]: [System] [CHAT] -2944, -50, 2983에 있는 블록을 바꿨습니다
[J] [16:17:33] [Render thread/INFO]: [System] [CHAT] 성공적으로 블록 10개를 채웠습니다
[J] [16:17:33] [Render thread/INFO]: [System] [CHAT] -2944, -39, 2983에 있는 블록을 바꿨습니다
[J] [16:17:33] [Render thread/INFO]: [System] [CHAT] 성공적으로 블록 10개를 채웠습니다 [2]
[J] [16:17:33] [Render thread/INFO]: [System] [CHAT] -2944, -28, 2983에 있는 블록을 바꿨습니다
[J] [16:17:33] [Render thread/INFO]: [System] [CHAT] 성공적으로 블록 10개를 채웠습니다 [3]
[J] [16:17:33] [Render thread/INFO]: [System] [CHAT] 성공적으로 블록 2개를 채웠습니다
[J] [16:17:33] [Render thread/INFO]: [System] [CHAT] 성공적으로 블록 4개를 채웠습니다
[J] [16:17:33] [Render thread/INFO]: [System] [CHAT] -2944, -51, 2984에 있는 블록을 바꿨습니다
[J] [16:17:33] [Render thread/INFO]: [System] [CHAT] 성공적으로 블록 8개를 채웠습니다
[J] [16:17:33] [Render thread/INFO]: [System] [CHAT] -2944, -49, 2984에 있는 블록을 바꿨습니다
[J] [16:17:33] [Render thread/INFO]: [System] [CHAT] 성공적으로 블록 6개를 채웠습니다
[J] [16:17:33] [Render thread/INFO]: [System] [CHAT] -2944, -42, 2984에 있는 블록을 바꿨습니다
[J] [16:17:33] [Render thread/INFO]: [System] [CHAT] -2944, -41, 2984에 있는 블록을 바꿨습니다
[J] [16:17:33] [Render thread/INFO]: [System] [CHAT] 성공적으로 블록 11개를 채웠습니다
[J] [16:17:33] [Render thread/INFO]: [System] [CHAT] 성공적으로 블록 84개를 채웠습니다
[J] [16:17:33] [Render thread/INFO]: [System] [CHAT] -2944, -26, 2984에 있는 블록을 바꿨습니다
[J] [16:17:33] [Render thread/INFO]: [System] [CHAT] -2944, -24, 2984에 있는 블록을 바꿨습니다
[J] [16:17:33] [Render thread/INFO]: [System] [CHAT] 성공적으로 블록 3개를 채웠습니다
[J] [16:17:33] [Render thread/INFO]: [System] [CHAT] 성공적으로 블록 3개를 채웠습니다 [2]
[J] [16:17:33] [Render thread/INFO]: [System] [CHAT] 성공적으로 블록 2개를 채웠습니다
[J] [16:17:33] [Render thread/INFO]: [System] [CHAT] 성공적으로 블록 3개를 채웠습니다 [3]
[J] [16:17:33] [Render thread/INFO]: [System] [CHAT] 성공적으로 블록 2개를 채웠습니다 [2]
[J] [16:17:33] [Render thread/INFO]: [System] [CHAT] 성공적으로 블록 8개를 채웠습니다
[J] [16:17:33] [Render thread/INFO]: [System] [CHAT] 성공적으로 블록 14개를 채웠습니다
[J] [16:17:33] [Render thread/INFO]: [System] [CHAT] 성공적으로 블록 96개를 채웠습니다
[J] [16:17:33] [Render thread/INFO]: [System] [CHAT] 성공적으로 블록 42개를 채웠습니다
[J] [16:17:33] [Render thread/INFO]: [System] [CHAT] 성공적으로 블록 10개를 채웠습니다
[J] [16:17:33] [Render thread/INFO]: [System] [CHAT] 성공적으로 블록 108개를 채웠습니다
[J] [16:17:33] [Render thread/INFO]: [System] [CHAT] 성공적으로 블록 84개를 채웠습니다
[J] [16:17:33] [Render thread/INFO]: [System] [CHAT] 성공적으로 블록 12개를 채웠습니다
[J] [16:17:33] [Render thread/INFO]: [System] [CHAT] 성공적으로 블록 3개를 채웠습니다
[J] [16:17:33] [Render thread/INFO]: [System] [CHAT] 성공적으로 블록 3개를 채웠습니다 [2]
[J] [16:17:33] [Render thread/INFO]: [System] [CHAT] 성공적으로 블록 3개를 채웠습니다 [3]
[J] [16:17:33] [Render thread/INFO]: [System] [CHAT] 성공적으로 블록 3개를 채웠습니다 [4]
[J] [16:17:33] [Render thread/INFO]: [System] [CHAT] -2944, -52, 2986에 있는 블록을 바꿨습니다
[J] [16:17:33] [Render thread/INFO]: [System] [CHAT] 성공적으로 블록 6개를 채웠습니다
[J] [16:17:33] [Render thread/INFO]: [System] [CHAT] 성공적으로 블록 13개를 채웠습니다
[J] [16:17:33] [Render thread/INFO]: [System] [CHAT] -2944, -52, 2987에 있는 블록을 바꿨습니다
[J] [16:17:33] [Render thread/INFO]: [System] [CHAT] 성공적으로 블록 6개를 채웠습니다 [2]
[J] [16:17:33] [Render thread/INFO]: [System] [CHAT] 성공적으로 블록 30개를 채웠습니다
[J] [16:17:33] [Render thread/INFO]: [System] [CHAT] -2944, -21, 2987에 있는 블록을 바꿨습니다
[J] [16:17:33] [Render thread/INFO]: [System] [CHAT] 성공적으로 블록 12개를 채웠습니다
[J] [16:17:33] [Render thread/INFO]: [System] [CHAT] -2944, -52, 2988에 있는 블록을 바꿨습니다
[J] [16:17:33] [Render thread/INFO]: [System] [CHAT] 성공적으로 블록 32개를 채웠습니다
[J] [16:17:33] [Render thread/INFO]: [System] [CHAT] 성공적으로 블록 44개를 채웠습니다
[J] [16:17:33] [Render thread/INFO]: [System] [CHAT] 성공적으로 블록 12개를 채웠습니다 [2]
[J] [16:17:33] [Render thread/INFO]: [System] [CHAT] 성공적으로 블록 4개를 채웠습니다
[J] [16:17:33] [Render thread/INFO]: [System] [CHAT] 성공적으로 블록 24개를 채웠습니다
[J] [16:17:33] [Render thread/INFO]: [System] [CHAT] 성공적으로 블록 26개를 채웠습니다
[J] [16:17:33] [Render thread/INFO]: [System] [CHAT] 성공적으로 블록 2개를 채웠습니다
[J] [16:17:33] [Render thread/INFO]: [System] [CHAT] 성공적으로 블록 42개를 채웠습니다
[J] [16:17:33] [Render thread/INFO]: [System] [CHAT] 성공적으로 블록 2개를 채웠습니다 [2]
[J] [16:17:33] [Render thread/INFO]: [System] [CHAT] 성공적으로 블록 3개를 채웠습니다
[J] [16:17:33] [Render thread/INFO]: [System] [CHAT] 성공적으로 블록 56개를 채웠습니다
[J] [16:17:33] [Render thread/INFO]: [System] [CHAT] 성공적으로 블록 2개를 채웠습니다 [3]
[J] [16:17:33] [Render thread/INFO]: [System] [CHAT] 성공적으로 블록 11개를 채웠습니다
[J] [16:17:33] [Render thread/INFO]: [System] [CHAT] 성공적으로 블록 45개를 채웠습니다
[J] [16:17:33] [Render thread/INFO]: [System] [CHAT] 성공적으로 블록 16개를 채웠습니다
[J] [16:17:34] [Render thread/INFO]: [System] [CHAT] -2944, -6, 2991에 있는 블록을 바꿨습니다
[J] [16:17:34] [Render thread/INFO]: [System] [CHAT] -2943, -53, 2981에 있는 블록을 바꿨습니다
[J] [16:17:34] [Render thread/INFO]: [System] [CHAT] -2943, -51, 2982에 있는 블록을 바꿨습니다
[J] [16:17:34] [Render thread/INFO]: [System] [CHAT] 성공적으로 블록 3개를 채웠습니다
[J] [16:17:34] [Render thread/INFO]: [System] [CHAT] -2943, -16, 2982에 있는 블록을 바꿨습니다
[J] [16:17:34] [Render thread/INFO]: [System] [CHAT] -2943, -53, 2983에 있는 블록을 바꿨습니다
[J] [16:17:34] [Render thread/INFO]: [System] [CHAT] 성공적으로 블록 2개를 채웠습니다
[J] [16:17:34] [Render thread/INFO]: [System] [CHAT] -2943, -51, 2983에 있는 블록을 바꿨습니다
[J] [16:17:34] [Render thread/INFO]: [System] [CHAT] -2943, -50, 2983에 있는 블록을 바꿨습니다
[J] [16:17:34] [Render thread/INFO]: [System] [CHAT] -2943, -49, 2983에 있는 블록을 바꿨습니다
[J] [16:17:34] [Render thread/INFO]: [System] [CHAT] -2943, -41, 2983에 있는 블록을 바꿨습니다
[J] [16:17:34] [Render thread/INFO]: [System] [CHAT] 성공적으로 블록 12개를 채웠습니다
[J] [16:17:34] [Render thread/INFO]: [System] [CHAT] -2943, -20, 2983에 있는 블록을 바꿨습니다
[J] [16:17:34] [Render thread/INFO]: [System] [CHAT] 성공적으로 블록 10개를 채웠습니다
[J] [16:17:34] [Render thread/INFO]: [System] [CHAT] 성공적으로 블록 6개를 채웠습니다
[J] [16:17:34] [Render thread/INFO]: [System] [CHAT] -2943, -51, 2984에 있는 블록을 바꿨습니다
[J] [16:17:34] [Render thread/INFO]: [System] [CHAT] 성공적으로 블록 9개를 채웠습니다
[J] [16:17:34] [Render thread/INFO]: [System] [CHAT] -2943, -21, 2984에 있는 블록을 바꿨습니다
[J] [16:17:34] [Render thread/INFO]: [System] [CHAT] -2943, -20, 2984에 있는 블록을 바꿨습니다
[J] [16:17:34] [Render thread/INFO]: [System] [CHAT] -2943, -53, 2985에 있는 블록을 바꿨습니다
[J] [16:17:34] [Render thread/INFO]: [System] [CHAT] 성공적으로 블록 2개를 채웠습니다
[J] [16:17:34] [Render thread/INFO]: [System] [CHAT] 성공적으로 블록 2개를 채웠습니다 [2]
[J] [16:17:34] [Render thread/INFO]: [System] [CHAT] -2943, -24, 2985에 있는 블록을 바꿨습니다
[J] [16:17:34] [Render thread/INFO]: [System] [CHAT] 성공적으로 블록 2개를 채웠습니다 [3]
[J] [16:17:34] [Render thread/INFO]: [System] [CHAT] 성공적으로 블록 3개를 채웠습니다
[J] [16:17:34] [Render thread/INFO]: [System] [CHAT] -2943, -52, 2986에 있는 블록을 바꿨습니다
[J] [16:17:34] [Render thread/INFO]: [System] [CHAT] 성공적으로 블록 3개를 채웠습니다 [2]
[J] [16:17:34] [Render thread/INFO]: [System] [CHAT] 성공적으로 블록 2개를 채웠습니다 [4]
[J] [16:17:34] [Render thread/INFO]: [System] [CHAT] 성공적으로 블록 2개를 채웠습니다 [5]
[J] [16:17:34] [Render thread/INFO]: [System] [CHAT] -2943, -52, 2989에 있는 블록을 바꿨습니다
[J] [16:17:34] [Render thread/INFO]: [System] [CHAT] 성공적으로 블록 2개를 채웠습니다 [6]
[J] [16:17:34] [Render thread/INFO]: [System] [CHAT] -2943, -52, 2991에 있는 블록을 바꿨습니다
[J] [16:17:34] [Render thread/INFO]: [System] [CHAT] -2943, -6, 2991에 있는 블록을 바꿨습니다
[J] [16:17:34] [Render thread/INFO]: [System] [CHAT] -2942, -53, 2981에 있는 블록을 바꿨습니다
[J] [16:17:34] [Render thread/INFO]: [System] [CHAT] 성공적으로 블록 2개를 채웠습니다 [7]
[J] [16:17:34] [Render thread/INFO]: [System] [CHAT] 성공적으로 블록 7개를 채웠습니다
[J] [16:17:34] [Render thread/INFO]: [System] [CHAT] -2942, -51, 2982에 있는 블록을 바꿨습니다
[J] [16:17:34] [Render thread/INFO]: [System] [CHAT] -2942, -20, 2982에 있는 블록을 바꿨습니다
[J] [16:17:34] [Render thread/INFO]: [System] [CHAT] -2942, -19, 2982에 있는 블록을 바꿨습니다
[J] [16:17:34] [Render thread/INFO]: [System] [CHAT] -2942, -53, 2983에 있는 블록을 바꿨습니다
[J] [16:17:34] [Render thread/INFO]: [System] [CHAT] -2942, -51, 2983에 있는 블록을 바꿨습니다
[J] [16:17:34] [Render thread/INFO]: [System] [CHAT] -2942, -50, 2983에 있는 블록을 바꿨습니다
[J] [16:17:34] [Render thread/INFO]: [System] [CHAT] -2942, -39, 2983에 있는 블록을 바꿨습니다
[J] [16:17:34] [Render thread/INFO]: [System] [CHAT] 성공적으로 블록 10개를 채웠습니다
[J] [16:17:34] [Render thread/INFO]: [System] [CHAT] -2942, -28, 2983에 있는 블록을 바꿨습니다
[J] [16:17:34] [Render thread/INFO]: [System] [CHAT] 성공적으로 블록 2개를 채웠습니다
[J] [16:17:34] [Render thread/INFO]: [System] [CHAT] 성공적으로 블록 2개를 채웠습니다 [2]
[J] [16:17:34] [Render thread/INFO]: [System] [CHAT] -2942, -52, 2984에 있는 블록을 바꿨습니다
[J] [16:17:34] [Render thread/INFO]: [System] [CHAT] -2942, -51, 2984에 있는 블록을 바꿨습니다
[J] [16:17:34] [Render thread/INFO]: [System] [CHAT] -2942, -49, 2984에 있는 블록을 바꿨습니다
[J] [16:17:34] [Render thread/INFO]: [System] [CHAT] 성공적으로 블록 6개를 채웠습니다
[J] [16:17:34] [Render thread/INFO]: [System] [CHAT] -2942, -42, 2984에 있는 블록을 바꿨습니다
[J] [16:17:34] [Render thread/INFO]: [System] [CHAT] -2942, -41, 2984에 있는 블록을 바꿨습니다
[J] [16:17:34] [Render thread/INFO]: [System] [CHAT] -2942, -26, 2984에 있는 블록을 바꿨습니다
[J] [16:17:34] [Render thread/INFO]: [System] [CHAT] -2942, -24, 2984에 있는 블록을 바꿨습니다
[J] [16:17:34] [Render thread/INFO]: [System] [CHAT] 성공적으로 블록 2개를 채웠습니다
[J] [16:17:34] [Render thread/INFO]: [System] [CHAT] 성공적으로 블록 3개를 채웠습니다
[J] [16:17:34] [Render thread/INFO]: [System] [CHAT] -2942, -53, 2985에 있는 블록을 바꿨습니다
[J] [16:17:34] [Render thread/INFO]: [System] [CHAT] 성공적으로 블록 6개를 채웠습니다
[J] [16:17:34] [Render thread/INFO]: [System] [CHAT] 성공적으로 블록 2개를 채웠습니다 [2]
[J] [16:17:34] [Render thread/INFO]: [System] [CHAT] 성공적으로 블록 3개를 채웠습니다 [2]
[J] [16:17:34] [Render thread/INFO]: [System] [CHAT] 성공적으로 블록 2개를 채웠습니다 [3]
[J] [16:17:34] [Render thread/INFO]: [System] [CHAT] -2942, -53, 2987에 있는 블록을 바꿨습니다
[J] [16:17:34] [Render thread/INFO]: [System] [CHAT] 성공적으로 블록 2개를 채웠습니다 [4]
[J] [16:17:34] [Render thread/INFO]: [System] [CHAT] -2942, -21, 2987에 있는 블록을 바꿨습니다
[J] [16:17:34] [Render thread/INFO]: [System] [CHAT] 성공적으로 블록 2개를 채웠습니다 [5]
[J] [16:17:34] [Render thread/INFO]: [System] [CHAT] 성공적으로 블록 2개를 채웠습니다 [6]
[J] [16:17:34] [Render thread/INFO]: [System] [CHAT] -2942, -53, 2990에 있는 블록을 바꿨습니다
[J] [16:17:34] [Render thread/INFO]: [System] [CHAT] -2942, -52, 2991에 있는 블록을 바꿨습니다
[J] [16:17:34] [Render thread/INFO]: [System] [CHAT] -2942, -6, 2991에 있는 블록을 바꿨습니다
[J] [16:17:34] [Render thread/INFO]: [System] [CHAT] -2941, -53, 2981에 있는 블록을 바꿨습니다
[J] [16:17:34] [Render thread/INFO]: [System] [CHAT] 성공적으로 블록 2개를 채웠습니다 [7]
[J] [16:17:34] [Render thread/INFO]: [System] [CHAT] -2941, -51, 2982에 있는 블록을 바꿨습니다
[J] [16:17:34] [Render thread/INFO]: [System] [CHAT] 성공적으로 블록 2개를 채웠습니다 [8]
[J] [16:17:34] [Render thread/INFO]: [System] [CHAT] 성공적으로 블록 2개를 채웠습니다 [9]
[J] [16:17:34] [Render thread/INFO]: [System] [CHAT] -2941, -50, 2983에 있는 블록을 바꿨습니다
[J] [16:17:34] [Render thread/INFO]: [System] [CHAT] -2941, -49, 2983에 있는 블록을 바꿨습니다
[J] [16:17:34] [Render thread/INFO]: [System] [CHAT] -2941, -41, 2983에 있는 블록을 바꿨습니다
[J] [16:17:34] [Render thread/INFO]: [System] [CHAT] 성공적으로 블록 12개를 채웠습니다
[J] [16:17:34] [Render thread/INFO]: [System] [CHAT] 성공적으로 블록 2개를 채웠습니다 [10]
[J] [16:17:34] [Render thread/INFO]: [System] [CHAT] -2941, -21, 2983에 있는 블록을 바꿨습니다
[J] [16:17:34] [Render thread/INFO]: [System] [CHAT] 성공적으로 블록 2개를 채웠습니다 [11]
[J] [16:17:34] [Render thread/INFO]: [System] [CHAT] 성공적으로 블록 9개를 채웠습니다
[J] [16:17:34] [Render thread/INFO]: [System] [CHAT] 성공적으로 블록 3개를 채웠습니다
[J] [16:17:34] [Render thread/INFO]: [System] [CHAT] 성공적으로 블록 4개를 채웠습니다
[J] [16:17:34] [Render thread/INFO]: [System] [CHAT] -2941, -22, 2984에 있는 블록을 바꿨습니다
[J] [16:17:34] [Render thread/INFO]: [System] [CHAT] -2941, -53, 2985에 있는 블록을 바꿨습니다
[J] [16:17:34] [Render thread/INFO]: [System] [CHAT] -2941, -52, 2985에 있는 블록을 바꿨습니다
[J] [16:17:34] [Render thread/INFO]: [System] [CHAT] 성공적으로 블록 10개를 채웠습니다
[J] [16:17:34] [Render thread/INFO]: [System] [CHAT] 성공적으로 블록 2개를 채웠습니다
[J] [16:17:34] [Render thread/INFO]: [System] [CHAT] -2941, -53, 2987에 있는 블록을 바꿨습니다
[J] [16:17:34] [Render thread/INFO]: [System] [CHAT] 성공적으로 블록 2개를 채웠습니다 [2]
[J] [16:17:34] [Render thread/INFO]: [System] [CHAT] 성공적으로 블록 4개를 채웠습니다
[J] [16:17:34] [Render thread/INFO]: [System] [CHAT] 성공적으로 블록 2개를 채웠습니다 [3]
[J] [16:17:34] [Render thread/INFO]: [System] [CHAT] -2941, -52, 2990에 있는 블록을 바꿨습니다
[J] [16:17:34] [Render thread/INFO]: [System] [CHAT] -2941, -53, 2991에 있는 블록을 바꿨습니다
[J] [16:17:34] [Render thread/INFO]: [System] [CHAT] 성공적으로 블록 2개를 채웠습니다 [4]
[J] [16:17:34] [Render thread/INFO]: [System] [CHAT] -2941, -6, 2991에 있는 블록을 바꿨습니다
[J] [16:17:34] [Render thread/INFO]: [System] [CHAT] -2940, -53, 2981에 있는 블록을 바꿨습니다
[J] [16:17:34] [Render thread/INFO]: [System] [CHAT] 성공적으로 블록 2개를 채웠습니다 [5]
[J] [16:17:34] [Render thread/INFO]: [System] [CHAT] -2940, -32, 2981에 있는 블록을 바꿨습니다
[J] [16:17:34] [Render thread/INFO]: [System] [CHAT] -2940, -31, 2981에 있는 블록을 바꿨습니다
[J] [16:17:34] [Render thread/INFO]: [System] [CHAT] -2940, -30, 2981에 있는 블록을 바꿨습니다
[J] [16:17:34] [Render thread/INFO]: [System] [CHAT] 성공적으로 블록 3개를 채웠습니다
[J] [16:17:34] [Render thread/INFO]: [System] [CHAT] -2940, -40, 2982에 있는 블록을 바꿨습니다
[J] [16:17:34] [Render thread/INFO]: [System] [CHAT] -2940, -39, 2982에 있는 블록을 바꿨습니다
[J] [16:17:34] [Render thread/INFO]: [System] [CHAT] -2940, -30, 2982에 있는 블록을 바꿨습니다
[J] [16:17:34] [Render thread/INFO]: [System] [CHAT] -2940, -29, 2982에 있는 블록을 바꿨습니다
[J] [16:17:34] [Render thread/INFO]: [System] [CHAT] -2940, -28, 2982에 있는 블록을 바꿨습니다
[J] [16:17:34] [Render thread/INFO]: [System] [CHAT] -2940, -27, 2982에 있는 블록을 바꿨습니다
[J] [16:17:34] [Render thread/INFO]: [System] [CHAT] 성공적으로 블록 2개를 채웠습니다
[J] [16:17:34] [Render thread/INFO]: [System] [CHAT] -2940, -50, 2983에 있는 블록을 바꿨습니다
[J] [16:17:34] [Render thread/INFO]: [System] [CHAT] -2940, -39, 2983에 있는 블록을 바꿨습니다
[J] [16:17:34] [Render thread/INFO]: [System] [CHAT] 성공적으로 블록 9개를 채웠습니다
[J] [16:17:34] [Render thread/INFO]: [System] [CHAT] -2940, -29, 2983에 있는 블록을 바꿨습니다
[J] [16:17:34] [Render thread/INFO]: [System] [CHAT] -2940, -28, 2983에 있는 블록을 바꿨습니다
[J] [16:17:34] [Render thread/INFO]: [System] [CHAT] -2940, -26, 2983에 있는 블록을 바꿨습니다
[J] [16:17:34] [Render thread/INFO]: [System] [CHAT] -2940, -24, 2983에 있는 블록을 바꿨습니다
[J] [16:17:34] [Render thread/INFO]: [System] [CHAT] -2940, -23, 2983에 있는 블록을 바꿨습니다
[J] [16:17:34] [Render thread/INFO]: [System] [CHAT] 성공적으로 블록 2개를 채웠습니다
[J] [16:17:34] [Render thread/INFO]: [System] [CHAT] -2940, -52, 2984에 있는 블록을 바꿨습니다
[J] [16:17:34] [Render thread/INFO]: [System] [CHAT] 성공적으로 블록 2개를 채웠습니다 [2]
[J] [16:17:34] [Render thread/INFO]: [System] [CHAT] -2940, -49, 2984에 있는 블록을 바꿨습니다
[J] [16:17:34] [Render thread/INFO]: [System] [CHAT] 성공적으로 블록 6개를 채웠습니다
[J] [16:17:34] [Render thread/INFO]: [System] [CHAT] -2940, -42, 2984에 있는 블록을 바꿨습니다
[J] [16:17:34] [Render thread/INFO]: [System] [CHAT] -2940, -41, 2984에 있는 블록을 바꿨습니다
[J] [16:17:34] [Render thread/INFO]: [System] [CHAT] -2940, -26, 2984에 있는 블록을 바꿨습니다
[J] [16:17:34] [Render thread/INFO]: [System] [CHAT] 성공적으로 블록 7개를 채웠습니다
[J] [16:17:34] [Render thread/INFO]: [System] [CHAT] 성공적으로 블록 4개를 채웠습니다
[J] [16:17:34] [Render thread/INFO]: [System] [CHAT] 성공적으로 블록 9개를 채웠습니다
[J] [16:17:34] [Render thread/INFO]: [System] [CHAT] 성공적으로 블록 7개를 채웠습니다 [2]
[J] [16:17:34] [Render thread/INFO]: [System] [CHAT] 성공적으로 블록 3개를 채웠습니다
[J] [16:17:34] [Render thread/INFO]: [System] [CHAT] 성공적으로 블록 2개를 채웠습니다
[J] [16:17:34] [Render thread/INFO]: [System] [CHAT] 성공적으로 블록 2개를 채웠습니다 [2]
[J] [16:17:34] [Render thread/INFO]: [System] [CHAT] 성공적으로 블록 4개를 채웠습니다 [2]
[J] [16:17:34] [Render thread/INFO]: [System] [CHAT] 성공적으로 블록 2개를 채웠습니다 [3]
[J] [16:17:34] [Render thread/INFO]: [System] [CHAT] 성공적으로 블록 2개를 채웠습니다 [4]
[J] [16:17:34] [Render thread/INFO]: [System] [CHAT] -2940, -53, 2988에 있는 블록을 바꿨습니다
[J] [16:17:34] [Render thread/INFO]: [System] [CHAT] 성공적으로 블록 2개를 채웠습니다 [5]
[J] [16:17:34] [Render thread/INFO]: [System] [CHAT] -2940, -52, 2989에 있는 블록을 바꿨습니다
[J] [16:17:34] [Render thread/INFO]: [System] [CHAT] 성공적으로 블록 4개를 채웠습니다 [3]
[J] [16:17:34] [Render thread/INFO]: [System] [CHAT] 성공적으로 블록 2개를 채웠습니다 [6]
[J] [16:17:34] [Render thread/INFO]: [System] [CHAT] -2940, -6, 2991에 있는 블록을 바꿨습니다
[J] [16:17:34] [Render thread/INFO]: [System] [CHAT] -2939, -53, 2981에 있는 블록을 바꿨습니다
[J] [16:17:34] [Render thread/INFO]: [System] [CHAT] -2939, -40, 2981에 있는 블록을 바꿨습니다
[J] [16:17:34] [Render thread/INFO]: [System] [CHAT] -2939, -39, 2981에 있는 블록을 바꿨습니다
[J] [16:17:34] [Render thread/INFO]: [System] [CHAT] -2939, -32, 2981에 있는 블록을 바꿨습니다
[J] [16:17:34] [Render thread/INFO]: [System] [CHAT] 성공적으로 블록 6개를 채웠습니다
[J] [16:17:34] [Render thread/INFO]: [System] [CHAT] -2939, -30, 2981에 있는 블록을 바꿨습니다
[J] [16:17:34] [Render thread/INFO]: [System] [CHAT] -2939, -53, 2982에 있는 블록을 바꿨습니다
[J] [16:17:34] [Render thread/INFO]: [System] [CHAT] -2939, -40, 2982에 있는 블록을 바꿨습니다
[J] [16:17:34] [Render thread/INFO]: [System] [CHAT] -2939, -39, 2982에 있는 블록을 바꿨습니다
[J] [16:17:34] [Render thread/INFO]: [System] [CHAT] 성공적으로 블록 9개를 채웠습니다
[J] [16:17:34] [Render thread/INFO]: [System] [CHAT] 성공적으로 블록 6개를 채웠습니다
[J] [16:17:34] [Render thread/INFO]: [System] [CHAT] -2939, -25, 2982에 있는 블록을 바꿨습니다
[J] [16:17:34] [Render thread/INFO]: [System] [CHAT] 성공적으로 블록 4개를 채웠습니다
[J] [16:17:34] [Render thread/INFO]: [System] [CHAT] -2939, -52, 2983에 있는 블록을 바꿨습니다
[J] [16:17:34] [Render thread/INFO]: [System] [CHAT] 성공적으로 블록 2개를 채웠습니다
[J] [16:17:34] [Render thread/INFO]: [System] [CHAT] -2939, -50, 2983에 있는 블록을 바꿨습니다
[J] [16:17:34] [Render thread/INFO]: [System] [CHAT] -2939, -49, 2983에 있는 블록을 바꿨습니다
[J] [16:17:35] [Render thread/INFO]: [System] [CHAT] -2939, -41, 2983에 있는 블록을 바꿨습니다
[J] [16:17:35] [Render thread/INFO]: [System] [CHAT] -2939, -39, 2983에 있는 블록을 바꿨습니다
[J] [16:17:35] [Render thread/INFO]: [System] [CHAT] 성공적으로 블록 9개를 채웠습니다
[J] [16:17:35] [Render thread/INFO]: [System] [CHAT] 성공적으로 블록 12개를 채웠습니다
[J] [16:17:35] [Render thread/INFO]: [System] [CHAT] -2939, -25, 2983에 있는 블록을 바꿨습니다
[J] [16:17:35] [Render thread/INFO]: [System] [CHAT] -2939, -24, 2983에 있는 블록을 바꿨습니다
[J] [16:17:35] [Render thread/INFO]: [System] [CHAT] -2939, -53, 2984에 있는 블록을 바꿨습니다
[J] [16:17:35] [Render thread/INFO]: [System] [CHAT] -2939, -52, 2984에 있는 블록을 바꿨습니다
[J] [16:17:35] [Render thread/INFO]: [System] [CHAT] 성공적으로 블록 9개를 채웠습니다
[J] [16:17:35] [Render thread/INFO]: [System] [CHAT] 성공적으로 블록 2개를 채웠습니다
[J] [16:17:35] [Render thread/INFO]: [System] [CHAT] 성공적으로 블록 7개를 채웠습니다
[J] [16:17:35] [Render thread/INFO]: [System] [CHAT] 성공적으로 블록 2개를 채웠습니다 [2]
[J] [16:17:35] [Render thread/INFO]: [System] [CHAT] 성공적으로 블록 10개를 채웠습니다
[J] [16:17:35] [Render thread/INFO]: [System] [CHAT] 성공적으로 블록 3개를 채웠습니다
[J] [16:17:35] [Render thread/INFO]: [System] [CHAT] -2939, -53, 2986에 있는 블록을 바꿨습니다
[J] [16:17:35] [Render thread/INFO]: [System] [CHAT] 성공적으로 블록 4개를 채웠습니다
[J] [16:17:35] [Render thread/INFO]: [System] [CHAT] -2939, -24, 2987에 있는 블록을 바꿨습니다
[J] [16:17:35] [Render thread/INFO]: [System] [CHAT] -2939, -53, 2988에 있는 블록을 바꿨습니다
[J] [16:17:35] [Render thread/INFO]: [System] [CHAT] -2939, -52, 2989에 있는 블록을 바꿨습니다
[J] [16:17:35] [Render thread/INFO]: [System] [CHAT] 성공적으로 블록 2개를 채웠습니다
[J] [16:17:35] [Render thread/INFO]: [System] [CHAT] -2939, -10, 2990에 있는 블록을 바꿨습니다
[J] [16:17:35] [Render thread/INFO]: [System] [CHAT] -2939, -9, 2990에 있는 블록을 바꿨습니다
[J] [16:17:35] [Render thread/INFO]: [System] [CHAT] -2939, -8, 2990에 있는 블록을 바꿨습니다
[J] [16:17:35] [Render thread/INFO]: [System] [CHAT] -2939, -52, 2991에 있는 블록을 바꿨습니다
[J] [16:17:35] [Render thread/INFO]: [System] [CHAT] -2939, -6, 2991에 있는 블록을 바꿨습니다
[J] [16:17:35] [Render thread/INFO]: [System] [CHAT] 성공적으로 블록 5개를 채웠습니다
[J] [16:17:35] [Render thread/INFO]: [System] [CHAT] -2938, -52, 2981에 있는 블록을 바꿨습니다
[J] [16:17:35] [Render thread/INFO]: [System] [CHAT] 성공적으로 블록 4개를 채웠습니다
[J] [16:17:35] [Render thread/INFO]: [System] [CHAT] 성공적으로 블록 6개를 채웠습니다
[J] [16:17:35] [Render thread/INFO]: [System] [CHAT] -2938, -40, 2982에 있는 블록을 바꿨습니다
[J] [16:17:35] [Render thread/INFO]: [System] [CHAT] -2938, -39, 2982에 있는 블록을 바꿨습니다
[J] [16:17:35] [Render thread/INFO]: [System] [CHAT] 성공적으로 블록 4개를 채웠습니다 [2]
[J] [16:17:35] [Render thread/INFO]: [System] [CHAT] -2938, -37, 2982에 있는 블록을 바꿨습니다
[J] [16:17:35] [Render thread/INFO]: [System] [CHAT] -2938, -35, 2982에 있는 블록을 바꿨습니다
[J] [16:17:35] [Render thread/INFO]: [System] [CHAT] 성공적으로 블록 16개를 채웠습니다
[J] [16:17:35] [Render thread/INFO]: [System] [CHAT] 성공적으로 블록 4개를 채웠습니다 [3]
[J] [16:17:35] [Render thread/INFO]: [System] [CHAT] 성공적으로 블록 2개를 채웠습니다
[J] [16:17:35] [Render thread/INFO]: [System] [CHAT] -2938, -52, 2983에 있는 블록을 바꿨습니다
[J] [16:17:35] [Render thread/INFO]: [System] [CHAT] -2938, -50, 2983에 있는 블록을 바꿨습니다
[J] [16:17:35] [Render thread/INFO]: [System] [CHAT] 성공적으로 블록 7개를 채웠습니다
[J] [16:17:35] [Render thread/INFO]: [System] [CHAT] 성공적으로 블록 4개를 채웠습니다 [4]
[J] [16:17:35] [Render thread/INFO]: [System] [CHAT] 성공적으로 블록 3개를 채웠습니다
[J] [16:17:35] [Render thread/INFO]: [System] [CHAT] 성공적으로 블록 8개를 채웠습니다
[J] [16:17:35] [Render thread/INFO]: [System] [CHAT] 성공적으로 블록 12개를 채웠습니다
[J] [16:17:35] [Render thread/INFO]: [System] [CHAT] 성공적으로 블록 4개를 채웠습니다 [5]
[J] [16:17:35] [Render thread/INFO]: [System] [CHAT] 성공적으로 블록 2개를 채웠습니다
[J] [16:17:35] [Render thread/INFO]: [System] [CHAT] 성공적으로 블록 4개를 채웠습니다 [6]
[J] [16:17:35] [Render thread/INFO]: [System] [CHAT] -2938, -52, 2984에 있는 블록을 바꿨습니다
[J] [16:17:35] [Render thread/INFO]: [System] [CHAT] 성공적으로 블록 2개를 채웠습니다 [2]
[J] [16:17:35] [Render thread/INFO]: [System] [CHAT] -2938, -49, 2984에 있는 블록을 바꿨습니다
[J] [16:17:35] [Render thread/INFO]: [System] [CHAT] 성공적으로 블록 6개를 채웠습니다
[J] [16:17:35] [Render thread/INFO]: [System] [CHAT] -2938, -42, 2984에 있는 블록을 바꿨습니다
[J] [16:17:35] [Render thread/INFO]: [System] [CHAT] -2938, -41, 2984에 있는 블록을 바꿨습니다
[J] [16:17:35] [Render thread/INFO]: [System] [CHAT] 성공적으로 블록 5개를 채웠습니다
[J] [16:17:35] [Render thread/INFO]: [System] [CHAT] 성공적으로 블록 4개를 채웠습니다
[J] [16:17:35] [Render thread/INFO]: [System] [CHAT] 성공적으로 블록 4개를 채웠습니다 [2]
[J] [16:17:35] [Render thread/INFO]: [System] [CHAT] 성공적으로 블록 8개를 채웠습니다
[J] [16:17:35] [Render thread/INFO]: [System] [CHAT] 성공적으로 블록 5개를 채웠습니다 [2]
[J] [16:17:35] [Render thread/INFO]: [System] [CHAT] 성공적으로 블록 7개를 채웠습니다
[J] [16:17:35] [Render thread/INFO]: [System] [CHAT] 성공적으로 블록 7개를 채웠습니다 [2]
[J] [16:17:35] [Render thread/INFO]: [System] [CHAT] -2938, -53, 2986에 있는 블록을 바꿨습니다
[J] [16:17:35] [Render thread/INFO]: [System] [CHAT] -2938, -52, 2986에 있는 블록을 바꿨습니다
[J] [16:17:35] [Render thread/INFO]: [System] [CHAT] 성공적으로 블록 2개를 채웠습니다
[J] [16:17:35] [Render thread/INFO]: [System] [CHAT] -2938, -39, 2986에 있는 블록을 바꿨습니다
[J] [16:17:35] [Render thread/INFO]: [System] [CHAT] 성공적으로 블록 3개를 채웠습니다
[J] [16:17:35] [Render thread/INFO]: [System] [CHAT] 성공적으로 블록 8개를 채웠습니다
[J] [16:17:35] [Render thread/INFO]: [System] [CHAT] 성공적으로 블록 15개를 채웠습니다
[J] [16:17:35] [Render thread/INFO]: [System] [CHAT] 성공적으로 블록 10개를 채웠습니다
[J] [16:17:35] [Render thread/INFO]: [System] [CHAT] -2938, -25, 2986에 있는 블록을 바꿨습니다
[J] [16:17:35] [Render thread/INFO]: [System] [CHAT] -2938, -22, 2986에 있는 블록을 바꿨습니다
[J] [16:17:35] [Render thread/INFO]: [System] [CHAT] -2938, -53, 2987에 있는 블록을 바꿨습니다
[J] [16:17:35] [Render thread/INFO]: [System] [CHAT] 성공적으로 블록 2개를 채웠습니다
[J] [16:17:35] [Render thread/INFO]: [System] [CHAT] -2938, -50, 2987에 있는 블록을 바꿨습니다
[J] [16:17:35] [Render thread/INFO]: [System] [CHAT] -2938, -49, 2987에 있는 블록을 바꿨습니다
[J] [16:17:35] [Render thread/INFO]: [System] [CHAT] 성공적으로 블록 5개를 채웠습니다
[J] [16:17:35] [Render thread/INFO]: [System] [CHAT] -2938, -43, 2987에 있는 블록을 바꿨습니다
[J] [16:17:35] [Render thread/INFO]: [System] [CHAT] 성공적으로 블록 5개를 채웠습니다 [2]
[J] [16:17:35] [Render thread/INFO]: [System] [CHAT] -2938, -41, 2987에 있는 블록을 바꿨습니다
[J] [16:17:35] [Render thread/INFO]: [System] [CHAT] 성공적으로 블록 5개를 채웠습니다 [3]
[J] [16:17:35] [Render thread/INFO]: [System] [CHAT] 성공적으로 블록 5개를 채웠습니다 [4]
[J] [16:17:35] [Render thread/INFO]: [System] [CHAT] 성공적으로 블록 10개를 채웠습니다
[J] [16:17:35] [Render thread/INFO]: [System] [CHAT] 성공적으로 블록 15개를 채웠습니다
[J] [16:17:35] [Render thread/INFO]: [System] [CHAT] -2938, -30, 2987에 있는 블록을 바꿨습니다
[J] [16:17:35] [Render thread/INFO]: [System] [CHAT] 성공적으로 블록 5개를 채웠습니다 [5]
[J] [16:17:35] [Render thread/INFO]: [System] [CHAT] 성공적으로 블록 7개를 채웠습니다
[J] [16:17:35] [Render thread/INFO]: [System] [CHAT] -2938, -53, 2988에 있는 블록을 바꿨습니다
[J] [16:17:35] [Render thread/INFO]: [System] [CHAT] 성공적으로 블록 2개를 채웠습니다
[J] [16:17:35] [Render thread/INFO]: [System] [CHAT] 성공적으로 블록 6개를 채웠습니다
[J] [16:17:35] [Render thread/INFO]: [System] [CHAT] -2938, -43, 2988에 있는 블록을 바꿨습니다
[J] [16:17:35] [Render thread/INFO]: [System] [CHAT] -2938, -41, 2988에 있는 블록을 바꿨습니다
[J] [16:17:35] [Render thread/INFO]: [System] [CHAT] 성공적으로 블록 14개를 채웠습니다
[J] [16:17:35] [Render thread/INFO]: [System] [CHAT] 성공적으로 블록 6개를 채웠습니다 [2]
[J] [16:17:35] [Render thread/INFO]: [System] [CHAT] 성공적으로 블록 2개를 채웠습니다 [2]
[J] [16:17:35] [Render thread/INFO]: [System] [CHAT] -2938, -38, 2989에 있는 블록을 바꿨습니다
[J] [16:17:35] [Render thread/INFO]: [System] [CHAT] 성공적으로 블록 3개를 채웠습니다
[J] [16:17:35] [Render thread/INFO]: [System] [CHAT] -2938, -34, 2989에 있는 블록을 바꿨습니다
[J] [16:17:35] [Render thread/INFO]: [System] [CHAT] 성공적으로 블록 24개를 채웠습니다
[J] [16:17:35] [Render thread/INFO]: [System] [CHAT] -2938, -41, 2990에 있는 블록을 바꿨습니다
[J] [16:17:35] [Render thread/INFO]: [System] [CHAT] 성공적으로 블록 5개를 채웠습니다
[J] [16:17:35] [Render thread/INFO]: [System] [CHAT] 성공적으로 블록 8개를 채웠습니다
[J] [16:17:35] [Render thread/INFO]: [System] [CHAT] 성공적으로 블록 2개를 채웠습니다
[J] [16:17:35] [Render thread/INFO]: [System] [CHAT] 성공적으로 블록 2개를 채웠습니다 [2]
[J] [16:17:35] [Render thread/INFO]: [System] [CHAT] -2938, -38, 2991에 있는 블록을 바꿨습니다
[J] [16:17:35] [Render thread/INFO]: [System] [CHAT] 성공적으로 블록 3개를 채웠습니다
[J] [16:17:35] [Render thread/INFO]: [System] [CHAT] -2938, -34, 2991에 있는 블록을 바꿨습니다
[J] [16:17:35] [Render thread/INFO]: [System] [CHAT] -2938, -6, 2991에 있는 블록을 바꿨습니다
[J] [16:17:35] [Render thread/INFO]: [System] [CHAT] 성공적으로 블록 2개를 채웠습니다 [3]
[J] [16:17:35] [Render thread/INFO]: [System] [CHAT] 성공적으로 블록 2개를 채웠습니다 [4]
[J] [16:17:35] [Render thread/INFO]: [System] [CHAT] 성공적으로 블록 2개를 채웠습니다 [5]
[J] [16:17:35] [Render thread/INFO]: [System] [CHAT] -2937, -51, 2982에 있는 블록을 바꿨습니다
[J] [16:17:35] [Render thread/INFO]: [System] [CHAT] 성공적으로 블록 2개를 채웠습니다 [6]
[J] [16:17:35] [Render thread/INFO]: [System] [CHAT] 성공적으로 블록 2개를 채웠습니다 [7]
[J] [16:17:35] [Render thread/INFO]: [System] [CHAT] 성공적으로 블록 2개를 채웠습니다 [8]
[J] [16:17:35] [Render thread/INFO]: [System] [CHAT] 성공적으로 블록 3개를 채웠습니다 [2]
[J] [16:17:35] [Render thread/INFO]: [System] [CHAT] -2937, -51, 2983에 있는 블록을 바꿨습니다
[J] [16:17:35] [Render thread/INFO]: [System] [CHAT] 성공적으로 블록 2개를 채웠습니다 [9]
[J] [16:17:35] [Render thread/INFO]: [System] [CHAT] -2937, -41, 2983에 있는 블록을 바꿨습니다
[J] [16:17:35] [Render thread/INFO]: [System] [CHAT] 성공적으로 블록 4개를 채웠습니다
[J] [16:17:35] [Render thread/INFO]: [System] [CHAT] 성공적으로 블록 2개를 채웠습니다 [10]
[J] [16:17:35] [Render thread/INFO]: [System] [CHAT] 성공적으로 블록 9개를 채웠습니다
[J] [16:17:35] [Render thread/INFO]: [System] [CHAT] 성공적으로 블록 3개를 채웠습니다
[J] [16:17:35] [Render thread/INFO]: [System] [CHAT] 성공적으로 블록 2개를 채웠습니다 [11]
[J] [16:17:35] [Render thread/INFO]: [System] [CHAT] 성공적으로 블록 8개를 채웠습니다
[J] [16:17:35] [Render thread/INFO]: [System] [CHAT] 성공적으로 블록 4개를 채웠습니다 [2]
[J] [16:17:35] [Render thread/INFO]: [System] [CHAT] 성공적으로 블록 2개를 채웠습니다 [12]
[J] [16:17:35] [Render thread/INFO]: [System] [CHAT] 성공적으로 블록 4개를 채웠습니다 [3]
[J] [16:17:35] [Render thread/INFO]: [System] [CHAT] -2937, -28, 2984에 있는 블록을 바꿨습니다
[J] [16:17:35] [Render thread/INFO]: [System] [CHAT] 성공적으로 블록 4개를 채웠습니다 [4]
[J] [16:17:35] [Render thread/INFO]: [System] [CHAT] 성공적으로 블록 4개를 채웠습니다 [5]
[J] [16:17:35] [Render thread/INFO]: [System] [CHAT] -2937, -49, 2985에 있는 블록을 바꿨습니다
[J] [16:17:35] [Render thread/INFO]: [System] [CHAT] 성공적으로 블록 10개를 채웠습니다
[J] [16:17:35] [Render thread/INFO]: [System] [CHAT] -2937, -43, 2985에 있는 블록을 바꿨습니다
[J] [16:17:35] [Render thread/INFO]: [System] [CHAT] 성공적으로 블록 2개를 채웠습니다
[J] [16:17:35] [Render thread/INFO]: [System] [CHAT] 성공적으로 블록 2개를 채웠습니다 [2]
[J] [16:17:35] [Render thread/INFO]: [System] [CHAT] 성공적으로 블록 3개를 채웠습니다
[J] [16:17:35] [Render thread/INFO]: [System] [CHAT] -2937, -52, 2986에 있는 블록을 바꿨습니다
[J] [16:17:35] [Render thread/INFO]: [System] [CHAT] 성공적으로 블록 2개를 채웠습니다 [3]
[J] [16:17:35] [Render thread/INFO]: [System] [CHAT] -2937, -49, 2986에 있는 블록을 바꿨습니다
[J] [16:17:35] [Render thread/INFO]: [System] [CHAT] -2937, -43, 2986에 있는 블록을 바꿨습니다
[J] [16:17:35] [Render thread/INFO]: [System] [CHAT] 성공적으로 블록 2개를 채웠습니다 [4]
[J] [16:17:35] [Render thread/INFO]: [System] [CHAT] -2937, -53, 2987에 있는 블록을 바꿨습니다
[J] [16:17:35] [Render thread/INFO]: [System] [CHAT] -2937, -50, 2987에 있는 블록을 바꿨습니다
[J] [16:17:35] [Render thread/INFO]: [System] [CHAT] 성공적으로 블록 9개를 채웠습니다
[J] [16:17:35] [Render thread/INFO]: [System] [CHAT] 성공적으로 블록 15개를 채웠습니다
[J] [16:17:35] [Render thread/INFO]: [System] [CHAT] 성공적으로 블록 6개를 채웠습니다
[J] [16:17:35] [Render thread/INFO]: [System] [CHAT] -2937, -34, 2987에 있는 블록을 바꿨습니다
[J] [16:17:35] [Render thread/INFO]: [System] [CHAT] 성공적으로 블록 20개를 채웠습니다
[J] [16:17:35] [Render thread/INFO]: [System] [CHAT] -2937, -28, 2987에 있는 블록을 바꿨습니다
[J] [16:17:35] [Render thread/INFO]: [System] [CHAT] 성공적으로 블록 7개를 채웠습니다
[J] [16:17:35] [Render thread/INFO]: [System] [CHAT] 성공적으로 블록 2개를 채웠습니다
[J] [16:17:35] [Render thread/INFO]: [System] [CHAT] 성공적으로 블록 2개를 채웠습니다 [2]
[J] [16:17:35] [Render thread/INFO]: [System] [CHAT] 성공적으로 블록 5개를 채웠습니다
[J] [16:17:35] [Render thread/INFO]: [System] [CHAT] -2937, -45, 2988에 있는 블록을 바꿨습니다
[J] [16:17:35] [Render thread/INFO]: [System] [CHAT] -2937, -44, 2988에 있는 블록을 바꿨습니다
[J] [16:17:35] [Render thread/INFO]: [System] [CHAT] 성공적으로 블록 2개를 채웠습니다 [3]
[J] [16:17:35] [Render thread/INFO]: [System] [CHAT] -2937, -42, 2988에 있는 블록을 바꿨습니다
[J] [16:17:35] [Render thread/INFO]: [System] [CHAT] 성공적으로 블록 2개를 채웠습니다 [4]
[J] [16:17:35] [Render thread/INFO]: [System] [CHAT] -2937, -34, 2988에 있는 블록을 바꿨습니다
[J] [16:17:35] [Render thread/INFO]: [System] [CHAT] 성공적으로 블록 4개를 채웠습니다
[J] [16:17:35] [Render thread/INFO]: [System] [CHAT] -2937, -42, 2989에 있는 블록을 바꿨습니다
[J] [16:17:36] [Render thread/INFO]: [System] [CHAT] 성공적으로 블록 3개를 채웠습니다
[J] [16:17:36] [Render thread/INFO]: [System] [CHAT] -2937, -34, 2989에 있는 블록을 바꿨습니다
[J] [16:17:36] [Render thread/INFO]: [System] [CHAT] -2937, -53, 2990에 있는 블록을 바꿨습니다
[J] [16:17:36] [Render thread/INFO]: [System] [CHAT] 성공적으로 블록 2개를 채웠습니다
[J] [16:17:36] [Render thread/INFO]: [System] [CHAT] -2937, -42, 2990에 있는 블록을 바꿨습니다
[J] [16:17:36] [Render thread/INFO]: [System] [CHAT] 성공적으로 블록 2개를 채웠습니다 [2]
[J] [16:17:36] [Render thread/INFO]: [System] [CHAT] 성공적으로 블록 3개를 채웠습니다 [2]
[J] [16:17:36] [Render thread/INFO]: [System] [CHAT] -2937, -34, 2990에 있는 블록을 바꿨습니다
[J] [16:17:36] [Render thread/INFO]: [System] [CHAT] 성공적으로 블록 3개를 채웠습니다 [3]
[J] [16:17:36] [Render thread/INFO]: [System] [CHAT] -2937, -52, 2991에 있는 블록을 바꿨습니다
[J] [16:17:36] [Render thread/INFO]: [System] [CHAT] -2937, -42, 2991에 있는 블록을 바꿨습니다
[J] [16:17:36] [Render thread/INFO]: [System] [CHAT] 성공적으로 블록 3개를 채웠습니다 [4]
[J] [16:17:36] [Render thread/INFO]: [System] [CHAT] -2937, -34, 2991에 있는 블록을 바꿨습니다
[J] [16:17:36] [Render thread/INFO]: [System] [CHAT] -2937, -6, 2991에 있는 블록을 바꿨습니다
[J] [16:17:36] [Render thread/INFO]: [System] [CHAT] -2936, -51, 2982에 있는 블록을 바꿨습니다
[J] [16:17:36] [Render thread/INFO]: [System] [CHAT] 성공적으로 블록 2개를 채웠습니다
[J] [16:17:36] [Render thread/INFO]: [System] [CHAT] 성공적으로 블록 2개를 채웠습니다 [2]
[J] [16:17:36] [Render thread/INFO]: [System] [CHAT] -2936, -30, 2983에 있는 블록을 바꿨습니다
[J] [16:17:36] [Render thread/INFO]: [System] [CHAT] 성공적으로 블록 2개를 채웠습니다 [3]
[J] [16:17:36] [Render thread/INFO]: [System] [CHAT] 성공적으로 블록 3개를 채웠습니다
[J] [16:17:36] [Render thread/INFO]: [System] [CHAT] -2936, -50, 2984에 있는 블록을 바꿨습니다
[J] [16:17:36] [Render thread/INFO]: [System] [CHAT] -2936, -49, 2984에 있는 블록을 바꿨습니다
[J] [16:17:36] [Render thread/INFO]: [System] [CHAT] -2936, -48, 2984에 있는 블록을 바꿨습니다
[J] [16:17:36] [Render thread/INFO]: [System] [CHAT] -2936, -47, 2984에 있는 블록을 바꿨습니다
[J] [16:17:36] [Render thread/INFO]: [System] [CHAT] -2936, -46, 2984에 있는 블록을 바꿨습니다
[J] [16:17:36] [Render thread/INFO]: [System] [CHAT] 성공적으로 블록 3개를 채웠습니다
[J] [16:17:36] [Render thread/INFO]: [System] [CHAT] -2936, -41, 2984에 있는 블록을 바꿨습니다
[J] [16:17:36] [Render thread/INFO]: [System] [CHAT] 성공적으로 블록 2개를 채웠습니다
[J] [16:17:36] [Render thread/INFO]: [System] [CHAT] 성공적으로 블록 2개를 채웠습니다 [2]
[J] [16:17:36] [Render thread/INFO]: [System] [CHAT] 성공적으로 블록 2개를 채웠습니다 [3]
[J] [16:17:36] [Render thread/INFO]: [System] [CHAT] 성공적으로 블록 4개를 채웠습니다
[J] [16:17:36] [Render thread/INFO]: [System] [CHAT] 성공적으로 블록 2개를 채웠습니다 [4]
[J] [16:17:36] [Render thread/INFO]: [System] [CHAT] 성공적으로 블록 12개를 채웠습니다
[J] [16:17:36] [Render thread/INFO]: [System] [CHAT] -2936, -41, 2985에 있는 블록을 바꿨습니다
[J] [16:17:36] [Render thread/INFO]: [System] [CHAT] 성공적으로 블록 4개를 채웠습니다 [2]
[J] [16:17:36] [Render thread/INFO]: [System] [CHAT] -2936, -41, 2986에 있는 블록을 바꿨습니다
[J] [16:17:36] [Render thread/INFO]: [System] [CHAT] -2936, -22, 2986에 있는 블록을 바꿨습니다
[J] [16:17:36] [Render thread/INFO]: [System] [CHAT] -2936, -53, 2987에 있는 블록을 바꿨습니다
[J] [16:17:36] [Render thread/INFO]: [System] [CHAT] -2936, -52, 2987에 있는 블록을 바꿨습니다
[J] [16:17:36] [Render thread/INFO]: [System] [CHAT] 성공적으로 블록 3개를 채웠습니다
[J] [16:17:36] [Render thread/INFO]: [System] [CHAT] -2936, -50, 2987에 있는 블록을 바꿨습니다
[J] [16:17:36] [Render thread/INFO]: [System] [CHAT] -2936, -49, 2987에 있는 블록을 바꿨습니다
[J] [16:17:36] [Render thread/INFO]: [System] [CHAT] -2936, -48, 2987에 있는 블록을 바꿨습니다
[J] [16:17:36] [Render thread/INFO]: [System] [CHAT] -2936, -47, 2987에 있는 블록을 바꿨습니다
[J] [16:17:36] [Render thread/INFO]: [System] [CHAT] -2936, -46, 2987에 있는 블록을 바꿨습니다
[J] [16:17:36] [Render thread/INFO]: [System] [CHAT] 성공적으로 블록 3개를 채웠습니다
[J] [16:17:36] [Render thread/INFO]: [System] [CHAT] -2936, -41, 2987에 있는 블록을 바꿨습니다
[J] [16:17:36] [Render thread/INFO]: [System] [CHAT] 성공적으로 블록 2개를 채웠습니다
[J] [16:17:36] [Render thread/INFO]: [System] [CHAT] 성공적으로 블록 7개를 채웠습니다
[J] [16:17:36] [Render thread/INFO]: [System] [CHAT] 성공적으로 블록 2개를 채웠습니다 [2]
[J] [16:17:36] [Render thread/INFO]: [System] [CHAT] 성공적으로 블록 7개를 채웠습니다 [2]
[J] [16:17:36] [Render thread/INFO]: [System] [CHAT] 성공적으로 블록 4개를 채웠습니다
[J] [16:17:36] [Render thread/INFO]: [System] [CHAT] 성공적으로 블록 4개를 채웠습니다 [2]
[J] [16:17:36] [Render thread/INFO]: [System] [CHAT] -2936, -44, 2988에 있는 블록을 바꿨습니다
[J] [16:17:36] [Render thread/INFO]: [System] [CHAT] 성공적으로 블록 2개를 채웠습니다 [3]
[J] [16:17:36] [Render thread/INFO]: [System] [CHAT] -2936, -39, 2988에 있는 블록을 바꿨습니다
[J] [16:17:36] [Render thread/INFO]: [System] [CHAT] 성공적으로 블록 4개를 채웠습니다 [3]
[J] [16:17:36] [Render thread/INFO]: [System] [CHAT] -2936, -36, 2988에 있는 블록을 바꿨습니다
[J] [16:17:36] [Render thread/INFO]: [System] [CHAT] -2936, -35, 2988에 있는 블록을 바꿨습니다
[J] [16:17:36] [Render thread/INFO]: [System] [CHAT] -2936, -34, 2988에 있는 블록을 바꿨습니다
[J] [16:17:36] [Render thread/INFO]: [System] [CHAT] 성공적으로 블록 2개를 채웠습니다
[J] [16:17:36] [Render thread/INFO]: [System] [CHAT] 성공적으로 블록 3개를 채웠습니다
[J] [16:17:36] [Render thread/INFO]: [System] [CHAT] -2936, -42, 2989에 있는 블록을 바꿨습니다
[J] [16:17:36] [Render thread/INFO]: [System] [CHAT] -2936, -40, 2989에 있는 블록을 바꿨습니다
[J] [16:17:36] [Render thread/INFO]: [System] [CHAT] -2936, -39, 2989에 있는 블록을 바꿨습니다
[J] [16:17:36] [Render thread/INFO]: [System] [CHAT] 성공적으로 블록 2개를 채웠습니다 [2]
[J] [16:17:36] [Render thread/INFO]: [System] [CHAT] -2936, -35, 2989에 있는 블록을 바꿨습니다
[J] [16:17:36] [Render thread/INFO]: [System] [CHAT] -2936, -34, 2989에 있는 블록을 바꿨습니다
[J] [16:17:36] [Render thread/INFO]: [System] [CHAT] -2936, -33, 2989에 있는 블록을 바꿨습니다
[J] [16:17:36] [Render thread/INFO]: [System] [CHAT] -2936, -53, 2990에 있는 블록을 바꿨습니다
[J] [16:17:36] [Render thread/INFO]: [System] [CHAT] -2936, -52, 2990에 있는 블록을 바꿨습니다
[J] [16:17:36] [Render thread/INFO]: [System] [CHAT] 성공적으로 블록 2개를 채웠습니다
[J] [16:17:36] [Render thread/INFO]: [System] [CHAT] -2936, -40, 2990에 있는 블록을 바꿨습니다
[J] [16:17:36] [Render thread/INFO]: [System] [CHAT] -2936, -39, 2990에 있는 블록을 바꿨습니다
[J] [16:17:36] [Render thread/INFO]: [System] [CHAT] -2936, -36, 2990에 있는 블록을 바꿨습니다
[J] [16:17:36] [Render thread/INFO]: [System] [CHAT] -2936, -35, 2990에 있는 블록을 바꿨습니다
[J] [16:17:36] [Render thread/INFO]: [System] [CHAT] -2936, -34, 2990에 있는 블록을 바꿨습니다
[J] [16:17:36] [Render thread/INFO]: [System] [CHAT] -2936, -52, 2991에 있는 블록을 바꿨습니다
[J] [16:17:36] [Render thread/INFO]: [System] [CHAT] -2936, -42, 2991에 있는 블록을 바꿨습니다
[J] [16:17:36] [Render thread/INFO]: [System] [CHAT] -2936, -40, 2991에 있는 블록을 바꿨습니다
[J] [16:17:36] [Render thread/INFO]: [System] [CHAT] -2936, -39, 2991에 있는 블록을 바꿨습니다
[J] [16:17:36] [Render thread/INFO]: [System] [CHAT] 성공적으로 블록 2개를 채웠습니다
[J] [16:17:36] [Render thread/INFO]: [System] [CHAT] -2936, -35, 2991에 있는 블록을 바꿨습니다
[J] [16:17:36] [Render thread/INFO]: [System] [CHAT] -2936, -34, 2991에 있는 블록을 바꿨습니다
[J] [16:17:36] [Render thread/INFO]: [System] [CHAT] -2936, -6, 2991에 있는 블록을 바꿨습니다
[J] [16:17:36] [Render thread/INFO]: [System] [CHAT] 성공적으로 블록 2개를 채웠습니다 [2]
[J] [16:17:36] [Render thread/INFO]: [System] [CHAT] -2935, -52, 2982에 있는 블록을 바꿨습니다
[J] [16:17:36] [Render thread/INFO]: [System] [CHAT] 성공적으로 블록 2개를 채웠습니다 [3]
[J] [16:17:36] [Render thread/INFO]: [System] [CHAT] 성공적으로 블록 10개를 채웠습니다
[J] [16:17:36] [Render thread/INFO]: [System] [CHAT] -2935, -40, 2982에 있는 블록을 바꿨습니다
[J] [16:17:36] [Render thread/INFO]: [System] [CHAT] -2935, -39, 2982에 있는 블록을 바꿨습니다
[J] [16:17:36] [Render thread/INFO]: [System] [CHAT] -2935, -37, 2982에 있는 블록을 바꿨습니다
[J] [16:17:36] [Render thread/INFO]: [System] [CHAT] -2935, -35, 2982에 있는 블록을 바꿨습니다
[J] [16:17:36] [Render thread/INFO]: [System] [CHAT] -2935, -53, 2983에 있는 블록을 바꿨습니다
[J] [16:17:36] [Render thread/INFO]: [System] [CHAT] 성공적으로 블록 10개를 채웠습니다
[J] [16:17:36] [Render thread/INFO]: [System] [CHAT] -2935, -38, 2983에 있는 블록을 바꿨습니다
[J] [16:17:36] [Render thread/INFO]: [System] [CHAT] 성공적으로 블록 3개를 채웠습니다
[J] [16:17:36] [Render thread/INFO]: [System] [CHAT] -2935, -32, 2983에 있는 블록을 바꿨습니다
[J] [16:17:36] [Render thread/INFO]: [System] [CHAT] 성공적으로 블록 4개를 채웠습니다
[J] [16:17:36] [Render thread/INFO]: [System] [CHAT] 성공적으로 블록 4개를 채웠습니다 [2]
[J] [16:17:36] [Render thread/INFO]: [System] [CHAT] 성공적으로 블록 3개를 채웠습니다 [2]
[J] [16:17:36] [Render thread/INFO]: [System] [CHAT] -2935, -41, 2984에 있는 블록을 바꿨습니다
[J] [16:17:36] [Render thread/INFO]: [System] [CHAT] 성공적으로 블록 2개를 채웠습니다
[J] [16:17:36] [Render thread/INFO]: [System] [CHAT] 성공적으로 블록 6개를 채웠습니다
[J] [16:17:36] [Render thread/INFO]: [System] [CHAT] 성공적으로 블록 2개를 채웠습니다 [2]
[J] [16:17:36] [Render thread/INFO]: [System] [CHAT] -2935, -33, 2984에 있는 블록을 바꿨습니다
[J] [16:17:36] [Render thread/INFO]: [System] [CHAT] -2935, -32, 2984에 있는 블록을 바꿨습니다
[J] [16:17:36] [Render thread/INFO]: [System] [CHAT] 성공적으로 블록 3개를 채웠습니다
[J] [16:17:36] [Render thread/INFO]: [System] [CHAT] -2935, -28, 2984에 있는 블록을 바꿨습니다
[J] [16:17:36] [Render thread/INFO]: [System] [CHAT] 성공적으로 블록 2개를 채웠습니다 [3]
[J] [16:17:36] [Render thread/INFO]: [System] [CHAT] -2935, -33, 2985에 있는 블록을 바꿨습니다
[J] [16:17:36] [Render thread/INFO]: [System] [CHAT] -2935, -32, 2985에 있는 블록을 바꿨습니다
[J] [16:17:36] [Render thread/INFO]: [System] [CHAT] -2935, -28, 2985에 있는 블록을 바꿨습니다
[J] [16:17:36] [Render thread/INFO]: [System] [CHAT] -2935, -39, 2986에 있는 블록을 바꿨습니다
[J] [16:17:36] [Render thread/INFO]: [System] [CHAT] -2935, -38, 2986에 있는 블록을 바꿨습니다
[J] [16:17:36] [Render thread/INFO]: [System] [CHAT] 성공적으로 블록 3개를 채웠습니다
[J] [16:17:36] [Render thread/INFO]: [System] [CHAT] -2935, -32, 2986에 있는 블록을 바꿨습니다
[J] [16:17:36] [Render thread/INFO]: [System] [CHAT] 성공적으로 블록 4개를 채웠습니다
[J] [16:17:36] [Render thread/INFO]: [System] [CHAT] -2935, -52, 2987에 있는 블록을 바꿨습니다
[J] [16:17:36] [Render thread/INFO]: [System] [CHAT] -2935, -42, 2987에 있는 블록을 바꿨습니다
[J] [16:17:36] [Render thread/INFO]: [System] [CHAT] -2935, -41, 2987에 있는 블록을 바꿨습니다
[J] [16:17:36] [Render thread/INFO]: [System] [CHAT] -2935, -40, 2987에 있는 블록을 바꿨습니다
[J] [16:17:36] [Render thread/INFO]: [System] [CHAT] -2935, -39, 2987에 있는 블록을 바꿨습니다
[J] [16:17:36] [Render thread/INFO]: [System] [CHAT] -2935, -38, 2987에 있는 블록을 바꿨습니다
[J] [16:17:36] [Render thread/INFO]: [System] [CHAT] 성공적으로 블록 5개를 채웠습니다
[J] [16:17:36] [Render thread/INFO]: [System] [CHAT] 성공적으로 블록 2개를 채웠습니다
[J] [16:17:36] [Render thread/INFO]: [System] [CHAT] 성공적으로 블록 7개를 채웠습니다
[J] [16:17:36] [Render thread/INFO]: [System] [CHAT] 성공적으로 블록 4개를 채웠습니다
[J] [16:17:36] [Render thread/INFO]: [System] [CHAT] -2935, -40, 2988에 있는 블록을 바꿨습니다
[J] [16:17:36] [Render thread/INFO]: [System] [CHAT] -2935, -39, 2988에 있는 블록을 바꿨습니다
[J] [16:17:36] [Render thread/INFO]: [System] [CHAT] -2935, -42, 2989에 있는 블록을 바꿨습니다
[J] [16:17:36] [Render thread/INFO]: [System] [CHAT] 성공적으로 블록 2개를 채웠습니다
[J] [16:17:36] [Render thread/INFO]: [System] [CHAT] -2935, -40, 2990에 있는 블록을 바꿨습니다
[J] [16:17:36] [Render thread/INFO]: [System] [CHAT] -2935, -39, 2990에 있는 블록을 바꿨습니다
[J] [16:17:36] [Render thread/INFO]: [System] [CHAT] -2935, -30, 2990에 있는 블록을 바꿨습니다
[J] [16:17:36] [Render thread/INFO]: [System] [CHAT] -2935, -52, 2991에 있는 블록을 바꿨습니다
[J] [16:17:36] [Render thread/INFO]: [System] [CHAT] -2935, -42, 2991에 있는 블록을 바꿨습니다
[J] [16:17:36] [Render thread/INFO]: [System] [CHAT] 성공적으로 블록 2개를 채웠습니다
[J] [16:17:36] [Render thread/INFO]: [System] [CHAT] -2935, -6, 2991에 있는 블록을 바꿨습니다
[J] [16:17:36] [Render thread/INFO]: [System] [CHAT] -2934, -40, 2981에 있는 블록을 바꿨습니다
[J] [16:17:36] [Render thread/INFO]: [System] [CHAT] -2934, -39, 2981에 있는 블록을 바꿨습니다
[J] [16:17:36] [Render thread/INFO]: [System] [CHAT] -2934, -32, 2981에 있는 블록을 바꿨습니다
[J] [16:17:36] [Render thread/INFO]: [System] [CHAT] -2934, -30, 2981에 있는 블록을 바꿨습니다
[J] [16:17:36] [Render thread/INFO]: [System] [CHAT] -2934, -52, 2982에 있는 블록을 바꿨습니다
[J] [16:17:36] [Render thread/INFO]: [System] [CHAT] 성공적으로 블록 10개를 채웠습니다
[J] [16:17:36] [Render thread/INFO]: [System] [CHAT] -2934, -40, 2982에 있는 블록을 바꿨습니다
[J] [16:17:36] [Render thread/INFO]: [System] [CHAT] -2934, -39, 2982에 있는 블록을 바꿨습니다
[J] [16:17:36] [Render thread/INFO]: [System] [CHAT] 성공적으로 블록 9개를 채웠습니다
[J] [16:17:36] [Render thread/INFO]: [System] [CHAT] 성공적으로 블록 2개를 채웠습니다
[J] [16:17:36] [Render thread/INFO]: [System] [CHAT] -2934, -52, 2983에 있는 블록을 바꿨습니다
[J] [16:17:36] [Render thread/INFO]: [System] [CHAT] -2934, -51, 2983에 있는 블록을 바꿨습니다
[J] [16:17:36] [Render thread/INFO]: [System] [CHAT] 성공적으로 블록 10개를 채웠습니다
[J] [16:17:36] [Render thread/INFO]: [System] [CHAT] -2934, -40, 2983에 있는 블록을 바꿨습니다
[J] [16:17:36] [Render thread/INFO]: [System] [CHAT] -2934, -39, 2983에 있는 블록을 바꿨습니다
[J] [16:17:36] [Render thread/INFO]: [System] [CHAT] 성공적으로 블록 4개를 채웠습니다
[J] [16:17:36] [Render thread/INFO]: [System] [CHAT] -2934, -33, 2983에 있는 블록을 바꿨습니다
[J] [16:17:36] [Render thread/INFO]: [System] [CHAT] 성공적으로 블록 4개를 채웠습니다 [2]
[J] [16:17:36] [Render thread/INFO]: [System] [CHAT] 성공적으로 블록 4개를 채웠습니다 [3]
[J] [16:17:36] [Render thread/INFO]: [System] [CHAT] -2934, -29, 2983에 있는 블록을 바꿨습니다
[J] [16:17:36] [Render thread/INFO]: [System] [CHAT] -2934, -53, 2984에 있는 블록을 바꿨습니다
[J] [16:17:37] [Render thread/INFO]: [System] [CHAT] -2934, -52, 2984에 있는 블록을 바꿨습니다
[J] [16:17:37] [Render thread/INFO]: [System] [CHAT] 성공적으로 블록 4개를 채웠습니다 [4]
[J] [16:17:37] [Render thread/INFO]: [System] [CHAT] -2934, -39, 2984에 있는 블록을 바꿨습니다
[J] [16:17:37] [Render thread/INFO]: [System] [CHAT] 성공적으로 블록 8개를 채웠습니다
[J] [16:17:37] [Render thread/INFO]: [System] [CHAT] 성공적으로 블록 2개를 채웠습니다
[J] [16:17:37] [Render thread/INFO]: [System] [CHAT] -2934, -28, 2984에 있는 블록을 바꿨습니다
[J] [16:17:37] [Render thread/INFO]: [System] [CHAT] 성공적으로 블록 2개를 채웠습니다 [2]
[J] [16:17:37] [Render thread/INFO]: [System] [CHAT] -2934, -52, 2985에 있는 블록을 바꿨습니다
[J] [16:17:37] [Render thread/INFO]: [System] [CHAT] -2934, -51, 2985에 있는 블록을 바꿨습니다
[J] [16:17:37] [Render thread/INFO]: [System] [CHAT] 성공적으로 블록 2개를 채웠습니다 [3]
[J] [16:17:37] [Render thread/INFO]: [System] [CHAT] 성공적으로 블록 2개를 채웠습니다 [4]
[J] [16:17:37] [Render thread/INFO]: [System] [CHAT] -2934, -28, 2985에 있는 블록을 바꿨습니다
[J] [16:17:37] [Render thread/INFO]: [System] [CHAT] -2934, -53, 2986에 있는 블록을 바꿨습니다
[J] [16:17:37] [Render thread/INFO]: [System] [CHAT] -2934, -52, 2986에 있는 블록을 바꿨습니다
[J] [16:17:37] [Render thread/INFO]: [System] [CHAT] -2934, -51, 2986에 있는 블록을 바꿨습니다
[J] [16:17:37] [Render thread/INFO]: [System] [CHAT] -2934, -33, 2986에 있는 블록을 바꿨습니다
[J] [16:17:37] [Render thread/INFO]: [System] [CHAT] -2934, -29, 2986에 있는 블록을 바꿨습니다
[J] [16:17:37] [Render thread/INFO]: [System] [CHAT] -2934, -22, 2986에 있는 블록을 바꿨습니다
[J] [16:17:37] [Render thread/INFO]: [System] [CHAT] 성공적으로 블록 2개를 채웠습니다
[J] [16:17:37] [Render thread/INFO]: [System] [CHAT] 성공적으로 블록 5개를 채웠습니다
[J] [16:17:37] [Render thread/INFO]: [System] [CHAT] 성공적으로 블록 15개를 채웠습니다
[J] [16:17:37] [Render thread/INFO]: [System] [CHAT] 성공적으로 블록 8개를 채웠습니다
[J] [16:17:37] [Render thread/INFO]: [System] [CHAT] 성공적으로 블록 7개를 채웠습니다
[J] [16:17:37] [Render thread/INFO]: [System] [CHAT] -2934, -43, 2988에 있는 블록을 바꿨습니다
[J] [16:17:37] [Render thread/INFO]: [System] [CHAT] 성공적으로 블록 4개를 채웠습니다
[J] [16:17:37] [Render thread/INFO]: [System] [CHAT] 성공적으로 블록 4개를 채웠습니다 [2]
[J] [16:17:37] [Render thread/INFO]: [System] [CHAT] -2934, -32, 2988에 있는 블록을 바꿨습니다
[J] [16:17:37] [Render thread/INFO]: [System] [CHAT] -2934, -30, 2988에 있는 블록을 바꿨습니다
[J] [16:17:37] [Render thread/INFO]: [System] [CHAT] 성공적으로 블록 2개를 채웠습니다
[J] [16:17:37] [Render thread/INFO]: [System] [CHAT] -2934, -43, 2989에 있는 블록을 바꿨습니다
[J] [16:17:37] [Render thread/INFO]: [System] [CHAT] -2934, -32, 2989에 있는 블록을 바꿨습니다
[J] [16:17:37] [Render thread/INFO]: [System] [CHAT] -2934, -53, 2990에 있는 블록을 바꿨습니다
[J] [16:17:37] [Render thread/INFO]: [System] [CHAT] -2934, -43, 2990에 있는 블록을 바꿨습니다
[J] [16:17:37] [Render thread/INFO]: [System] [CHAT] 성공적으로 블록 3개를 채웠습니다
[J] [16:17:37] [Render thread/INFO]: [System] [CHAT] 성공적으로 블록 4개를 채웠습니다
[J] [16:17:37] [Render thread/INFO]: [System] [CHAT] 성공적으로 블록 3개를 채웠습니다 [2]
[J] [16:17:37] [Render thread/INFO]: [System] [CHAT] -2934, -53, 2991에 있는 블록을 바꿨습니다
[J] [16:17:37] [Render thread/INFO]: [System] [CHAT] 성공적으로 블록 3개를 채웠습니다 [3]
[J] [16:17:37] [Render thread/INFO]: [System] [CHAT] -2934, -43, 2991에 있는 블록을 바꿨습니다
[J] [16:17:37] [Render thread/INFO]: [System] [CHAT] 성공적으로 블록 2개를 채웠습니다
[J] [16:17:37] [Render thread/INFO]: [System] [CHAT] -2934, -6, 2991에 있는 블록을 바꿨습니다
[J] [16:17:37] [Render thread/INFO]: [System] [CHAT] 성공적으로 블록 2개를 채웠습니다 [2]
[J] [16:17:37] [Render thread/INFO]: [System] [CHAT] 성공적으로 블록 2개를 채웠습니다 [3]
[J] [16:17:37] [Render thread/INFO]: [System] [CHAT] -2933, -32, 2981에 있는 블록을 바꿨습니다
[J] [16:17:37] [Render thread/INFO]: [System] [CHAT] -2933, -31, 2981에 있는 블록을 바꿨습니다
[J] [16:17:37] [Render thread/INFO]: [System] [CHAT] -2933, -30, 2981에 있는 블록을 바꿨습니다
[J] [16:17:37] [Render thread/INFO]: [System] [CHAT] -2933, -52, 2982에 있는 블록을 바꿨습니다
[J] [16:17:37] [Render thread/INFO]: [System] [CHAT] -2933, -51, 2982에 있는 블록을 바꿨습니다
[J] [16:17:37] [Render thread/INFO]: [System] [CHAT] -2933, -40, 2982에 있는 블록을 바꿨습니다
[J] [16:17:37] [Render thread/INFO]: [System] [CHAT] -2933, -39, 2982에 있는 블록을 바꿨습니다
[J] [16:17:37] [Render thread/INFO]: [System] [CHAT] 성공적으로 블록 2개를 채웠습니다
[J] [16:17:37] [Render thread/INFO]: [System] [CHAT] -2933, -30, 2982에 있는 블록을 바꿨습니다
[J] [16:17:37] [Render thread/INFO]: [System] [CHAT] 성공적으로 블록 2개를 채웠습니다 [2]
[J] [16:17:37] [Render thread/INFO]: [System] [CHAT] 성공적으로 블록 2개를 채웠습니다 [3]
[J] [16:17:37] [Render thread/INFO]: [System] [CHAT] -2933, -26, 2982에 있는 블록을 바꿨습니다
[J] [16:17:37] [Render thread/INFO]: [System] [CHAT] -2933, -52, 2983에 있는 블록을 바꿨습니다
[J] [16:17:37] [Render thread/INFO]: [System] [CHAT] -2933, -51, 2983에 있는 블록을 바꿨습니다
[J] [16:17:37] [Render thread/INFO]: [System] [CHAT] -2933, -50, 2983에 있는 블록을 바꿨습니다
[J] [16:17:37] [Render thread/INFO]: [System] [CHAT] 성공적으로 블록 4개를 채웠습니다
[J] [16:17:37] [Render thread/INFO]: [System] [CHAT] 성공적으로 블록 3개를 채웠습니다
[J] [16:17:37] [Render thread/INFO]: [System] [CHAT] 성공적으로 블록 2개를 채웠습니다
[J] [16:17:37] [Render thread/INFO]: [System] [CHAT] -2933, -26, 2983에 있는 블록을 바꿨습니다
[J] [16:17:37] [Render thread/INFO]: [System] [CHAT] 성공적으로 블록 2개를 채웠습니다 [2]
[J] [16:17:37] [Render thread/INFO]: [System] [CHAT] 성공적으로 블록 2개를 채웠습니다 [3]
[J] [16:17:37] [Render thread/INFO]: [System] [CHAT] 성공적으로 블록 2개를 채웠습니다 [4]
[J] [16:17:37] [Render thread/INFO]: [System] [CHAT] 성공적으로 블록 3개를 채웠습니다 [2]
[J] [16:17:37] [Render thread/INFO]: [System] [CHAT] -2933, -53, 2984에 있는 블록을 바꿨습니다
[J] [16:17:37] [Render thread/INFO]: [System] [CHAT] 성공적으로 블록 2개를 채웠습니다 [5]
[J] [16:17:37] [Render thread/INFO]: [System] [CHAT] -2933, -51, 2984에 있는 블록을 바꿨습니다
[J] [16:17:37] [Render thread/INFO]: [System] [CHAT] 성공적으로 블록 2개를 채웠습니다 [6]
[J] [16:17:37] [Render thread/INFO]: [System] [CHAT] -2933, -40, 2984에 있는 블록을 바꿨습니다
[J] [16:17:37] [Render thread/INFO]: [System] [CHAT] -2933, -39, 2984에 있는 블록을 바꿨습니다
[J] [16:17:37] [Render thread/INFO]: [System] [CHAT] 성공적으로 블록 3개를 채웠습니다
[J] [16:17:37] [Render thread/INFO]: [System] [CHAT] 성공적으로 블록 2개를 채웠습니다 [7]
[J] [16:17:37] [Render thread/INFO]: [System] [CHAT] 성공적으로 블록 2개를 채웠습니다 [8]
[J] [16:17:37] [Render thread/INFO]: [System] [CHAT] 성공적으로 블록 2개를 채웠습니다 [9]
[J] [16:17:37] [Render thread/INFO]: [System] [CHAT] 성공적으로 블록 2개를 채웠습니다 [10]
[J] [16:17:37] [Render thread/INFO]: [System] [CHAT] 성공적으로 블록 2개를 채웠습니다 [11]
[J] [16:17:37] [Render thread/INFO]: [System] [CHAT] -2933, -52, 2985에 있는 블록을 바꿨습니다
[J] [16:17:37] [Render thread/INFO]: [System] [CHAT] -2933, -51, 2985에 있는 블록을 바꿨습니다
[J] [16:17:37] [Render thread/INFO]: [System] [CHAT] 성공적으로 블록 2개를 채웠습니다 [12]
[J] [16:17:37] [Render thread/INFO]: [System] [CHAT] 성공적으로 블록 4개를 채웠습니다
[J] [16:17:37] [Render thread/INFO]: [System] [CHAT] 성공적으로 블록 2개를 채웠습니다 [13]
[J] [16:17:37] [Render thread/INFO]: [System] [CHAT] 성공적으로 블록 2개를 채웠습니다 [14]
[J] [16:17:37] [Render thread/INFO]: [System] [CHAT] -2933, -52, 2986에 있는 블록을 바꿨습니다
[J] [16:17:37] [Render thread/INFO]: [System] [CHAT] -2933, -51, 2986에 있는 블록을 바꿨습니다
[J] [16:17:37] [Render thread/INFO]: [System] [CHAT] -2933, -50, 2986에 있는 블록을 바꿨습니다
[J] [16:17:37] [Render thread/INFO]: [System] [CHAT] -2933, -40, 2986에 있는 블록을 바꿨습니다
[J] [16:17:37] [Render thread/INFO]: [System] [CHAT] -2933, -39, 2986에 있는 블록을 바꿨습니다
[J] [16:17:37] [Render thread/INFO]: [System] [CHAT] -2933, -53, 2987에 있는 블록을 바꿨습니다
[J] [16:17:37] [Render thread/INFO]: [System] [CHAT] 성공적으로 블록 2개를 채웠습니다
[J] [16:17:37] [Render thread/INFO]: [System] [CHAT] -2933, -51, 2987에 있는 블록을 바꿨습니다
[J] [16:17:37] [Render thread/INFO]: [System] [CHAT] 성공적으로 블록 3개를 채웠습니다
[J] [16:17:37] [Render thread/INFO]: [System] [CHAT] 성공적으로 블록 2개를 채웠습니다 [2]
[J] [16:17:37] [Render thread/INFO]: [System] [CHAT] 성공적으로 블록 2개를 채웠습니다 [3]
[J] [16:17:37] [Render thread/INFO]: [System] [CHAT] -2933, -31, 2987에 있는 블록을 바꿨습니다
[J] [16:17:37] [Render thread/INFO]: [System] [CHAT] -2933, -30, 2987에 있는 블록을 바꿨습니다
[J] [16:17:37] [Render thread/INFO]: [System] [CHAT] -2933, -29, 2987에 있는 블록을 바꿨습니다
[J] [16:17:37] [Render thread/INFO]: [System] [CHAT] -2933, -28, 2987에 있는 블록을 바꿨습니다
[J] [16:17:37] [Render thread/INFO]: [System] [CHAT] 성공적으로 블록 7개를 채웠습니다
[J] [16:17:37] [Render thread/INFO]: [System] [CHAT] -2933, -53, 2988에 있는 블록을 바꿨습니다
[J] [16:17:37] [Render thread/INFO]: [System] [CHAT] 성공적으로 블록 2개를 채웠습니다
[J] [16:17:37] [Render thread/INFO]: [System] [CHAT] 성공적으로 블록 4개를 채웠습니다
[J] [16:17:37] [Render thread/INFO]: [System] [CHAT] 성공적으로 블록 2개를 채웠습니다 [2]
[J] [16:17:37] [Render thread/INFO]: [System] [CHAT] -2933, -31, 2988에 있는 블록을 바꿨습니다
[J] [16:17:37] [Render thread/INFO]: [System] [CHAT] -2933, -30, 2988에 있는 블록을 바꿨습니다
[J] [16:17:37] [Render thread/INFO]: [System] [CHAT] 성공적으로 블록 2개를 채웠습니다 [3]
[J] [16:17:37] [Render thread/INFO]: [System] [CHAT] 성공적으로 블록 3개를 채웠습니다
[J] [16:17:37] [Render thread/INFO]: [System] [CHAT] 성공적으로 블록 4개를 채웠습니다 [2]
[J] [16:17:37] [Render thread/INFO]: [System] [CHAT] 성공적으로 블록 4개를 채웠습니다 [3]
[J] [16:17:37] [Render thread/INFO]: [System] [CHAT] 성공적으로 블록 2개를 채웠습니다 [4]
[J] [16:17:37] [Render thread/INFO]: [System] [CHAT] 성공적으로 블록 2개를 채웠습니다 [5]
[J] [16:17:37] [Render thread/INFO]: [System] [CHAT] -2933, -52, 2989에 있는 블록을 바꿨습니다
[J] [16:17:37] [Render thread/INFO]: [System] [CHAT] -2933, -32, 2989에 있는 블록을 바꿨습니다
[J] [16:17:37] [Render thread/INFO]: [System] [CHAT] 성공적으로 블록 2개를 채웠습니다 [6]
[J] [16:17:37] [Render thread/INFO]: [System] [CHAT] 성공적으로 블록 3개를 채웠습니다 [2]
[J] [16:17:37] [Render thread/INFO]: [System] [CHAT] 성공적으로 블록 2개를 채웠습니다 [7]
[J] [16:17:37] [Render thread/INFO]: [System] [CHAT] -2933, -22, 2989에 있는 블록을 바꿨습니다
[J] [16:17:37] [Render thread/INFO]: [System] [CHAT] 성공적으로 블록 3개를 채웠습니다 [3]
[J] [16:17:37] [Render thread/INFO]: [System] [CHAT] -2933, -19, 2989에 있는 블록을 바꿨습니다
[J] [16:17:37] [Render thread/INFO]: [System] [CHAT] -2933, -18, 2989에 있는 블록을 바꿨습니다
[J] [16:17:37] [Render thread/INFO]: [System] [CHAT] -2933, -53, 2990에 있는 블록을 바꿨습니다
[J] [16:17:37] [Render thread/INFO]: [System] [CHAT] -2933, -52, 2990에 있는 블록을 바꿨습니다
[J] [16:17:37] [Render thread/INFO]: [System] [CHAT] -2933, -32, 2990에 있는 블록을 바꿨습니다
[J] [16:17:37] [Render thread/INFO]: [System] [CHAT] 성공적으로 블록 2개를 채웠습니다
[J] [16:17:37] [Render thread/INFO]: [System] [CHAT] 성공적으로 블록 6개를 채웠습니다
[J] [16:17:37] [Render thread/INFO]: [System] [CHAT] -2933, -24, 2990에 있는 블록을 바꿨습니다
[J] [16:17:37] [Render thread/INFO]: [System] [CHAT] -2933, -23, 2990에 있는 블록을 바꿨습니다
[J] [16:17:37] [Render thread/INFO]: [System] [CHAT] 성공적으로 블록 2개를 채웠습니다 [2]
[J] [16:17:37] [Render thread/INFO]: [System] [CHAT] 성공적으로 블록 6개를 채웠습니다 [2]
[J] [16:17:37] [Render thread/INFO]: [System] [CHAT] 성공적으로 블록 2개를 채웠습니다 [3]
[J] [16:17:37] [Render thread/INFO]: [System] [CHAT] 성공적으로 블록 2개를 채웠습니다 [4]
[J] [16:17:37] [Render thread/INFO]: [System] [CHAT] -2933, -10, 2990에 있는 블록을 바꿨습니다
[J] [16:17:37] [Render thread/INFO]: [System] [CHAT] -2933, -9, 2990에 있는 블록을 바꿨습니다
[J] [16:17:37] [Render thread/INFO]: [System] [CHAT] -2933, -8, 2990에 있는 블록을 바꿨습니다
[J] [16:17:37] [Render thread/INFO]: [System] [CHAT] -2933, -53, 2991에 있는 블록을 바꿨습니다
[J] [16:17:37] [Render thread/INFO]: [System] [CHAT] 성공적으로 블록 3개를 채웠습니다
[J] [16:17:37] [Render thread/INFO]: [System] [CHAT] 성공적으로 블록 4개를 채웠습니다
[J] [16:17:37] [Render thread/INFO]: [System] [CHAT] 성공적으로 블록 2개를 채웠습니다
[J] [16:17:37] [Render thread/INFO]: [System] [CHAT] 성공적으로 블록 2개를 채웠습니다 [2]
[J] [16:17:37] [Render thread/INFO]: [System] [CHAT] 성공적으로 블록 4개를 채웠습니다 [2]
[J] [16:17:37] [Render thread/INFO]: [System] [CHAT] -2933, -6, 2991에 있는 블록을 바꿨습니다
[J] [16:17:37] [Render thread/INFO]: [System] [CHAT] 성공적으로 블록 6개를 채웠습니다
[J] [16:17:37] [Render thread/INFO]: [System] [CHAT] -2932, -53, 2982에 있는 블록을 바꿨습니다
[J] [16:17:37] [Render thread/INFO]: [System] [CHAT] -2932, -52, 2982에 있는 블록을 바꿨습니다
[J] [16:17:37] [Render thread/INFO]: [System] [CHAT] -2932, -28, 2982에 있는 블록을 바꿨습니다
[J] [16:17:37] [Render thread/INFO]: [System] [CHAT] -2932, -27, 2982에 있는 블록을 바꿨습니다
[J] [16:17:37] [Render thread/INFO]: [System] [CHAT] -2932, -26, 2982에 있는 블록을 바꿨습니다
[J] [16:17:37] [Render thread/INFO]: [System] [CHAT] -2932, -53, 2983에 있는 블록을 바꿨습니다
[J] [16:17:37] [Render thread/INFO]: [System] [CHAT] -2932, -52, 2983에 있는 블록을 바꿨습니다
[J] [16:17:37] [Render thread/INFO]: [System] [CHAT] -2932, -27, 2983에 있는 블록을 바꿨습니다
[J] [16:17:37] [Render thread/INFO]: [System] [CHAT] -2932, -26, 2983에 있는 블록을 바꿨습니다
[J] [16:17:37] [Render thread/INFO]: [System] [CHAT] 성공적으로 블록 4개를 채웠습니다
[J] [16:17:37] [Render thread/INFO]: [System] [CHAT] -2932, -27, 2984에 있는 블록을 바꿨습니다
[J] [16:17:37] [Render thread/INFO]: [System] [CHAT] -2932, -26, 2984에 있는 블록을 바꿨습니다
[J] [16:17:37] [Render thread/INFO]: [System] [CHAT] -2932, -52, 2985에 있는 블록을 바꿨습니다
[J] [16:17:37] [Render thread/INFO]: [System] [CHAT] 성공적으로 블록 4개를 채웠습니다 [2]
[J] [16:17:37] [Render thread/INFO]: [System] [CHAT] 성공적으로 블록 2개를 채웠습니다
[J] [16:17:37] [Render thread/INFO]: [System] [CHAT] 성공적으로 블록 2개를 채웠습니다 [2]
[J] [16:17:37] [Render thread/INFO]: [System] [CHAT] 성공적으로 블록 2개를 채웠습니다 [3]
[J] [16:17:38] [Render thread/INFO]: [System] [CHAT] 성공적으로 블록 2개를 채웠습니다 [4]
[J] [16:17:38] [Render thread/INFO]: [System] [CHAT] -2932, -52, 2986에 있는 블록을 바꿨습니다
[J] [16:17:38] [Render thread/INFO]: [System] [CHAT] -2932, -50, 2986에 있는 블록을 바꿨습니다
[J] [16:17:38] [Render thread/INFO]: [System] [CHAT] 성공적으로 블록 10개를 채웠습니다
[J] [16:17:38] [Render thread/INFO]: [System] [CHAT] -2932, -19, 2987에 있는 블록을 바꿨습니다
[J] [16:17:38] [Render thread/INFO]: [System] [CHAT] -2932, -53, 2988에 있는 블록을 바꿨습니다
[J] [16:17:38] [Render thread/INFO]: [System] [CHAT] 성공적으로 블록 2개를 채웠습니다
[J] [16:17:38] [Render thread/INFO]: [System] [CHAT] -2932, -27, 2988에 있는 블록을 바꿨습니다
[J] [16:17:38] [Render thread/INFO]: [System] [CHAT] 성공적으로 블록 3개를 채웠습니다
[J] [16:17:38] [Render thread/INFO]: [System] [CHAT] -2932, -25, 2988에 있는 블록을 바꿨습니다
[J] [16:17:38] [Render thread/INFO]: [System] [CHAT] 성공적으로 블록 2개를 채웠습니다 [2]
[J] [16:17:38] [Render thread/INFO]: [System] [CHAT] -2932, -22, 2988에 있는 블록을 바꿨습니다
[J] [16:17:38] [Render thread/INFO]: [System] [CHAT] -2932, -21, 2988에 있는 블록을 바꿨습니다
[J] [16:17:38] [Render thread/INFO]: [System] [CHAT] -2932, -52, 2989에 있는 블록을 바꿨습니다
[J] [16:17:38] [Render thread/INFO]: [System] [CHAT] -2932, -27, 2989에 있는 블록을 바꿨습니다
[J] [16:17:38] [Render thread/INFO]: [System] [CHAT] -2932, -25, 2989에 있는 블록을 바꿨습니다
[J] [16:17:38] [Render thread/INFO]: [System] [CHAT] -2932, -23, 2989에 있는 블록을 바꿨습니다
[J] [16:17:38] [Render thread/INFO]: [System] [CHAT] -2932, -22, 2989에 있는 블록을 바꿨습니다
[J] [16:17:38] [Render thread/INFO]: [System] [CHAT] 성공적으로 블록 3개를 채웠습니다
[J] [16:17:38] [Render thread/INFO]: [System] [CHAT] -2932, -20, 2989에 있는 블록을 바꿨습니다
[J] [16:17:38] [Render thread/INFO]: [System] [CHAT] -2932, -19, 2989에 있는 블록을 바꿨습니다
[J] [16:17:38] [Render thread/INFO]: [System] [CHAT] -2932, -53, 2990에 있는 블록을 바꿨습니다
[J] [16:17:38] [Render thread/INFO]: [System] [CHAT] -2932, -52, 2990에 있는 블록을 바꿨습니다
[J] [16:17:38] [Render thread/INFO]: [System] [CHAT] 성공적으로 블록 3개를 채웠습니다 [2]
[J] [16:17:38] [Render thread/INFO]: [System] [CHAT] -2932, -27, 2990에 있는 블록을 바꿨습니다
[J] [16:17:38] [Render thread/INFO]: [System] [CHAT] -2932, -25, 2990에 있는 블록을 바꿨습니다
[J] [16:17:38] [Render thread/INFO]: [System] [CHAT] -2932, -24, 2990에 있는 블록을 바꿨습니다
[J] [16:17:38] [Render thread/INFO]: [System] [CHAT] -2932, -23, 2990에 있는 블록을 바꿨습니다
[J] [16:17:38] [Render thread/INFO]: [System] [CHAT] -2932, -22, 2990에 있는 블록을 바꿨습니다
[J] [16:17:38] [Render thread/INFO]: [System] [CHAT] -2932, -20, 2990에 있는 블록을 바꿨습니다
[J] [16:17:38] [Render thread/INFO]: [System] [CHAT] -2932, -18, 2990에 있는 블록을 바꿨습니다
[J] [16:17:38] [Render thread/INFO]: [System] [CHAT] -2932, -53, 2991에 있는 블록을 바꿨습니다
[J] [16:17:38] [Render thread/INFO]: [System] [CHAT] 성공적으로 블록 3개를 채웠습니다
[J] [16:17:38] [Render thread/INFO]: [System] [CHAT] 성공적으로 블록 3개를 채웠습니다 [2]
[J] [16:17:38] [Render thread/INFO]: [System] [CHAT] -2932, -17, 2991에 있는 블록을 바꿨습니다
[J] [16:17:38] [Render thread/INFO]: [System] [CHAT] -2932, -16, 2991에 있는 블록을 바꿨습니다
[J] [16:17:38] [Render thread/INFO]: [System] [CHAT] 성공적으로 블록 4개를 채웠습니다
[J] [16:17:38] [Render thread/INFO]: [System] [CHAT] -2932, -6, 2991에 있는 블록을 바꿨습니다
[J] [16:17:38] [Render thread/INFO]: [System] [CHAT] 성공적으로 블록 22개를 채웠습니다
[J] [16:17:38] [Render thread/INFO]: [System] [CHAT] 성공적으로 블록 2개를 채웠습니다
[J] [16:17:38] [Render thread/INFO]: [System] [CHAT] -2931, -25, 2983에 있는 블록을 바꿨습니다
[J] [16:17:38] [Render thread/INFO]: [System] [CHAT] -2931, -24, 2983에 있는 블록을 바꿨습니다
[J] [16:17:38] [Render thread/INFO]: [System] [CHAT] 성공적으로 블록 2개를 채웠습니다 [2]
[J] [16:17:38] [Render thread/INFO]: [System] [CHAT] 성공적으로 블록 2개를 채웠습니다 [3]
[J] [16:17:38] [Render thread/INFO]: [System] [CHAT] 성공적으로 블록 4개를 채웠습니다
[J] [16:17:38] [Render thread/INFO]: [System] [CHAT] 성공적으로 블록 2개를 채웠습니다 [4]
[J] [16:17:38] [Render thread/INFO]: [System] [CHAT] 성공적으로 블록 2개를 채웠습니다 [5]
[J] [16:17:38] [Render thread/INFO]: [System] [CHAT] -2931, -22, 2984에 있는 블록을 바꿨습니다
[J] [16:17:38] [Render thread/INFO]: [System] [CHAT] -2931, -21, 2984에 있는 블록을 바꿨습니다
[J] [16:17:38] [Render thread/INFO]: [System] [CHAT] 성공적으로 블록 2개를 채웠습니다 [6]
[J] [16:17:38] [Render thread/INFO]: [System] [CHAT] 성공적으로 블록 3개를 채웠습니다
[J] [16:17:38] [Render thread/INFO]: [System] [CHAT] 성공적으로 블록 2개를 채웠습니다 [7]
[J] [16:17:38] [Render thread/INFO]: [System] [CHAT] -2931, -34, 2987에 있는 블록을 바꿨습니다
[J] [16:17:38] [Render thread/INFO]: [System] [CHAT] -2931, -33, 2987에 있는 블록을 바꿨습니다
[J] [16:17:38] [Render thread/INFO]: [System] [CHAT] -2931, -32, 2987에 있는 블록을 바꿨습니다
[J] [16:17:38] [Render thread/INFO]: [System] [CHAT] 성공적으로 블록 6개를 채웠습니다
[J] [16:17:38] [Render thread/INFO]: [System] [CHAT] -2931, -23, 2987에 있는 블록을 바꿨습니다
[J] [16:17:38] [Render thread/INFO]: [System] [CHAT] -2931, -22, 2987에 있는 블록을 바꿨습니다
[J] [16:17:38] [Render thread/INFO]: [System] [CHAT] -2931, -20, 2987에 있는 블록을 바꿨습니다
[J] [16:17:38] [Render thread/INFO]: [System] [CHAT] -2931, -19, 2987에 있는 블록을 바꿨습니다
[J] [16:17:38] [Render thread/INFO]: [System] [CHAT] -2931, -32, 2988에 있는 블록을 바꿨습니다
[J] [16:17:38] [Render thread/INFO]: [System] [CHAT] -2931, -31, 2988에 있는 블록을 바꿨습니다
[J] [16:17:38] [Render thread/INFO]: [System] [CHAT] -2931, -20, 2988에 있는 블록을 바꿨습니다
[J] [16:17:38] [Render thread/INFO]: [System] [CHAT] 성공적으로 블록 2개를 채웠습니다
[J] [16:17:38] [Render thread/INFO]: [System] [CHAT] -2931, -32, 2989에 있는 블록을 바꿨습니다
[J] [16:17:38] [Render thread/INFO]: [System] [CHAT] -2931, -31, 2989에 있는 블록을 바꿨습니다
[J] [16:17:38] [Render thread/INFO]: [System] [CHAT] -2931, -19, 2991에 있는 블록을 바꿨습니다
[J] [16:17:38] [Render thread/INFO]: [System] [CHAT] -2931, -6, 2991에 있는 블록을 바꿨습니다
[J] [16:17:38] [Render thread/INFO]: [System] [CHAT] 성공적으로 블록 11개를 채웠습니다
[J] [16:17:38] [Render thread/INFO]: [System] [CHAT] 성공적으로 블록 11개를 채웠습니다 [2]
[J] [16:17:38] [Render thread/INFO]: [System] [CHAT] -2930, -21, 2987에 있는 블록을 바꿨습니다
[J] [16:17:38] [Render thread/INFO]: [System] [CHAT] -2930, -19, 2988에 있는 블록을 바꿨습니다
[J] [16:17:38] [Render thread/INFO]: [System] [CHAT] -2930, -18, 2988에 있는 블록을 바꿨습니다
[J] [16:17:38] [Render thread/INFO]: [System] [CHAT] -2930, -17, 2988에 있는 블록을 바꿨습니다
[J] [16:17:38] [Render thread/INFO]: [System] [CHAT] -2930, -31, 2989에 있는 블록을 바꿨습니다
[J] [16:17:38] [Render thread/INFO]: [System] [CHAT] -2930, -30, 2989에 있는 블록을 바꿨습니다
[J] [16:17:38] [Render thread/INFO]: [System] [CHAT] -2930, -29, 2989에 있는 블록을 바꿨습니다
[J] [16:17:38] [Render thread/INFO]: [System] [CHAT] -2930, -18, 2989에 있는 블록을 바꿨습니다
[J] [16:17:38] [Render thread/INFO]: [System] [CHAT] 성공적으로 블록 3개를 채웠습니다
[J] [16:17:38] [Render thread/INFO]: [System] [CHAT] -2930, -14, 2989에 있는 블록을 바꿨습니다
[J] [16:17:38] [Render thread/INFO]: [System] [CHAT] -2930, -30, 2990에 있는 블록을 바꿨습니다
[J] [16:17:38] [Render thread/INFO]: [System] [CHAT] 성공적으로 블록 2개를 채웠습니다
[J] [16:17:38] [Render thread/INFO]: [System] [CHAT] -2930, -15, 2990에 있는 블록을 바꿨습니다
[J] [16:17:38] [Render thread/INFO]: [System] [CHAT] 성공적으로 블록 4개를 채웠습니다
[J] [16:17:38] [Render thread/INFO]: [System] [CHAT] -2930, -6, 2991에 있는 블록을 바꿨습니다
[J] [16:17:38] [Render thread/INFO]: [System] [CHAT] -2929, -53, 2981에 있는 블록을 바꿨습니다
[J] [16:17:38] [Render thread/INFO]: [System] [CHAT] -2929, -53, 2982에 있는 블록을 바꿨습니다
[J] [16:17:38] [Render thread/INFO]: [System] [CHAT] -2929, -53, 2983에 있는 블록을 바꿨습니다
[J] [16:17:38] [Render thread/INFO]: [System] [CHAT] -2929, -53, 2984에 있는 블록을 바꿨습니다
[J] [16:17:38] [Render thread/INFO]: [System] [CHAT] -2929, -53, 2985에 있는 블록을 바꿨습니다
[J] [16:17:38] [Render thread/INFO]: [System] [CHAT] -2929, -53, 2986에 있는 블록을 바꿨습니다
[J] [16:17:38] [Render thread/INFO]: [System] [CHAT] -2929, -53, 2987에 있는 블록을 바꿨습니다
[J] [16:17:38] [Render thread/INFO]: [System] [CHAT] -2929, -53, 2988에 있는 블록을 바꿨습니다
[J] [16:17:38] [Render thread/INFO]: [System] [CHAT] -2929, -53, 2989에 있는 블록을 바꿨습니다
[J] [16:17:38] [Render thread/INFO]: [System] [CHAT] -2929, -53, 2990에 있는 블록을 바꿨습니다
[J] [16:17:38] [Render thread/INFO]: [System] [CHAT] -2929, -29, 2990에 있는 블록을 바꿨습니다
[J] [16:17:38] [Render thread/INFO]: [System] [CHAT] -2929, -28, 2990에 있는 블록을 바꿨습니다
[J] [16:17:38] [Render thread/INFO]: [System] [CHAT] -2929, -27, 2990에 있는 블록을 바꿨습니다
[J] [16:17:38] [Render thread/INFO]: [System] [CHAT] -2929, -12, 2990에 있는 블록을 바꿨습니다
[J] [16:17:38] [Render thread/INFO]: [System] [CHAT] -2929, -11, 2990에 있는 블록을 바꿨습니다
[J] [16:17:38] [Render thread/INFO]: [System] [CHAT] -2929, -10, 2990에 있는 블록을 바꿨습니다
[J] [16:17:38] [Render thread/INFO]: [System] [CHAT] 성공적으로 블록 3개를 채웠습니다
[J] [16:17:38] [Render thread/INFO]: [System] [CHAT] -2929, -53, 2991에 있는 블록을 바꿨습니다
[J] [16:17:38] [Render thread/INFO]: [System] [CHAT] 성공적으로 블록 2개를 채웠습니다
[J] [16:17:38] [Render thread/INFO]: [System] [CHAT] -2929, -25, 2991에 있는 블록을 바꿨습니다
[J] [16:17:38] [Render thread/INFO]: [System] [CHAT] -2929, -11, 2991에 있는 블록을 바꿨습니다
[J] [16:17:38] [Render thread/INFO]: [System] [CHAT] -2929, -10, 2991에 있는 블록을 바꿨습니다
[J] [16:17:38] [Render thread/INFO]: [System] [CHAT] 성공적으로 블록 2개를 채웠습니다 [2]
[J] [16:17:38] [Render thread/INFO]: [System] [CHAT] -2929, -6, 2991에 있는 블록을 바꿨습니다
[J] [16:17:38] [Render thread/INFO]: [System] [CHAT] 성공적으로 블록 208개를 채웠습니다
[J] [16:17:38] [Render thread/INFO]: [System] [CHAT] -2973, -53, 2995에 있는 블록을 바꿨습니다
[J] [16:17:38] [Render thread/INFO]: [System] [CHAT] -2973, -52, 2995에 있는 블록을 바꿨습니다
[J] [16:17:38] [Render thread/INFO]: [System] [CHAT] -2973, -32, 2995에 있는 블록을 바꿨습니다
[J] [16:17:38] [Render thread/INFO]: [System] [CHAT] -2973, -31, 2995에 있는 블록을 바꿨습니다
[J] [16:17:38] [Render thread/INFO]: [System] [CHAT] -2973, -30, 2995에 있는 블록을 바꿨습니다
[J] [16:17:38] [Render thread/INFO]: [System] [CHAT] -2973, -53, 2996에 있는 블록을 바꿨습니다
[J] [16:17:38] [Render thread/INFO]: [System] [CHAT] 성공적으로 블록 2개를 채웠습니다
[J] [16:17:38] [Render thread/INFO]: [System] [CHAT] -2973, -40, 2996에 있는 블록을 바꿨습니다
[J] [16:17:38] [Render thread/INFO]: [System] [CHAT] -2973, -39, 2996에 있는 블록을 바꿨습니다
[J] [16:17:38] [Render thread/INFO]: [System] [CHAT] -2973, -32, 2996에 있는 블록을 바꿨습니다
[J] [16:17:38] [Render thread/INFO]: [System] [CHAT] 성공적으로 블록 6개를 채웠습니다
[J] [16:17:38] [Render thread/INFO]: [System] [CHAT] -2973, -30, 2996에 있는 블록을 바꿨습니다
[J] [16:17:38] [Render thread/INFO]: [System] [CHAT] 성공적으로 블록 3개를 채웠습니다
[J] [16:17:38] [Render thread/INFO]: [System] [CHAT] 성공적으로 블록 4개를 채웠습니다
[J] [16:17:38] [Render thread/INFO]: [System] [CHAT] 성공적으로 블록 2개를 채웠습니다
[J] [16:17:38] [Render thread/INFO]: [System] [CHAT] -2973, -52, 2998에 있는 블록을 바꿨습니다
[J] [16:17:38] [Render thread/INFO]: [System] [CHAT] 성공적으로 블록 2개를 채웠습니다 [2]
[J] [16:17:38] [Render thread/INFO]: [System] [CHAT] 성공적으로 블록 2개를 채웠습니다 [3]
[J] [16:17:38] [Render thread/INFO]: [System] [CHAT] -2973, -53, 2999에 있는 블록을 바꿨습니다
[J] [16:17:38] [Render thread/INFO]: [System] [CHAT] 성공적으로 블록 2개를 채웠습니다 [4]
[J] [16:17:38] [Render thread/INFO]: [System] [CHAT] 성공적으로 블록 2개를 채웠습니다 [5]
[J] [16:17:38] [Render thread/INFO]: [System] [CHAT] -2973, -53, 3001에 있는 블록을 바꿨습니다
[J] [16:17:38] [Render thread/INFO]: [System] [CHAT] 성공적으로 블록 2개를 채웠습니다 [6]
[J] [16:17:38] [Render thread/INFO]: [System] [CHAT] -2973, -40, 3001에 있는 블록을 바꿨습니다
[J] [16:17:38] [Render thread/INFO]: [System] [CHAT] -2973, -39, 3001에 있는 블록을 바꿨습니다
[J] [16:17:38] [Render thread/INFO]: [System] [CHAT] -2973, -32, 3001에 있는 블록을 바꿨습니다
[J] [16:17:38] [Render thread/INFO]: [System] [CHAT] -2973, -30, 3001에 있는 블록을 바꿨습니다
[J] [16:17:38] [Render thread/INFO]: [System] [CHAT] 성공적으로 블록 2개를 채웠습니다 [7]
[J] [16:17:38] [Render thread/INFO]: [System] [CHAT] -2973, -32, 3002에 있는 블록을 바꿨습니다
[J] [16:17:38] [Render thread/INFO]: [System] [CHAT] -2973, -31, 3002에 있는 블록을 바꿨습니다
[J] [16:17:38] [Render thread/INFO]: [System] [CHAT] -2973, -30, 3002에 있는 블록을 바꿨습니다
[J] [16:17:38] [Render thread/INFO]: [System] [CHAT] -2973, -53, 3003에 있는 블록을 바꿨습니다
[J] [16:17:38] [Render thread/INFO]: [System] [CHAT] 성공적으로 블록 2개를 채웠습니다 [8]
[J] [16:17:38] [Render thread/INFO]: [System] [CHAT] 성공적으로 블록 3개를 채웠습니다
[J] [16:17:38] [Render thread/INFO]: [System] [CHAT] -2973, -53, 3005에 있는 블록을 바꿨습니다
[J] [16:17:38] [Render thread/INFO]: [System] [CHAT] -2973, -52, 3005에 있는 블록을 바꿨습니다
[J] [16:17:38] [Render thread/INFO]: [System] [CHAT] -2973, -53, 3006에 있는 블록을 바꿨습니다
[J] [16:17:38] [Render thread/INFO]: [System] [CHAT] 성공적으로 블록 2개를 채웠습니다 [9]
[J] [16:17:38] [Render thread/INFO]: [System] [CHAT] -2973, -53, 3007에 있는 블록을 바꿨습니다
[J] [16:17:38] [Render thread/INFO]: [System] [CHAT] -2972, -53, 2995에 있는 블록을 바꿨습니다
[J] [16:17:38] [Render thread/INFO]: [System] [CHAT] 성공적으로 블록 2개를 채웠습니다 [10]
[J] [16:17:38] [Render thread/INFO]: [System] [CHAT] -2972, -40, 2995에 있는 블록을 바꿨습니다
[J] [16:17:38] [Render thread/INFO]: [System] [CHAT] -2972, -39, 2995에 있는 블록을 바꿨습니다
[J] [16:17:38] [Render thread/INFO]: [System] [CHAT] -2972, -30, 2995에 있는 블록을 바꿨습니다
[J] [16:17:38] [Render thread/INFO]: [System] [CHAT] -2972, -29, 2995에 있는 블록을 바꿨습니다
[J] [16:17:38] [Render thread/INFO]: [System] [CHAT] -2972, -28, 2995에 있는 블록을 바꿨습니다
[J] [16:17:38] [Render thread/INFO]: [System] [CHAT] -2972, -27, 2995에 있는 블록을 바꿨습니다
[J] [16:17:38] [Render thread/INFO]: [System] [CHAT] 성공적으로 블록 2개를 채웠습니다
[J] [16:17:38] [Render thread/INFO]: [System] [CHAT] 성공적으로 블록 2개를 채웠습니다 [2]
[J] [16:17:38] [Render thread/INFO]: [System] [CHAT] 성공적으로 블록 2개를 채웠습니다 [3]
[J] [16:17:39] [Render thread/INFO]: [System] [CHAT] -2972, -50, 2996에 있는 블록을 바꿨습니다
[J] [16:17:39] [Render thread/INFO]: [System] [CHAT] 성공적으로 블록 8개를 채웠습니다
[J] [16:17:39] [Render thread/INFO]: [System] [CHAT] -2972, -41, 2996에 있는 블록을 바꿨습니다
[J] [16:17:39] [Render thread/INFO]: [System] [CHAT] -2972, -40, 2996에 있는 블록을 바꿨습니다
[J] [16:17:39] [Render thread/INFO]: [System] [CHAT] -2972, -39, 2996에 있는 블록을 바꿨습니다
[J] [16:17:39] [Render thread/INFO]: [System] [CHAT] 성공적으로 블록 9개를 채웠습니다
[J] [16:17:39] [Render thread/INFO]: [System] [CHAT] 성공적으로 블록 6개를 채웠습니다
[J] [16:17:39] [Render thread/INFO]: [System] [CHAT] 성공적으로 블록 2개를 채웠습니다
[J] [16:17:39] [Render thread/INFO]: [System] [CHAT] 성공적으로 블록 2개를 채웠습니다 [2]
[J] [16:17:39] [Render thread/INFO]: [System] [CHAT] -2972, -50, 2997에 있는 블록을 바꿨습니다
[J] [16:17:39] [Render thread/INFO]: [System] [CHAT] 성공적으로 블록 8개를 채웠습니다
[J] [16:17:39] [Render thread/INFO]: [System] [CHAT] -2972, -41, 2997에 있는 블록을 바꿨습니다
[J] [16:17:39] [Render thread/INFO]: [System] [CHAT] -2972, -40, 2997에 있는 블록을 바꿨습니다
[J] [16:17:39] [Render thread/INFO]: [System] [CHAT] -2972, -39, 2997에 있는 블록을 바꿨습니다
[J] [16:17:39] [Render thread/INFO]: [System] [CHAT] 성공적으로 블록 4개를 채웠습니다
[J] [16:17:39] [Render thread/INFO]: [System] [CHAT] -2972, -37, 2997에 있는 블록을 바꿨습니다
[J] [16:17:39] [Render thread/INFO]: [System] [CHAT] -2972, -35, 2997에 있는 블록을 바꿨습니다
[J] [16:17:39] [Render thread/INFO]: [System] [CHAT] 성공적으로 블록 16개를 채웠습니다
[J] [16:17:39] [Render thread/INFO]: [System] [CHAT] 성공적으로 블록 4개를 채웠습니다 [2]
[J] [16:17:39] [Render thread/INFO]: [System] [CHAT] -2972, -51, 2998에 있는 블록을 바꿨습니다
[J] [16:17:39] [Render thread/INFO]: [System] [CHAT] 성공적으로 블록 10개를 채웠습니다
[J] [16:17:39] [Render thread/INFO]: [System] [CHAT] 성공적으로 블록 7개를 채웠습니다
[J] [16:17:39] [Render thread/INFO]: [System] [CHAT] 성공적으로 블록 2개를 채웠습니다
[J] [16:17:39] [Render thread/INFO]: [System] [CHAT] 성공적으로 블록 2개를 채웠습니다 [2]
[J] [16:17:39] [Render thread/INFO]: [System] [CHAT] 성공적으로 블록 2개를 채웠습니다 [3]
[J] [16:17:39] [Render thread/INFO]: [System] [CHAT] 성공적으로 블록 2개를 채웠습니다 [4]
[J] [16:17:39] [Render thread/INFO]: [System] [CHAT] -2972, -52, 2999에 있는 블록을 바꿨습니다
[J] [16:17:39] [Render thread/INFO]: [System] [CHAT] -2972, -51, 2999에 있는 블록을 바꿨습니다
[J] [16:17:39] [Render thread/INFO]: [System] [CHAT] 성공적으로 블록 12개를 채웠습니다
[J] [16:17:39] [Render thread/INFO]: [System] [CHAT] -2972, -52, 3000에 있는 블록을 바꿨습니다
[J] [16:17:39] [Render thread/INFO]: [System] [CHAT] 성공적으로 블록 2개를 채웠습니다 [5]
[J] [16:17:39] [Render thread/INFO]: [System] [CHAT] -2972, -40, 3000에 있는 블록을 바꿨습니다
[J] [16:17:39] [Render thread/INFO]: [System] [CHAT] -2972, -39, 3000에 있는 블록을 바꿨습니다
[J] [16:17:39] [Render thread/INFO]: [System] [CHAT] -2972, -37, 3000에 있는 블록을 바꿨습니다
[J] [16:17:39] [Render thread/INFO]: [System] [CHAT] -2972, -35, 3000에 있는 블록을 바꿨습니다
[J] [16:17:39] [Render thread/INFO]: [System] [CHAT] 성공적으로 블록 2개를 채웠습니다 [6]
[J] [16:17:39] [Render thread/INFO]: [System] [CHAT] 성공적으로 블록 2개를 채웠습니다 [7]
[J] [16:17:39] [Render thread/INFO]: [System] [CHAT] 성공적으로 블록 5개를 채웠습니다
[J] [16:17:39] [Render thread/INFO]: [System] [CHAT] -2972, -39, 3001에 있는 블록을 바꿨습니다
[J] [16:17:39] [Render thread/INFO]: [System] [CHAT] 성공적으로 블록 9개를 채웠습니다
[J] [16:17:39] [Render thread/INFO]: [System] [CHAT] -2972, -25, 3001에 있는 블록을 바꿨습니다
[J] [16:17:39] [Render thread/INFO]: [System] [CHAT] -2972, -52, 3002에 있는 블록을 바꿨습니다
[J] [16:17:39] [Render thread/INFO]: [System] [CHAT] 성공적으로 블록 2개를 채웠습니다
[J] [16:17:39] [Render thread/INFO]: [System] [CHAT] -2972, -40, 3002에 있는 블록을 바꿨습니다
[J] [16:17:39] [Render thread/INFO]: [System] [CHAT] -2972, -39, 3002에 있는 블록을 바꿨습니다
[J] [16:17:39] [Render thread/INFO]: [System] [CHAT] -2972, -30, 3002에 있는 블록을 바꿨습니다
[J] [16:17:39] [Render thread/INFO]: [System] [CHAT] -2972, -29, 3002에 있는 블록을 바꿨습니다
[J] [16:17:39] [Render thread/INFO]: [System] [CHAT] -2972, -28, 3002에 있는 블록을 바꿨습니다
[J] [16:17:39] [Render thread/INFO]: [System] [CHAT] -2972, -27, 3002에 있는 블록을 바꿨습니다
[J] [16:17:39] [Render thread/INFO]: [System] [CHAT] -2972, -53, 3003에 있는 블록을 바꿨습니다
[J] [16:17:39] [Render thread/INFO]: [System] [CHAT] -2972, -52, 3003에 있는 블록을 바꿨습니다
[J] [16:17:39] [Render thread/INFO]: [System] [CHAT] 성공적으로 블록 5개를 채웠습니다
[J] [16:17:39] [Render thread/INFO]: [System] [CHAT] 성공적으로 블록 2개를 채웠습니다
[J] [16:17:39] [Render thread/INFO]: [System] [CHAT] -2972, -51, 3004에 있는 블록을 바꿨습니다
[J] [16:17:39] [Render thread/INFO]: [System] [CHAT] -2972, -20, 3004에 있는 블록을 바꿨습니다
[J] [16:17:39] [Render thread/INFO]: [System] [CHAT] -2972, -19, 3004에 있는 블록을 바꿨습니다
[J] [16:17:39] [Render thread/INFO]: [System] [CHAT] -2972, -53, 3005에 있는 블록을 바꿨습니다
[J] [16:17:39] [Render thread/INFO]: [System] [CHAT] 성공적으로 블록 3개를 채웠습니다
[J] [16:17:39] [Render thread/INFO]: [System] [CHAT] 성공적으로 블록 2개를 채웠습니다
[J] [16:17:39] [Render thread/INFO]: [System] [CHAT] 성공적으로 블록 2개를 채웠습니다 [2]
[J] [16:17:39] [Render thread/INFO]: [System] [CHAT] -2972, -53, 3006에 있는 블록을 바꿨습니다
[J] [16:17:39] [Render thread/INFO]: [System] [CHAT] 성공적으로 블록 2개를 채웠습니다 [3]
[J] [16:17:39] [Render thread/INFO]: [System] [CHAT] -2972, -51, 3006에 있는 블록을 바꿨습니다
[J] [16:17:39] [Render thread/INFO]: [System] [CHAT] -2972, -20, 3006에 있는 블록을 바꿨습니다
[J] [16:17:39] [Render thread/INFO]: [System] [CHAT] -2972, -19, 3006에 있는 블록을 바꿨습니다
[J] [16:17:39] [Render thread/INFO]: [System] [CHAT] -2972, -53, 3007에 있는 블록을 바꿨습니다
[J] [16:17:39] [Render thread/INFO]: [System] [CHAT] 성공적으로 블록 2개를 채웠습니다 [4]
[J] [16:17:39] [Render thread/INFO]: [System] [CHAT] 성공적으로 블록 3개를 채웠습니다
[J] [16:17:39] [Render thread/INFO]: [System] [CHAT] -2972, -16, 3007에 있는 블록을 바꿨습니다
[J] [16:17:39] [Render thread/INFO]: [System] [CHAT] 성공적으로 블록 2개를 채웠습니다 [5]
[J] [16:17:39] [Render thread/INFO]: [System] [CHAT] -2971, -28, 2994에 있는 블록을 바꿨습니다
[J] [16:17:39] [Render thread/INFO]: [System] [CHAT] -2971, -27, 2994에 있는 블록을 바꿨습니다
[J] [16:17:39] [Render thread/INFO]: [System] [CHAT] -2971, -26, 2994에 있는 블록을 바꿨습니다
[J] [16:17:39] [Render thread/INFO]: [System] [CHAT] 성공적으로 블록 3개를 채웠습니다
[J] [16:17:39] [Render thread/INFO]: [System] [CHAT] -2971, -38, 2995에 있는 블록을 바꿨습니다
[J] [16:17:39] [Render thread/INFO]: [System] [CHAT] -2971, -29, 2995에 있는 블록을 바꿨습니다
[J] [16:17:39] [Render thread/INFO]: [System] [CHAT] 성공적으로 블록 2개를 채웠습니다
[J] [16:17:39] [Render thread/INFO]: [System] [CHAT] -2971, -26, 2995에 있는 블록을 바꿨습니다
[J] [16:17:39] [Render thread/INFO]: [System] [CHAT] -2971, -50, 2996에 있는 블록을 바꿨습니다
[J] [16:17:39] [Render thread/INFO]: [System] [CHAT] 성공적으로 블록 8개를 채웠습니다
[J] [16:17:39] [Render thread/INFO]: [System] [CHAT] -2971, -41, 2996에 있는 블록을 바꿨습니다
[J] [16:17:39] [Render thread/INFO]: [System] [CHAT] -2971, -40, 2996에 있는 블록을 바꿨습니다
[J] [16:17:39] [Render thread/INFO]: [System] [CHAT] -2971, -39, 2996에 있는 블록을 바꿨습니다
[J] [16:17:39] [Render thread/INFO]: [System] [CHAT] -2971, -38, 2996에 있는 블록을 바꿨습니다
[J] [16:17:39] [Render thread/INFO]: [System] [CHAT] -2971, -37, 2996에 있는 블록을 바꿨습니다
[J] [16:17:39] [Render thread/INFO]: [System] [CHAT] -2971, -33, 2996에 있는 블록을 바꿨습니다
[J] [16:17:39] [Render thread/INFO]: [System] [CHAT] 성공적으로 블록 4개를 채웠습니다
[J] [16:17:39] [Render thread/INFO]: [System] [CHAT] 성공적으로 블록 4개를 채웠습니다 [2]
[J] [16:17:39] [Render thread/INFO]: [System] [CHAT] -2971, -29, 2996에 있는 블록을 바꿨습니다
[J] [16:17:39] [Render thread/INFO]: [System] [CHAT] 성공적으로 블록 12개를 채웠습니다
[J] [16:17:39] [Render thread/INFO]: [System] [CHAT] -2971, -52, 2997에 있는 블록을 바꿨습니다
[J] [16:17:39] [Render thread/INFO]: [System] [CHAT] -2971, -50, 2997에 있는 블록을 바꿨습니다
[J] [16:17:39] [Render thread/INFO]: [System] [CHAT] 성공적으로 블록 8개를 채웠습니다
[J] [16:17:39] [Render thread/INFO]: [System] [CHAT] -2971, -41, 2997에 있는 블록을 바꿨습니다
[J] [16:17:39] [Render thread/INFO]: [System] [CHAT] 성공적으로 블록 4개를 채웠습니다
[J] [16:17:39] [Render thread/INFO]: [System] [CHAT] 성공적으로 블록 4개를 채웠습니다 [2]
[J] [16:17:39] [Render thread/INFO]: [System] [CHAT] -2971, -38, 2997에 있는 블록을 바꿨습니다
[J] [16:17:39] [Render thread/INFO]: [System] [CHAT] 성공적으로 블록 6개를 채웠습니다
[J] [16:17:39] [Render thread/INFO]: [System] [CHAT] 성공적으로 블록 3개를 채웠습니다
[J] [16:17:39] [Render thread/INFO]: [System] [CHAT] -2971, -32, 2997에 있는 블록을 바꿨습니다
[J] [16:17:39] [Render thread/INFO]: [System] [CHAT] 성공적으로 블록 4개를 채웠습니다 [3]
[J] [16:17:39] [Render thread/INFO]: [System] [CHAT] 성공적으로 블록 4개를 채웠습니다 [4]
[J] [16:17:39] [Render thread/INFO]: [System] [CHAT] 성공적으로 블록 4개를 채웠습니다 [5]
[J] [16:17:39] [Render thread/INFO]: [System] [CHAT] -2971, -53, 2998에 있는 블록을 바꿨습니다
[J] [16:17:39] [Render thread/INFO]: [System] [CHAT] 성공적으로 블록 3개를 채웠습니다 [2]
[J] [16:17:39] [Render thread/INFO]: [System] [CHAT] 성공적으로 블록 2개를 채웠습니다
[J] [16:17:39] [Render thread/INFO]: [System] [CHAT] 성공적으로 블록 18개를 채웠습니다
[J] [16:17:39] [Render thread/INFO]: [System] [CHAT] -2971, -41, 2998에 있는 블록을 바꿨습니다
[J] [16:17:39] [Render thread/INFO]: [System] [CHAT] 성공적으로 블록 6개를 채웠습니다
[J] [16:17:39] [Render thread/INFO]: [System] [CHAT] 성공적으로 블록 2개를 채웠습니다 [2]
[J] [16:17:39] [Render thread/INFO]: [System] [CHAT] 성공적으로 블록 10개를 채웠습니다
[J] [16:17:39] [Render thread/INFO]: [System] [CHAT] 성공적으로 블록 8개를 채웠습니다
[J] [16:17:39] [Render thread/INFO]: [System] [CHAT] -2971, -52, 2999에 있는 블록을 바꿨습니다
[J] [16:17:39] [Render thread/INFO]: [System] [CHAT] -2971, -51, 2999에 있는 블록을 바꿨습니다
[J] [16:17:39] [Render thread/INFO]: [System] [CHAT] -2971, -41, 2999에 있는 블록을 바꿨습니다
[J] [16:17:39] [Render thread/INFO]: [System] [CHAT] -2971, -53, 3000에 있는 블록을 바꿨습니다
[J] [16:17:39] [Render thread/INFO]: [System] [CHAT] 성공적으로 블록 2개를 채웠습니다
[J] [16:17:39] [Render thread/INFO]: [System] [CHAT] -2971, -51, 3000에 있는 블록을 바꿨습니다
[J] [16:17:39] [Render thread/INFO]: [System] [CHAT] -2971, -50, 3000에 있는 블록을 바꿨습니다
[J] [16:17:39] [Render thread/INFO]: [System] [CHAT] 성공적으로 블록 7개를 채웠습니다
[J] [16:17:39] [Render thread/INFO]: [System] [CHAT] 성공적으로 블록 11개를 채웠습니다
[J] [16:17:39] [Render thread/INFO]: [System] [CHAT] -2971, -39, 3000에 있는 블록을 바꿨습니다
[J] [16:17:39] [Render thread/INFO]: [System] [CHAT] 성공적으로 블록 32개를 채웠습니다
[J] [16:17:39] [Render thread/INFO]: [System] [CHAT] 성공적으로 블록 4개를 채웠습니다
[J] [16:17:39] [Render thread/INFO]: [System] [CHAT] -2971, -53, 3001에 있는 블록을 바꿨습니다
[J] [16:17:39] [Render thread/INFO]: [System] [CHAT] 성공적으로 블록 3개를 채웠습니다
[J] [16:17:39] [Render thread/INFO]: [System] [CHAT] -2971, -50, 3001에 있는 블록을 바꿨습니다
[J] [16:17:39] [Render thread/INFO]: [System] [CHAT] -2971, -49, 3001에 있는 블록을 바꿨습니다
[J] [16:17:39] [Render thread/INFO]: [System] [CHAT] -2971, -41, 3001에 있는 블록을 바꿨습니다
[J] [16:17:39] [Render thread/INFO]: [System] [CHAT] -2971, -39, 3001에 있는 블록을 바꿨습니다
[J] [16:17:39] [Render thread/INFO]: [System] [CHAT] 성공적으로 블록 9개를 채웠습니다
[J] [16:17:39] [Render thread/INFO]: [System] [CHAT] -2971, -25, 3001에 있는 블록을 바꿨습니다
[J] [16:17:39] [Render thread/INFO]: [System] [CHAT] -2971, -24, 3001에 있는 블록을 바꿨습니다
[J] [16:17:39] [Render thread/INFO]: [System] [CHAT] 성공적으로 블록 2개를 채웠습니다
[J] [16:17:39] [Render thread/INFO]: [System] [CHAT] -2971, -52, 3002에 있는 블록을 바꿨습니다
[J] [16:17:39] [Render thread/INFO]: [System] [CHAT] -2971, -50, 3002에 있는 블록을 바꿨습니다
[J] [16:17:39] [Render thread/INFO]: [System] [CHAT] 성공적으로 블록 12개를 채웠습니다
[J] [16:17:39] [Render thread/INFO]: [System] [CHAT] -2971, -39, 3002에 있는 블록을 바꿨습니다
[J] [16:17:39] [Render thread/INFO]: [System] [CHAT] 성공적으로 블록 9개를 채웠습니다
[J] [16:17:39] [Render thread/INFO]: [System] [CHAT] -2971, -29, 3002에 있는 블록을 바꿨습니다
[J] [16:17:39] [Render thread/INFO]: [System] [CHAT] -2971, -28, 3002에 있는 블록을 바꿨습니다
[J] [16:17:39] [Render thread/INFO]: [System] [CHAT] 성공적으로 블록 12개를 채웠습니다 [2]
[J] [16:17:39] [Render thread/INFO]: [System] [CHAT] -2971, -26, 3002에 있는 블록을 바꿨습니다
[J] [16:17:39] [Render thread/INFO]: [System] [CHAT] -2971, -24, 3002에 있는 블록을 바꿨습니다
[J] [16:17:39] [Render thread/INFO]: [System] [CHAT] -2971, -23, 3002에 있는 블록을 바꿨습니다
[J] [16:17:39] [Render thread/INFO]: [System] [CHAT] -2971, -53, 3003에 있는 블록을 바꿨습니다
[J] [16:17:39] [Render thread/INFO]: [System] [CHAT] -2971, -52, 3003에 있는 블록을 바꿨습니다
[J] [16:17:39] [Render thread/INFO]: [System] [CHAT] -2971, -50, 3003에 있는 블록을 바꿨습니다
[J] [16:17:39] [Render thread/INFO]: [System] [CHAT] -2971, -49, 3003에 있는 블록을 바꿨습니다
[J] [16:17:39] [Render thread/INFO]: [System] [CHAT] -2971, -41, 3003에 있는 블록을 바꿨습니다
[J] [16:17:39] [Render thread/INFO]: [System] [CHAT] 성공적으로 블록 12개를 채웠습니다
[J] [16:17:39] [Render thread/INFO]: [System] [CHAT] 성공적으로 블록 2개를 채웠습니다
[J] [16:17:39] [Render thread/INFO]: [System] [CHAT] -2971, -21, 3003에 있는 블록을 바꿨습니다
[J] [16:17:39] [Render thread/INFO]: [System] [CHAT] 성공적으로 블록 4개를 채웠습니다
[J] [16:17:39] [Render thread/INFO]: [System] [CHAT] -2971, -50, 3004에 있는 블록을 바꿨습니다
[J] [16:17:39] [Render thread/INFO]: [System] [CHAT] -2971, -39, 3004에 있는 블록을 바꿨습니다
[J] [16:17:39] [Render thread/INFO]: [System] [CHAT] 성공적으로 블록 10개를 채웠습니다
[J] [16:17:39] [Render thread/INFO]: [System] [CHAT] -2971, -28, 3004에 있는 블록을 바꿨습니다
[J] [16:17:39] [Render thread/INFO]: [System] [CHAT] 성공적으로 블록 2개를 채웠습니다
[J] [16:17:39] [Render thread/INFO]: [System] [CHAT] -2971, -53, 3005에 있는 블록을 바꿨습니다
[J] [16:17:40] [Render thread/INFO]: [System] [CHAT] -2971, -50, 3005에 있는 블록을 바꿨습니다
[J] [16:17:40] [Render thread/INFO]: [System] [CHAT] -2971, -49, 3005에 있는 블록을 바꿨습니다
[J] [16:17:40] [Render thread/INFO]: [System] [CHAT] -2971, -41, 3005에 있는 블록을 바꿨습니다
[J] [16:17:40] [Render thread/INFO]: [System] [CHAT] 성공적으로 블록 12개를 채웠습니다
[J] [16:17:40] [Render thread/INFO]: [System] [CHAT] -2971, -20, 3005에 있는 블록을 바꿨습니다
[J] [16:17:40] [Render thread/INFO]: [System] [CHAT] 성공적으로 블록 12개를 채웠습니다 [2]
[J] [16:17:40] [Render thread/INFO]: [System] [CHAT] 성공적으로 블록 3개를 채웠습니다
[J] [16:17:40] [Render thread/INFO]: [System] [CHAT] -2971, -50, 3006에 있는 블록을 바꿨습니다
[J] [16:17:40] [Render thread/INFO]: [System] [CHAT] -2971, -39, 3006에 있는 블록을 바꿨습니다
[J] [16:17:40] [Render thread/INFO]: [System] [CHAT] 성공적으로 블록 10개를 채웠습니다
[J] [16:17:40] [Render thread/INFO]: [System] [CHAT] -2971, -28, 3006에 있는 블록을 바꿨습니다
[J] [16:17:40] [Render thread/INFO]: [System] [CHAT] 성공적으로 블록 2개를 채웠습니다
[J] [16:17:40] [Render thread/INFO]: [System] [CHAT] 성공적으로 블록 2개를 채웠습니다 [2]
[J] [16:17:40] [Render thread/INFO]: [System] [CHAT] 성공적으로 블록 2개를 채웠습니다 [3]
[J] [16:17:40] [Render thread/INFO]: [System] [CHAT] -2971, -50, 3007에 있는 블록을 바꿨습니다
[J] [16:17:40] [Render thread/INFO]: [System] [CHAT] -2971, -49, 3007에 있는 블록을 바꿨습니다
[J] [16:17:40] [Render thread/INFO]: [System] [CHAT] -2971, -41, 3007에 있는 블록을 바꿨습니다
[J] [16:17:40] [Render thread/INFO]: [System] [CHAT] 성공적으로 블록 12개를 채웠습니다
[J] [16:17:40] [Render thread/INFO]: [System] [CHAT] -2971, -20, 3007에 있는 블록을 바꿨습니다
[J] [16:17:40] [Render thread/INFO]: [System] [CHAT] 성공적으로 블록 12개를 채웠습니다 [2]
[J] [16:17:40] [Render thread/INFO]: [System] [CHAT] 성공적으로 블록 7개를 채웠습니다
[J] [16:17:40] [Render thread/INFO]: [System] [CHAT] 성공적으로 블록 4개를 채웠습니다
[J] [16:17:40] [Render thread/INFO]: [System] [CHAT] 성공적으로 블록 2개를 채웠습니다
[J] [16:17:40] [Render thread/INFO]: [System] [CHAT] -2970, -25, 2993에 있는 블록을 바꿨습니다
[J] [16:17:40] [Render thread/INFO]: [System] [CHAT] -2970, -24, 2993에 있는 블록을 바꿨습니다
[J] [16:17:40] [Render thread/INFO]: [System] [CHAT] -2970, -23, 2993에 있는 블록을 바꿨습니다
[J] [16:17:40] [Render thread/INFO]: [System] [CHAT] 성공적으로 블록 10개를 채웠습니다
[J] [16:17:40] [Render thread/INFO]: [System] [CHAT] -2970, -27, 2994에 있는 블록을 바꿨습니다
[J] [16:17:40] [Render thread/INFO]: [System] [CHAT] -2970, -26, 2994에 있는 블록을 바꿨습니다
[J] [16:17:40] [Render thread/INFO]: [System] [CHAT] 성공적으로 블록 9개를 채웠습니다
[J] [16:17:40] [Render thread/INFO]: [System] [CHAT] 성공적으로 블록 7개를 채웠습니다
[J] [16:17:40] [Render thread/INFO]: [System] [CHAT] 성공적으로 블록 9개를 채웠습니다 [2]
[J] [16:17:40] [Render thread/INFO]: [System] [CHAT] -2970, -52, 2995에 있는 블록을 바꿨습니다
[J] [16:17:40] [Render thread/INFO]: [System] [CHAT] -2970, -40, 2995에 있는 블록을 바꿨습니다
[J] [16:17:40] [Render thread/INFO]: [System] [CHAT] -2970, -39, 2995에 있는 블록을 바꿨습니다
[J] [16:17:40] [Render thread/INFO]: [System] [CHAT] 성공적으로 블록 2개를 채웠습니다
[J] [16:17:40] [Render thread/INFO]: [System] [CHAT] 성공적으로 블록 12개를 채웠습니다
[J] [16:17:40] [Render thread/INFO]: [System] [CHAT] -2970, -53, 2996에 있는 블록을 바꿨습니다
[J] [16:17:40] [Render thread/INFO]: [System] [CHAT] 성공적으로 블록 2개를 채웠습니다 [2]
[J] [16:17:40] [Render thread/INFO]: [System] [CHAT] -2970, -51, 2996에 있는 블록을 바꿨습니다
[J] [16:17:40] [Render thread/INFO]: [System] [CHAT] 성공적으로 블록 10개를 채웠습니다
[J] [16:17:40] [Render thread/INFO]: [System] [CHAT] -2970, -41, 2996에 있는 블록을 바꿨습니다
[J] [16:17:40] [Render thread/INFO]: [System] [CHAT] -2970, -40, 2996에 있는 블록을 바꿨습니다
[J] [16:17:40] [Render thread/INFO]: [System] [CHAT] -2970, -39, 2996에 있는 블록을 바꿨습니다
[J] [16:17:40] [Render thread/INFO]: [System] [CHAT] 성공적으로 블록 2개를 채웠습니다
[J] [16:17:40] [Render thread/INFO]: [System] [CHAT] 성공적으로 블록 8개를 채웠습니다
[J] [16:17:40] [Render thread/INFO]: [System] [CHAT] 성공적으로 블록 2개를 채웠습니다 [2]
[J] [16:17:40] [Render thread/INFO]: [System] [CHAT] 성공적으로 블록 2개를 채웠습니다 [3]
[J] [16:17:40] [Render thread/INFO]: [System] [CHAT] 성공적으로 블록 2개를 채웠습니다 [4]
[J] [16:17:40] [Render thread/INFO]: [System] [CHAT] 성공적으로 블록 2개를 채웠습니다 [5]
[J] [16:17:40] [Render thread/INFO]: [System] [CHAT] -2970, -42, 2997에 있는 블록을 바꿨습니다
[J] [16:17:40] [Render thread/INFO]: [System] [CHAT] -2970, -41, 2997에 있는 블록을 바꿨습니다
[J] [16:17:40] [Render thread/INFO]: [System] [CHAT] 성공적으로 블록 2개를 채웠습니다 [6]
[J] [16:17:40] [Render thread/INFO]: [System] [CHAT] 성공적으로 블록 8개를 채웠습니다 [2]
[J] [16:17:40] [Render thread/INFO]: [System] [CHAT] -2970, -33, 2997에 있는 블록을 바꿨습니다
[J] [16:17:40] [Render thread/INFO]: [System] [CHAT] -2970, -32, 2997에 있는 블록을 바꿨습니다
[J] [16:17:40] [Render thread/INFO]: [System] [CHAT] -2970, -28, 2997에 있는 블록을 바꿨습니다
[J] [16:17:40] [Render thread/INFO]: [System] [CHAT] 성공적으로 블록 2개를 채웠습니다 [7]
[J] [16:17:40] [Render thread/INFO]: [System] [CHAT] -2970, -53, 2998에 있는 블록을 바꿨습니다
[J] [16:17:40] [Render thread/INFO]: [System] [CHAT] 성공적으로 블록 7개를 채웠습니다
[J] [16:17:40] [Render thread/INFO]: [System] [CHAT] -2970, -41, 2998에 있는 블록을 바꿨습니다
[J] [16:17:40] [Render thread/INFO]: [System] [CHAT] 성공적으로 블록 2개를 채웠습니다 [8]
[J] [16:17:40] [Render thread/INFO]: [System] [CHAT] 성공적으로 블록 4개를 채웠습니다
[J] [16:17:40] [Render thread/INFO]: [System] [CHAT] 성공적으로 블록 2개를 채웠습니다 [9]
[J] [16:17:40] [Render thread/INFO]: [System] [CHAT] 성공적으로 블록 4개를 채웠습니다 [2]
[J] [16:17:40] [Render thread/INFO]: [System] [CHAT] 성공적으로 블록 2개를 채웠습니다 [10]
[J] [16:17:40] [Render thread/INFO]: [System] [CHAT] -2970, -53, 2999에 있는 블록을 바꿨습니다
[J] [16:17:40] [Render thread/INFO]: [System] [CHAT] 성공적으로 블록 3개를 채웠습니다
[J] [16:17:40] [Render thread/INFO]: [System] [CHAT] -2970, -51, 2999에 있는 블록을 바꿨습니다
[J] [16:17:40] [Render thread/INFO]: [System] [CHAT] 성공적으로 블록 9개를 채웠습니다
[J] [16:17:40] [Render thread/INFO]: [System] [CHAT] 성공적으로 블록 9개를 채웠습니다 [2]
[J] [16:17:40] [Render thread/INFO]: [System] [CHAT] 성공적으로 블록 2개를 채웠습니다 [11]
[J] [16:17:40] [Render thread/INFO]: [System] [CHAT] 성공적으로 블록 8개를 채웠습니다
[J] [16:17:40] [Render thread/INFO]: [System] [CHAT] 성공적으로 블록 2개를 채웠습니다 [12]
[J] [16:17:40] [Render thread/INFO]: [System] [CHAT] 성공적으로 블록 2개를 채웠습니다 [13]
[J] [16:17:40] [Render thread/INFO]: [System] [CHAT] -2970, -52, 3000에 있는 블록을 바꿨습니다
[J] [16:17:40] [Render thread/INFO]: [System] [CHAT] -2970, -51, 3000에 있는 블록을 바꿨습니다
[J] [16:17:40] [Render thread/INFO]: [System] [CHAT] -2970, -49, 3000에 있는 블록을 바꿨습니다
[J] [16:17:40] [Render thread/INFO]: [System] [CHAT] 성공적으로 블록 6개를 채웠습니다
[J] [16:17:40] [Render thread/INFO]: [System] [CHAT] -2970, -42, 3000에 있는 블록을 바꿨습니다
[J] [16:17:40] [Render thread/INFO]: [System] [CHAT] -2970, -41, 3000에 있는 블록을 바꿨습니다
[J] [16:17:40] [Render thread/INFO]: [System] [CHAT] 성공적으로 블록 8개를 채웠습니다
[J] [16:17:40] [Render thread/INFO]: [System] [CHAT] 성공적으로 블록 2개를 채웠습니다
[J] [16:17:40] [Render thread/INFO]: [System] [CHAT] -2970, -53, 3001에 있는 블록을 바꿨습니다
[J] [16:17:40] [Render thread/INFO]: [System] [CHAT] 성공적으로 블록 2개를 채웠습니다 [2]
[J] [16:17:40] [Render thread/INFO]: [System] [CHAT] 성공적으로 블록 9개를 채웠습니다
[J] [16:17:40] [Render thread/INFO]: [System] [CHAT] 성공적으로 블록 70개를 채웠습니다
[J] [16:17:40] [Render thread/INFO]: [System] [CHAT] 성공적으로 블록 10개를 채웠습니다
[J] [16:17:40] [Render thread/INFO]: [System] [CHAT] -2970, -26, 3001에 있는 블록을 바꿨습니다
[J] [16:17:40] [Render thread/INFO]: [System] [CHAT] 성공적으로 블록 4개를 채웠습니다
[J] [16:17:40] [Render thread/INFO]: [System] [CHAT] 성공적으로 블록 2개를 채웠습니다
[J] [16:17:40] [Render thread/INFO]: [System] [CHAT] -2970, -49, 3002에 있는 블록을 바꿨습니다
[J] [16:17:40] [Render thread/INFO]: [System] [CHAT] 성공적으로 블록 6개를 채웠습니다
[J] [16:17:40] [Render thread/INFO]: [System] [CHAT] -2970, -42, 3002에 있는 블록을 바꿨습니다
[J] [16:17:40] [Render thread/INFO]: [System] [CHAT] -2970, -41, 3002에 있는 블록을 바꿨습니다
[J] [16:17:40] [Render thread/INFO]: [System] [CHAT] 성공적으로 블록 12개를 채웠습니다
[J] [16:17:40] [Render thread/INFO]: [System] [CHAT] -2970, -26, 3002에 있는 블록을 바꿨습니다
[J] [16:17:40] [Render thread/INFO]: [System] [CHAT] 성공적으로 블록 4개를 채웠습니다
[J] [16:17:40] [Render thread/INFO]: [System] [CHAT] -2970, -53, 3003에 있는 블록을 바꿨습니다
[J] [16:17:40] [Render thread/INFO]: [System] [CHAT] 성공적으로 블록 9개를 채웠습니다
[J] [16:17:40] [Render thread/INFO]: [System] [CHAT] 성공적으로 블록 3개를 채웠습니다
[J] [16:17:40] [Render thread/INFO]: [System] [CHAT] 성공적으로 블록 8개를 채웠습니다
[J] [16:17:40] [Render thread/INFO]: [System] [CHAT] 성공적으로 블록 2개를 채웠습니다
[J] [16:17:40] [Render thread/INFO]: [System] [CHAT] -2970, -52, 3004에 있는 블록을 바꿨습니다
[J] [16:17:40] [Render thread/INFO]: [System] [CHAT] -2970, -49, 3004에 있는 블록을 바꿨습니다
[J] [16:17:40] [Render thread/INFO]: [System] [CHAT] 성공적으로 블록 6개를 채웠습니다
[J] [16:17:40] [Render thread/INFO]: [System] [CHAT] -2970, -42, 3004에 있는 블록을 바꿨습니다
[J] [16:17:40] [Render thread/INFO]: [System] [CHAT] -2970, -41, 3004에 있는 블록을 바꿨습니다
[J] [16:17:40] [Render thread/INFO]: [System] [CHAT] -2970, -26, 3004에 있는 블록을 바꿨습니다
[J] [16:17:40] [Render thread/INFO]: [System] [CHAT] -2970, -24, 3004에 있는 블록을 바꿨습니다
[J] [16:17:40] [Render thread/INFO]: [System] [CHAT] 성공적으로 블록 4개를 채웠습니다
[J] [16:17:40] [Render thread/INFO]: [System] [CHAT] 성공적으로 블록 4개를 채웠습니다 [2]
[J] [16:17:40] [Render thread/INFO]: [System] [CHAT] 성공적으로 블록 8개를 채웠습니다
[J] [16:17:40] [Render thread/INFO]: [System] [CHAT] 성공적으로 블록 3개를 채웠습니다
[J] [16:17:40] [Render thread/INFO]: [System] [CHAT] 성공적으로 블록 9개를 채웠습니다
[J] [16:17:40] [Render thread/INFO]: [System] [CHAT] -2970, -21, 3005에 있는 블록을 바꿨습니다
[J] [16:17:40] [Render thread/INFO]: [System] [CHAT] -2970, -20, 3005에 있는 블록을 바꿨습니다
[J] [16:17:40] [Render thread/INFO]: [System] [CHAT] 성공적으로 블록 2개를 채웠습니다
[J] [16:17:40] [Render thread/INFO]: [System] [CHAT] -2970, -51, 3006에 있는 블록을 바꿨습니다
[J] [16:17:40] [Render thread/INFO]: [System] [CHAT] -2970, -49, 3006에 있는 블록을 바꿨습니다
[J] [16:17:40] [Render thread/INFO]: [System] [CHAT] 성공적으로 블록 6개를 채웠습니다
[J] [16:17:40] [Render thread/INFO]: [System] [CHAT] -2970, -42, 3006에 있는 블록을 바꿨습니다
[J] [16:17:40] [Render thread/INFO]: [System] [CHAT] -2970, -41, 3006에 있는 블록을 바꿨습니다
[J] [16:17:40] [Render thread/INFO]: [System] [CHAT] -2970, -26, 3006에 있는 블록을 바꿨습니다
[J] [16:17:40] [Render thread/INFO]: [System] [CHAT] -2970, -24, 3006에 있는 블록을 바꿨습니다
[J] [16:17:40] [Render thread/INFO]: [System] [CHAT] 성공적으로 블록 8개를 채웠습니다
[J] [16:17:40] [Render thread/INFO]: [System] [CHAT] 성공적으로 블록 3개를 채웠습니다
[J] [16:17:40] [Render thread/INFO]: [System] [CHAT] 성공적으로 블록 9개를 채웠습니다
[J] [16:17:40] [Render thread/INFO]: [System] [CHAT] -2970, -21, 3007에 있는 블록을 바꿨습니다
[J] [16:17:40] [Render thread/INFO]: [System] [CHAT] -2970, -20, 3007에 있는 블록을 바꿨습니다
[J] [16:17:40] [Render thread/INFO]: [System] [CHAT] 성공적으로 블록 4개를 채웠습니다
[J] [16:17:40] [Render thread/INFO]: [System] [CHAT] 성공적으로 블록 2개를 채웠습니다
[J] [16:17:40] [Render thread/INFO]: [System] [CHAT] -2969, -25, 2993에 있는 블록을 바꿨습니다
[J] [16:17:40] [Render thread/INFO]: [System] [CHAT] -2969, -24, 2993에 있는 블록을 바꿨습니다
[J] [16:17:40] [Render thread/INFO]: [System] [CHAT] -2969, -22, 2993에 있는 블록을 바꿨습니다
[J] [16:17:40] [Render thread/INFO]: [System] [CHAT] -2969, -21, 2993에 있는 블록을 바꿨습니다
[J] [16:17:40] [Render thread/INFO]: [System] [CHAT] -2969, -27, 2994에 있는 블록을 바꿨습니다
[J] [16:17:40] [Render thread/INFO]: [System] [CHAT] -2969, -26, 2994에 있는 블록을 바꿨습니다
[J] [16:17:40] [Render thread/INFO]: [System] [CHAT] 성공적으로 블록 7개를 채웠습니다
[J] [16:17:40] [Render thread/INFO]: [System] [CHAT] 성공적으로 블록 7개를 채웠습니다 [2]
[J] [16:17:40] [Render thread/INFO]: [System] [CHAT] 성공적으로 블록 9개를 채웠습니다
[J] [16:17:40] [Render thread/INFO]: [System] [CHAT] 성공적으로 블록 2개를 채웠습니다
[J] [16:17:40] [Render thread/INFO]: [System] [CHAT] -2969, -53, 2996에 있는 블록을 바꿨습니다
[J] [16:17:40] [Render thread/INFO]: [System] [CHAT] 성공적으로 블록 2개를 채웠습니다 [2]
[J] [16:17:40] [Render thread/INFO]: [System] [CHAT] -2969, -51, 2996에 있는 블록을 바꿨습니다
[J] [16:17:40] [Render thread/INFO]: [System] [CHAT] 성공적으로 블록 2개를 채웠습니다 [3]
[J] [16:17:40] [Render thread/INFO]: [System] [CHAT] 성공적으로 블록 2개를 채웠습니다 [4]
[J] [16:17:40] [Render thread/INFO]: [System] [CHAT] -2969, -33, 2997에 있는 블록을 바꿨습니다
[J] [16:17:40] [Render thread/INFO]: [System] [CHAT] -2969, -32, 2997에 있는 블록을 바꿨습니다
[J] [16:17:40] [Render thread/INFO]: [System] [CHAT] -2969, -28, 2997에 있는 블록을 바꿨습니다
[J] [16:17:40] [Render thread/INFO]: [System] [CHAT] -2969, -53, 2998에 있는 블록을 바꿨습니다
[J] [16:17:40] [Render thread/INFO]: [System] [CHAT] -2969, -51, 2998에 있는 블록을 바꿨습니다
[J] [16:17:40] [Render thread/INFO]: [System] [CHAT] 성공적으로 블록 4개를 채웠습니다
[J] [16:17:40] [Render thread/INFO]: [System] [CHAT] 성공적으로 블록 2개를 채웠습니다
[J] [16:17:40] [Render thread/INFO]: [System] [CHAT] 성공적으로 블록 12개를 채웠습니다
[J] [16:17:40] [Render thread/INFO]: [System] [CHAT] -2969, -41, 2998에 있는 블록을 바꿨습니다
[J] [16:17:40] [Render thread/INFO]: [System] [CHAT] -2969, -29, 2998에 있는 블록을 바꿨습니다
[J] [16:17:40] [Render thread/INFO]: [System] [CHAT] 성공적으로 블록 2개를 채웠습니다 [2]
[J] [16:17:40] [Render thread/INFO]: [System] [CHAT] 성공적으로 블록 3개를 채웠습니다
[J] [16:17:40] [Render thread/INFO]: [System] [CHAT] -2969, -49, 2999에 있는 블록을 바꿨습니다
[J] [16:17:41] [Render thread/INFO]: [System] [CHAT] 성공적으로 블록 10개를 채웠습니다
[J] [16:17:41] [Render thread/INFO]: [System] [CHAT] -2969, -43, 2999에 있는 블록을 바꿨습니다
[J] [16:17:41] [Render thread/INFO]: [System] [CHAT] 성공적으로 블록 2개를 채웠습니다 [3]
[J] [16:17:41] [Render thread/INFO]: [System] [CHAT] 성공적으로 블록 2개를 채웠습니다 [4]
[J] [16:17:41] [Render thread/INFO]: [System] [CHAT] 성공적으로 블록 2개를 채웠습니다 [5]
[J] [16:17:41] [Render thread/INFO]: [System] [CHAT] 성공적으로 블록 2개를 채웠습니다 [6]
[J] [16:17:41] [Render thread/INFO]: [System] [CHAT] 성공적으로 블록 4개를 채웠습니다
[J] [16:17:41] [Render thread/INFO]: [System] [CHAT] 성공적으로 블록 2개를 채웠습니다 [7]
[J] [16:17:41] [Render thread/INFO]: [System] [CHAT] 성공적으로 블록 4개를 채웠습니다 [2]
[J] [16:17:41] [Render thread/INFO]: [System] [CHAT] 성공적으로 블록 2개를 채웠습니다 [8]
[J] [16:17:41] [Render thread/INFO]: [System] [CHAT] 성공적으로 블록 2개를 채웠습니다 [9]
[J] [16:17:41] [Render thread/INFO]: [System] [CHAT] 성공적으로 블록 81개를 채웠습니다
[J] [16:17:41] [Render thread/INFO]: [System] [CHAT] 성공적으로 블록 63개를 채웠습니다
[J] [16:17:41] [Render thread/INFO]: [System] [CHAT] 성공적으로 블록 81개를 채웠습니다 [2]
[J] [16:17:41] [Render thread/INFO]: [System] [CHAT] 성공적으로 블록 126개를 채웠습니다
[J] [16:17:41] [Render thread/INFO]: [System] [CHAT] 성공적으로 블록 3개를 채웠습니다
[J] [16:17:41] [Render thread/INFO]: [System] [CHAT] -2969, -51, 3002에 있는 블록을 바꿨습니다
[J] [16:17:41] [Render thread/INFO]: [System] [CHAT] 성공적으로 블록 108개를 채웠습니다
[J] [16:17:41] [Render thread/INFO]: [System] [CHAT] 성공적으로 블록 120개를 채웠습니다
[J] [16:17:41] [Render thread/INFO]: [System] [CHAT] 성공적으로 블록 6개를 채웠습니다
[J] [16:17:41] [Render thread/INFO]: [System] [CHAT] 성공적으로 블록 6개를 채웠습니다 [2]
[J] [16:17:41] [Render thread/INFO]: [System] [CHAT] -2969, -53, 3003에 있는 블록을 바꿨습니다
[J] [16:17:41] [Render thread/INFO]: [System] [CHAT] -2969, -51, 3003에 있는 블록을 바꿨습니다
[J] [16:17:41] [Render thread/INFO]: [System] [CHAT] 성공적으로 블록 2개를 채웠습니다
[J] [16:17:41] [Render thread/INFO]: [System] [CHAT] -2969, -53, 3004에 있는 블록을 바꿨습니다
[J] [16:17:41] [Render thread/INFO]: [System] [CHAT] 성공적으로 블록 2개를 채웠습니다 [2]
[J] [16:17:41] [Render thread/INFO]: [System] [CHAT] 성공적으로 블록 4개를 채웠습니다
[J] [16:17:41] [Render thread/INFO]: [System] [CHAT] 성공적으로 블록 4개를 채웠습니다 [2]
[J] [16:17:41] [Render thread/INFO]: [System] [CHAT] 성공적으로 블록 2개를 채웠습니다 [3]
[J] [16:17:41] [Render thread/INFO]: [System] [CHAT] 성공적으로 블록 2개를 채웠습니다 [4]
[J] [16:17:41] [Render thread/INFO]: [System] [CHAT] -2969, -24, 3005에 있는 블록을 바꿨습니다
[J] [16:17:41] [Render thread/INFO]: [System] [CHAT] 성공적으로 블록 2개를 채웠습니다 [5]
[J] [16:17:41] [Render thread/INFO]: [System] [CHAT] 성공적으로 블록 3개를 채웠습니다
[J] [16:17:41] [Render thread/INFO]: [System] [CHAT] 성공적으로 블록 3개를 채웠습니다 [2]
[J] [16:17:41] [Render thread/INFO]: [System] [CHAT] 성공적으로 블록 2개를 채웠습니다 [6]
[J] [16:17:41] [Render thread/INFO]: [System] [CHAT] 성공적으로 블록 3개를 채웠습니다 [3]
[J] [16:17:41] [Render thread/INFO]: [System] [CHAT] 성공적으로 블록 2개를 채웠습니다 [7]
[J] [16:17:41] [Render thread/INFO]: [System] [CHAT] -2969, -24, 3007에 있는 블록을 바꿨습니다
[J] [16:17:41] [Render thread/INFO]: [System] [CHAT] 성공적으로 블록 2개를 채웠습니다 [8]
[J] [16:17:41] [Render thread/INFO]: [System] [CHAT] -2968, -22, 2993에 있는 블록을 바꿨습니다
[J] [16:17:41] [Render thread/INFO]: [System] [CHAT] 성공적으로 블록 2개를 채웠습니다 [9]
[J] [16:17:41] [Render thread/INFO]: [System] [CHAT] -2968, -20, 2993에 있는 블록을 바꿨습니다
[J] [16:17:41] [Render thread/INFO]: [System] [CHAT] -2968, -28, 2994에 있는 블록을 바꿨습니다
[J] [16:17:41] [Render thread/INFO]: [System] [CHAT] -2968, -27, 2994에 있는 블록을 바꿨습니다
[J] [16:17:41] [Render thread/INFO]: [System] [CHAT] -2968, -26, 2994에 있는 블록을 바꿨습니다
[J] [16:17:41] [Render thread/INFO]: [System] [CHAT] -2968, -22, 2994에 있는 블록을 바꿨습니다
[J] [16:17:41] [Render thread/INFO]: [System] [CHAT] 성공적으로 블록 10개를 채웠습니다
[J] [16:17:41] [Render thread/INFO]: [System] [CHAT] -2968, -20, 2994에 있는 블록을 바꿨습니다
[J] [16:17:41] [Render thread/INFO]: [System] [CHAT] -2968, -53, 2995에 있는 블록을 바꿨습니다
[J] [16:17:41] [Render thread/INFO]: [System] [CHAT] 성공적으로 블록 2개를 채웠습니다
[J] [16:17:41] [Render thread/INFO]: [System] [CHAT] 성공적으로 블록 2개를 채웠습니다 [2]
[J] [16:17:41] [Render thread/INFO]: [System] [CHAT] -2968, -29, 2995에 있는 블록을 바꿨습니다
[J] [16:17:41] [Render thread/INFO]: [System] [CHAT] 성공적으로 블록 2개를 채웠습니다 [3]
[J] [16:17:41] [Render thread/INFO]: [System] [CHAT] -2968, -26, 2995에 있는 블록을 바꿨습니다
[J] [16:17:41] [Render thread/INFO]: [System] [CHAT] -2968, -53, 2996에 있는 블록을 바꿨습니다
[J] [16:17:41] [Render thread/INFO]: [System] [CHAT] 성공적으로 블록 4개를 채웠습니다
[J] [16:17:41] [Render thread/INFO]: [System] [CHAT] -2968, -38, 2996에 있는 블록을 바꿨습니다
[J] [16:17:41] [Render thread/INFO]: [System] [CHAT] -2968, -37, 2996에 있는 블록을 바꿨습니다
[J] [16:17:41] [Render thread/INFO]: [System] [CHAT] -2968, -33, 2996에 있는 블록을 바꿨습니다
[J] [16:17:41] [Render thread/INFO]: [System] [CHAT] -2968, -29, 2996에 있는 블록을 바꿨습니다
[J] [16:17:41] [Render thread/INFO]: [System] [CHAT] 성공적으로 블록 10개를 채웠습니다
[J] [16:17:41] [Render thread/INFO]: [System] [CHAT] -2968, -22, 2996에 있는 블록을 바꿨습니다
[J] [16:17:41] [Render thread/INFO]: [System] [CHAT] 성공적으로 블록 2개를 채웠습니다
[J] [16:17:41] [Render thread/INFO]: [System] [CHAT] -2968, -52, 2997에 있는 블록을 바꿨습니다
[J] [16:17:41] [Render thread/INFO]: [System] [CHAT] 성공적으로 블록 2개를 채웠습니다 [2]
[J] [16:17:41] [Render thread/INFO]: [System] [CHAT] -2968, -38, 2997에 있는 블록을 바꿨습니다
[J] [16:17:41] [Render thread/INFO]: [System] [CHAT] 성공적으로 블록 4개를 채웠습니다
[J] [16:17:41] [Render thread/INFO]: [System] [CHAT] 성공적으로 블록 3개를 채웠습니다
[J] [16:17:41] [Render thread/INFO]: [System] [CHAT] -2968, -32, 2997에 있는 블록을 바꿨습니다
[J] [16:17:41] [Render thread/INFO]: [System] [CHAT] -2968, -52, 2998에 있는 블록을 바꿨습니다
[J] [16:17:41] [Render thread/INFO]: [System] [CHAT] 성공적으로 블록 2개를 채웠습니다
[J] [16:17:41] [Render thread/INFO]: [System] [CHAT] -2968, -41, 2998에 있는 블록을 바꿨습니다
[J] [16:17:41] [Render thread/INFO]: [System] [CHAT] 성공적으로 블록 2개를 채웠습니다 [2]
[J] [16:17:41] [Render thread/INFO]: [System] [CHAT] 성공적으로 블록 5개를 채웠습니다
[J] [16:17:41] [Render thread/INFO]: [System] [CHAT] -2968, -22, 2998에 있는 블록을 바꿨습니다
[J] [16:17:41] [Render thread/INFO]: [System] [CHAT] -2968, -49, 2999에 있는 블록을 바꿨습니다
[J] [16:17:41] [Render thread/INFO]: [System] [CHAT] -2968, -43, 2999에 있는 블록을 바꿨습니다
[J] [16:17:41] [Render thread/INFO]: [System] [CHAT] 성공적으로 블록 16개를 채웠습니다
[J] [16:17:41] [Render thread/INFO]: [System] [CHAT] 성공적으로 블록 21개를 채웠습니다
[J] [16:17:41] [Render thread/INFO]: [System] [CHAT] -2968, -53, 3000에 있는 블록을 바꿨습니다
[J] [16:17:41] [Render thread/INFO]: [System] [CHAT] 성공적으로 블록 2개를 채웠습니다
[J] [16:17:41] [Render thread/INFO]: [System] [CHAT] -2968, -51, 3000에 있는 블록을 바꿨습니다
[J] [16:17:41] [Render thread/INFO]: [System] [CHAT] -2968, -25, 3000에 있는 블록을 바꿨습니다
[J] [16:17:41] [Render thread/INFO]: [System] [CHAT] -2968, -22, 3000에 있는 블록을 바꿨습니다
[J] [16:17:41] [Render thread/INFO]: [System] [CHAT] -2968, -53, 3001에 있는 블록을 바꿨습니다
[J] [16:17:41] [Render thread/INFO]: [System] [CHAT] 성공적으로 블록 2개를 채웠습니다 [2]
[J] [16:17:41] [Render thread/INFO]: [System] [CHAT] -2968, -51, 3001에 있는 블록을 바꿨습니다
[J] [16:17:41] [Render thread/INFO]: [System] [CHAT] 성공적으로 블록 3개를 채웠습니다
[J] [16:17:41] [Render thread/INFO]: [System] [CHAT] 성공적으로 블록 2개를 채웠습니다 [3]
[J] [16:17:41] [Render thread/INFO]: [System] [CHAT] -2968, -51, 3002에 있는 블록을 바꿨습니다
[J] [16:17:41] [Render thread/INFO]: [System] [CHAT] 성공적으로 블록 5개를 채웠습니다
[J] [16:17:41] [Render thread/INFO]: [System] [CHAT] 성공적으로 블록 2개를 채웠습니다 [4]
[J] [16:17:41] [Render thread/INFO]: [System] [CHAT] -2968, -51, 3003에 있는 블록을 바꿨습니다
[J] [16:17:41] [Render thread/INFO]: [System] [CHAT] -2968, -53, 3004에 있는 블록을 바꿨습니다
[J] [16:17:41] [Render thread/INFO]: [System] [CHAT] -2968, -52, 3004에 있는 블록을 바꿨습니다
[J] [16:17:41] [Render thread/INFO]: [System] [CHAT] -2968, -52, 3005에 있는 블록을 바꿨습니다
[J] [16:17:41] [Render thread/INFO]: [System] [CHAT] 성공적으로 블록 3개를 채웠습니다
[J] [16:17:41] [Render thread/INFO]: [System] [CHAT] -2968, -21, 3005에 있는 블록을 바꿨습니다
[J] [16:17:41] [Render thread/INFO]: [System] [CHAT] 성공적으로 블록 2개를 채웠습니다
[J] [16:17:41] [Render thread/INFO]: [System] [CHAT] 성공적으로 블록 2개를 채웠습니다 [2]
[J] [16:17:41] [Render thread/INFO]: [System] [CHAT] -2968, -51, 3006에 있는 블록을 바꿨습니다
[J] [16:17:41] [Render thread/INFO]: [System] [CHAT] 성공적으로 블록 3개를 채웠습니다 [2]
[J] [16:17:41] [Render thread/INFO]: [System] [CHAT] -2968, -21, 3007에 있는 블록을 바꿨습니다
[J] [16:17:41] [Render thread/INFO]: [System] [CHAT] -2967, -21, 2992에 있는 블록을 바꿨습니다
[J] [16:17:41] [Render thread/INFO]: [System] [CHAT] -2967, -23, 2993에 있는 블록을 바꿨습니다
[J] [16:17:41] [Render thread/INFO]: [System] [CHAT] -2967, -22, 2993에 있는 블록을 바꿨습니다
[J] [16:17:41] [Render thread/INFO]: [System] [CHAT] -2967, -20, 2993에 있는 블록을 바꿨습니다
[J] [16:17:41] [Render thread/INFO]: [System] [CHAT] -2967, -19, 2993에 있는 블록을 바꿨습니다
[J] [16:17:41] [Render thread/INFO]: [System] [CHAT] 성공적으로 블록 3개를 채웠습니다
[J] [16:17:41] [Render thread/INFO]: [System] [CHAT] 성공적으로 블록 9개를 채웠습니다
[J] [16:17:41] [Render thread/INFO]: [System] [CHAT] 성공적으로 블록 2개를 채웠습니다
[J] [16:17:41] [Render thread/INFO]: [System] [CHAT] 성공적으로 블록 3개를 채웠습니다 [2]
[J] [16:17:41] [Render thread/INFO]: [System] [CHAT] 성공적으로 블록 2개를 채웠습니다 [2]
[J] [16:17:41] [Render thread/INFO]: [System] [CHAT] -2967, -30, 2995에 있는 블록을 바꿨습니다
[J] [16:17:41] [Render thread/INFO]: [System] [CHAT] -2967, -29, 2995에 있는 블록을 바꿨습니다
[J] [16:17:41] [Render thread/INFO]: [System] [CHAT] -2967, -28, 2995에 있는 블록을 바꿨습니다
[J] [16:17:41] [Render thread/INFO]: [System] [CHAT] 성공적으로 블록 7개를 채웠습니다
[J] [16:17:41] [Render thread/INFO]: [System] [CHAT] 성공적으로 블록 9개를 채웠습니다
[J] [16:17:41] [Render thread/INFO]: [System] [CHAT] 성공적으로 블록 4개를 채웠습니다
[J] [16:17:41] [Render thread/INFO]: [System] [CHAT] -2967, -41, 2996에 있는 블록을 바꿨습니다
[J] [16:17:41] [Render thread/INFO]: [System] [CHAT] -2967, -40, 2996에 있는 블록을 바꿨습니다
[J] [16:17:41] [Render thread/INFO]: [System] [CHAT] -2967, -39, 2996에 있는 블록을 바꿨습니다
[J] [16:17:41] [Render thread/INFO]: [System] [CHAT] 성공적으로 블록 9개를 채웠습니다 [2]
[J] [16:17:41] [Render thread/INFO]: [System] [CHAT] 성공적으로 블록 5개를 채웠습니다
[J] [16:17:41] [Render thread/INFO]: [System] [CHAT] 성공적으로 블록 8개를 채웠습니다
[J] [16:17:41] [Render thread/INFO]: [System] [CHAT] 성공적으로 블록 2개를 채웠습니다
[J] [16:17:41] [Render thread/INFO]: [System] [CHAT] -2967, -52, 2997에 있는 블록을 바꿨습니다
[J] [16:17:41] [Render thread/INFO]: [System] [CHAT] -2967, -42, 2997에 있는 블록을 바꿨습니다
[J] [16:17:41] [Render thread/INFO]: [System] [CHAT] -2967, -41, 2997에 있는 블록을 바꿨습니다
[J] [16:17:41] [Render thread/INFO]: [System] [CHAT] -2967, -40, 2997에 있는 블록을 바꿨습니다
[J] [16:17:41] [Render thread/INFO]: [System] [CHAT] -2967, -39, 2997에 있는 블록을 바꿨습니다
[J] [16:17:41] [Render thread/INFO]: [System] [CHAT] -2967, -38, 2997에 있는 블록을 바꿨습니다
[J] [16:17:41] [Render thread/INFO]: [System] [CHAT] 성공적으로 블록 2개를 채웠습니다
[J] [16:17:41] [Render thread/INFO]: [System] [CHAT] 성공적으로 블록 8개를 채웠습니다
[J] [16:17:41] [Render thread/INFO]: [System] [CHAT] -2967, -53, 2998에 있는 블록을 바꿨습니다
[J] [16:17:41] [Render thread/INFO]: [System] [CHAT] 성공적으로 블록 2개를 채웠습니다 [2]
[J] [16:17:41] [Render thread/INFO]: [System] [CHAT] -2967, -41, 2998에 있는 블록을 바꿨습니다
[J] [16:17:41] [Render thread/INFO]: [System] [CHAT] 성공적으로 블록 2개를 채웠습니다 [3]
[J] [16:17:41] [Render thread/INFO]: [System] [CHAT] 성공적으로 블록 7개를 채웠습니다
[J] [16:17:41] [Render thread/INFO]: [System] [CHAT] 성공적으로 블록 2개를 채웠습니다 [4]
[J] [16:17:41] [Render thread/INFO]: [System] [CHAT] 성공적으로 블록 2개를 채웠습니다 [5]
[J] [16:17:41] [Render thread/INFO]: [System] [CHAT] 성공적으로 블록 2개를 채웠습니다 [6]
[J] [16:17:41] [Render thread/INFO]: [System] [CHAT] 성공적으로 블록 8개를 채웠습니다 [2]
[J] [16:17:41] [Render thread/INFO]: [System] [CHAT] 성공적으로 블록 2개를 채웠습니다 [7]
[J] [16:17:41] [Render thread/INFO]: [System] [CHAT] -2967, -52, 2999에 있는 블록을 바꿨습니다
[J] [16:17:41] [Render thread/INFO]: [System] [CHAT] -2967, -50, 2999에 있는 블록을 바꿨습니다
[J] [16:17:41] [Render thread/INFO]: [System] [CHAT] 성공적으로 블록 9개를 채웠습니다
[J] [16:17:41] [Render thread/INFO]: [System] [CHAT] 성공적으로 블록 7개를 채웠습니다
[J] [16:17:41] [Render thread/INFO]: [System] [CHAT] 성공적으로 블록 8개를 채웠습니다
[J] [16:17:41] [Render thread/INFO]: [System] [CHAT] -2967, -53, 3000에 있는 블록을 바꿨습니다
[J] [16:17:41] [Render thread/INFO]: [System] [CHAT] -2967, -51, 3000에 있는 블록을 바꿨습니다
[J] [16:17:41] [Render thread/INFO]: [System] [CHAT] -2967, -50, 3000에 있는 블록을 바꿨습니다
[J] [16:17:41] [Render thread/INFO]: [System] [CHAT] -2967, -49, 3000에 있는 블록을 바꿨습니다
[J] [16:17:41] [Render thread/INFO]: [System] [CHAT] 성공적으로 블록 5개를 채웠습니다
[J] [16:17:41] [Render thread/INFO]: [System] [CHAT] -2967, -43, 3000에 있는 블록을 바꿨습니다
[J] [16:17:41] [Render thread/INFO]: [System] [CHAT] -2967, -42, 3000에 있는 블록을 바꿨습니다
[J] [16:17:41] [Render thread/INFO]: [System] [CHAT] -2967, -41, 3000에 있는 블록을 바꿨습니다
[J] [16:17:41] [Render thread/INFO]: [System] [CHAT] 성공적으로 블록 9개를 채웠습니다
[J] [16:17:41] [Render thread/INFO]: [System] [CHAT] -2967, -30, 3000에 있는 블록을 바꿨습니다
[J] [16:17:41] [Render thread/INFO]: [System] [CHAT] 성공적으로 블록 8개를 채웠습니다
[J] [16:17:42] [Render thread/INFO]: [System] [CHAT] 성공적으로 블록 2개를 채웠습니다
[J] [16:17:42] [Render thread/INFO]: [System] [CHAT] 성공적으로 블록 2개를 채웠습니다 [2]
[J] [16:17:42] [Render thread/INFO]: [System] [CHAT] 성공적으로 블록 49개를 채웠습니다
[J] [16:17:42] [Render thread/INFO]: [System] [CHAT] -2967, -24, 3001에 있는 블록을 바꿨습니다
[J] [16:17:42] [Render thread/INFO]: [System] [CHAT] 성공적으로 블록 2개를 채웠습니다 [3]
[J] [16:17:42] [Render thread/INFO]: [System] [CHAT] 성공적으로 블록 2개를 채웠습니다 [4]
[J] [16:17:42] [Render thread/INFO]: [System] [CHAT] 성공적으로 블록 2개를 채웠습니다 [5]
[J] [16:17:42] [Render thread/INFO]: [System] [CHAT] -2967, -52, 3002에 있는 블록을 바꿨습니다
[J] [16:17:42] [Render thread/INFO]: [System] [CHAT] 성공적으로 블록 42개를 채웠습니다
[J] [16:17:42] [Render thread/INFO]: [System] [CHAT] 성공적으로 블록 2개를 채웠습니다 [6]
[J] [16:17:42] [Render thread/INFO]: [System] [CHAT] -2967, -52, 3004에 있는 블록을 바꿨습니다
[J] [16:17:42] [Render thread/INFO]: [System] [CHAT] -2967, -53, 3005에 있는 블록을 바꿨습니다
[J] [16:17:42] [Render thread/INFO]: [System] [CHAT] 성공적으로 블록 2개를 채웠습니다 [7]
[J] [16:17:42] [Render thread/INFO]: [System] [CHAT] -2967, -20, 3005에 있는 블록을 바꿨습니다
[J] [16:17:42] [Render thread/INFO]: [System] [CHAT] -2967, -53, 3007에 있는 블록을 바꿨습니다
[J] [16:17:42] [Render thread/INFO]: [System] [CHAT] -2967, -20, 3007에 있는 블록을 바꿨습니다
[J] [16:17:42] [Render thread/INFO]: [System] [CHAT] -2966, -19, 2992에 있는 블록을 바꿨습니다
[J] [16:17:42] [Render thread/INFO]: [System] [CHAT] -2966, -18, 2992에 있는 블록을 바꿨습니다
[J] [16:17:42] [Render thread/INFO]: [System] [CHAT] -2966, -17, 2992에 있는 블록을 바꿨습니다
[J] [16:17:42] [Render thread/INFO]: [System] [CHAT] -2966, -20, 2993에 있는 블록을 바꿨습니다
[J] [16:17:42] [Render thread/INFO]: [System] [CHAT] 성공적으로 블록 2개를 채웠습니다
[J] [16:17:42] [Render thread/INFO]: [System] [CHAT] 성공적으로 블록 2개를 채웠습니다 [2]
[J] [16:17:42] [Render thread/INFO]: [System] [CHAT] -2966, -27, 2994에 있는 블록을 바꿨습니다
[J] [16:17:42] [Render thread/INFO]: [System] [CHAT] 성공적으로 블록 3개를 채웠습니다
[J] [16:17:42] [Render thread/INFO]: [System] [CHAT] -2966, -25, 2994에 있는 블록을 바꿨습니다
[J] [16:17:42] [Render thread/INFO]: [System] [CHAT] 성공적으로 블록 2개를 채웠습니다 [3]
[J] [16:17:42] [Render thread/INFO]: [System] [CHAT] -2966, -22, 2994에 있는 블록을 바꿨습니다
[J] [16:17:42] [Render thread/INFO]: [System] [CHAT] -2966, -21, 2994에 있는 블록을 바꿨습니다
[J] [16:17:42] [Render thread/INFO]: [System] [CHAT] 성공적으로 블록 11개를 채웠습니다
[J] [16:17:42] [Render thread/INFO]: [System] [CHAT] -2966, -31, 2995에 있는 블록을 바꿨습니다
[J] [16:17:42] [Render thread/INFO]: [System] [CHAT] -2966, -30, 2995에 있는 블록을 바꿨습니다
[J] [16:17:42] [Render thread/INFO]: [System] [CHAT] 성공적으로 블록 36개를 채웠습니다
[J] [16:17:42] [Render thread/INFO]: [System] [CHAT] 성공적으로 블록 6개를 채웠습니다
[J] [16:17:42] [Render thread/INFO]: [System] [CHAT] 성공적으로 블록 12개를 채웠습니다
[J] [16:17:42] [Render thread/INFO]: [System] [CHAT] 성공적으로 블록 6개를 채웠습니다 [2]
[J] [16:17:42] [Render thread/INFO]: [System] [CHAT] 성공적으로 블록 10개를 채웠습니다
[J] [16:17:42] [Render thread/INFO]: [System] [CHAT] 성공적으로 블록 2개를 채웠습니다
[J] [16:17:42] [Render thread/INFO]: [System] [CHAT] 성공적으로 블록 6개를 채웠습니다 [3]
[J] [16:17:42] [Render thread/INFO]: [System] [CHAT] 성공적으로 블록 2개를 채웠습니다 [2]
[J] [16:17:42] [Render thread/INFO]: [System] [CHAT] 성공적으로 블록 10개를 채웠습니다 [2]
[J] [16:17:42] [Render thread/INFO]: [System] [CHAT] 성공적으로 블록 2개를 채웠습니다 [3]
[J] [16:17:42] [Render thread/INFO]: [System] [CHAT] 성공적으로 블록 2개를 채웠습니다 [4]
[J] [16:17:42] [Render thread/INFO]: [System] [CHAT] -2966, -40, 2996에 있는 블록을 바꿨습니다
[J] [16:17:42] [Render thread/INFO]: [System] [CHAT] -2966, -39, 2996에 있는 블록을 바꿨습니다
[J] [16:17:42] [Render thread/INFO]: [System] [CHAT] -2966, -33, 2996에 있는 블록을 바꿨습니다
[J] [16:17:42] [Render thread/INFO]: [System] [CHAT] -2966, -32, 2996에 있는 블록을 바꿨습니다
[J] [16:17:42] [Render thread/INFO]: [System] [CHAT] 성공적으로 블록 3개를 채웠습니다
[J] [16:17:42] [Render thread/INFO]: [System] [CHAT] -2966, -30, 2996에 있는 블록을 바꿨습니다
[J] [16:17:42] [Render thread/INFO]: [System] [CHAT] 성공적으로 블록 16개를 채웠습니다
[J] [16:17:42] [Render thread/INFO]: [System] [CHAT] 성공적으로 블록 8개를 채웠습니다
[J] [16:17:42] [Render thread/INFO]: [System] [CHAT] -2966, -52, 2997에 있는 블록을 바꿨습니다
[J] [16:17:42] [Render thread/INFO]: [System] [CHAT] -2966, -40, 2997에 있는 블록을 바꿨습니다
[J] [16:17:42] [Render thread/INFO]: [System] [CHAT] -2966, -39, 2997에 있는 블록을 바꿨습니다
[J] [16:17:42] [Render thread/INFO]: [System] [CHAT] 성공적으로 블록 2개를 채웠습니다
[J] [16:17:42] [Render thread/INFO]: [System] [CHAT] 성공적으로 블록 6개를 채웠습니다
[J] [16:17:42] [Render thread/INFO]: [System] [CHAT] 성공적으로 블록 2개를 채웠습니다 [2]
[J] [16:17:42] [Render thread/INFO]: [System] [CHAT] -2966, -51, 2998에 있는 블록을 바꿨습니다
[J] [16:17:42] [Render thread/INFO]: [System] [CHAT] 성공적으로 블록 4개를 채웠습니다
[J] [16:17:42] [Render thread/INFO]: [System] [CHAT] 성공적으로 블록 2개를 채웠습니다 [3]
[J] [16:17:42] [Render thread/INFO]: [System] [CHAT] 성공적으로 블록 12개를 채웠습니다
[J] [16:17:42] [Render thread/INFO]: [System] [CHAT] -2966, -41, 2998에 있는 블록을 바꿨습니다
[J] [16:17:42] [Render thread/INFO]: [System] [CHAT] 성공적으로 블록 3개를 채웠습니다
[J] [16:17:42] [Render thread/INFO]: [System] [CHAT] 성공적으로 블록 6개를 채웠습니다
[J] [16:17:42] [Render thread/INFO]: [System] [CHAT] 성공적으로 블록 2개를 채웠습니다 [4]
[J] [16:17:42] [Render thread/INFO]: [System] [CHAT] 성공적으로 블록 2개를 채웠습니다 [5]
[J] [16:17:42] [Render thread/INFO]: [System] [CHAT] -2966, -49, 2999에 있는 블록을 바꿨습니다
[J] [16:17:42] [Render thread/INFO]: [System] [CHAT] 성공적으로 블록 10개를 채웠습니다
[J] [16:17:42] [Render thread/INFO]: [System] [CHAT] -2966, -43, 2999에 있는 블록을 바꿨습니다
[J] [16:17:42] [Render thread/INFO]: [System] [CHAT] 성공적으로 블록 2개를 채웠습니다 [6]
[J] [16:17:42] [Render thread/INFO]: [System] [CHAT] 성공적으로 블록 2개를 채웠습니다 [7]
[J] [16:17:42] [Render thread/INFO]: [System] [CHAT] 성공적으로 블록 2개를 채웠습니다 [8]
[J] [16:17:42] [Render thread/INFO]: [System] [CHAT] -2966, -51, 3000에 있는 블록을 바꿨습니다
[J] [16:17:42] [Render thread/INFO]: [System] [CHAT] 성공적으로 블록 2개를 채웠습니다 [9]
[J] [16:17:42] [Render thread/INFO]: [System] [CHAT] 성공적으로 블록 4개를 채웠습니다
[J] [16:17:42] [Render thread/INFO]: [System] [CHAT] 성공적으로 블록 12개를 채웠습니다
[J] [16:17:42] [Render thread/INFO]: [System] [CHAT] 성공적으로 블록 5개를 채웠습니다
[J] [16:17:42] [Render thread/INFO]: [System] [CHAT] -2966, -32, 3000에 있는 블록을 바꿨습니다
[J] [16:17:42] [Render thread/INFO]: [System] [CHAT] -2966, -31, 3000에 있는 블록을 바꿨습니다
[J] [16:17:42] [Render thread/INFO]: [System] [CHAT] 성공적으로 블록 6개를 채웠습니다
[J] [16:17:42] [Render thread/INFO]: [System] [CHAT] 성공적으로 블록 48개를 채웠습니다
[J] [16:17:42] [Render thread/INFO]: [System] [CHAT] 성공적으로 블록 14개를 채웠습니다
[J] [16:17:42] [Render thread/INFO]: [System] [CHAT] 성공적으로 블록 2개를 채웠습니다
[J] [16:17:42] [Render thread/INFO]: [System] [CHAT] 성공적으로 블록 14개를 채웠습니다 [2]
[J] [16:17:42] [Render thread/INFO]: [System] [CHAT] -2966, -53, 3002에 있는 블록을 바꿨습니다
[J] [16:17:42] [Render thread/INFO]: [System] [CHAT] 성공적으로 블록 2개를 채웠습니다 [2]
[J] [16:17:42] [Render thread/INFO]: [System] [CHAT] 성공적으로 블록 18개를 채웠습니다
[J] [16:17:42] [Render thread/INFO]: [System] [CHAT] 성공적으로 블록 5개를 채웠습니다
[J] [16:17:42] [Render thread/INFO]: [System] [CHAT] -2966, -52, 3004에 있는 블록을 바꿨습니다
[J] [16:17:42] [Render thread/INFO]: [System] [CHAT] -2966, -53, 3005에 있는 블록을 바꿨습니다
[J] [16:17:42] [Render thread/INFO]: [System] [CHAT] 성공적으로 블록 3개를 채웠습니다
[J] [16:17:42] [Render thread/INFO]: [System] [CHAT] -2966, -52, 3006에 있는 블록을 바꿨습니다
[J] [16:17:42] [Render thread/INFO]: [System] [CHAT] 성공적으로 블록 2개를 채웠습니다
[J] [16:17:42] [Render thread/INFO]: [System] [CHAT] -2966, -53, 3007에 있는 블록을 바꿨습니다
[J] [16:17:42] [Render thread/INFO]: [System] [CHAT] -2966, -52, 3007에 있는 블록을 바꿨습니다
[J] [16:17:42] [Render thread/INFO]: [System] [CHAT] -2965, -18, 2992에 있는 블록을 바꿨습니다
[J] [16:17:42] [Render thread/INFO]: [System] [CHAT] 성공적으로 블록 3개를 채웠습니다
[J] [16:17:42] [Render thread/INFO]: [System] [CHAT] -2965, -14, 2992에 있는 블록을 바꿨습니다
[J] [16:17:42] [Render thread/INFO]: [System] [CHAT] -2965, -27, 2993에 있는 블록을 바꿨습니다
[J] [16:17:42] [Render thread/INFO]: [System] [CHAT] 성공적으로 블록 14개를 채웠습니다
[J] [16:17:42] [Render thread/INFO]: [System] [CHAT] 성공적으로 블록 30개를 채웠습니다
[J] [16:17:42] [Render thread/INFO]: [System] [CHAT] -2965, -27, 2994에 있는 블록을 바꿨습니다
[J] [16:17:42] [Render thread/INFO]: [System] [CHAT] -2965, -25, 2994에 있는 블록을 바꿨습니다
[J] [16:17:42] [Render thread/INFO]: [System] [CHAT] -2965, -23, 2994에 있는 블록을 바꿨습니다
[J] [16:17:42] [Render thread/INFO]: [System] [CHAT] -2965, -22, 2994에 있는 블록을 바꿨습니다
[J] [16:17:42] [Render thread/INFO]: [System] [CHAT] 성공적으로 블록 5개를 채웠습니다
[J] [16:17:42] [Render thread/INFO]: [System] [CHAT] -2965, -20, 2994에 있는 블록을 바꿨습니다
[J] [16:17:42] [Render thread/INFO]: [System] [CHAT] -2965, -19, 2994에 있는 블록을 바꿨습니다
[J] [16:17:42] [Render thread/INFO]: [System] [CHAT] 성공적으로 블록 2개를 채웠습니다
[J] [16:17:42] [Render thread/INFO]: [System] [CHAT] 성공적으로 블록 2개를 채웠습니다 [2]
[J] [16:17:42] [Render thread/INFO]: [System] [CHAT] -2965, -19, 2995에 있는 블록을 바꿨습니다
[J] [16:17:42] [Render thread/INFO]: [System] [CHAT] -2965, -18, 2995에 있는 블록을 바꿨습니다
[J] [16:17:42] [Render thread/INFO]: [System] [CHAT] 성공적으로 블록 2개를 채웠습니다 [3]
[J] [16:17:42] [Render thread/INFO]: [System] [CHAT] 성공적으로 블록 2개를 채웠습니다 [4]
[J] [16:17:42] [Render thread/INFO]: [System] [CHAT] 성공적으로 블록 2개를 채웠습니다 [5]
[J] [16:17:42] [Render thread/INFO]: [System] [CHAT] 성공적으로 블록 2개를 채웠습니다 [6]
[J] [16:17:42] [Render thread/INFO]: [System] [CHAT] -2965, -41, 2998에 있는 블록을 바꿨습니다
[J] [16:17:42] [Render thread/INFO]: [System] [CHAT] -2965, -40, 2998에 있는 블록을 바꿨습니다
[J] [16:17:42] [Render thread/INFO]: [System] [CHAT] -2965, -39, 2998에 있는 블록을 바꿨습니다
[J] [16:17:42] [Render thread/INFO]: [System] [CHAT] 성공적으로 블록 14개를 채웠습니다
[J] [16:17:42] [Render thread/INFO]: [System] [CHAT] -2965, -53, 2999에 있는 블록을 바꿨습니다
[J] [16:17:42] [Render thread/INFO]: [System] [CHAT] -2965, -52, 2999에 있는 블록을 바꿨습니다
[J] [16:17:42] [Render thread/INFO]: [System] [CHAT] -2965, -49, 2999에 있는 블록을 바꿨습니다
[J] [16:17:42] [Render thread/INFO]: [System] [CHAT] -2965, -43, 2999에 있는 블록을 바꿨습니다
[J] [16:17:42] [Render thread/INFO]: [System] [CHAT] -2965, -37, 2999에 있는 블록을 바꿨습니다
[J] [16:17:42] [Render thread/INFO]: [System] [CHAT] 성공적으로 블록 10개를 채웠습니다
[J] [16:17:42] [Render thread/INFO]: [System] [CHAT] -2965, -31, 2999에 있는 블록을 바꿨습니다
[J] [16:17:42] [Render thread/INFO]: [System] [CHAT] -2965, -52, 3000에 있는 블록을 바꿨습니다
[J] [16:17:42] [Render thread/INFO]: [System] [CHAT] -2965, -51, 3000에 있는 블록을 바꿨습니다
[J] [16:17:42] [Render thread/INFO]: [System] [CHAT] 성공적으로 블록 5개를 채웠습니다
[J] [16:17:42] [Render thread/INFO]: [System] [CHAT] 성공적으로 블록 4개를 채웠습니다
[J] [16:17:42] [Render thread/INFO]: [System] [CHAT] 성공적으로 블록 3개를 채웠습니다
[J] [16:17:42] [Render thread/INFO]: [System] [CHAT] -2965, -52, 3003에 있는 블록을 바꿨습니다
[J] [16:17:42] [Render thread/INFO]: [System] [CHAT] 성공적으로 블록 2개를 채웠습니다
[J] [16:17:42] [Render thread/INFO]: [System] [CHAT] -2965, -52, 3004에 있는 블록을 바꿨습니다
[J] [16:17:42] [Render thread/INFO]: [System] [CHAT] -2965, -53, 3005에 있는 블록을 바꿨습니다
[J] [16:17:42] [Render thread/INFO]: [System] [CHAT] 성공적으로 블록 3개를 채웠습니다 [2]
[J] [16:17:42] [Render thread/INFO]: [System] [CHAT] 성공적으로 블록 2개를 채웠습니다 [2]
[J] [16:17:42] [Render thread/INFO]: [System] [CHAT] 성공적으로 블록 2개를 채웠습니다 [3]
[J] [16:17:42] [Render thread/INFO]: [System] [CHAT] -2965, -52, 3007에 있는 블록을 바꿨습니다
[J] [16:17:42] [Render thread/INFO]: [System] [CHAT] -2964, -15, 2992에 있는 블록을 바꿨습니다
[J] [16:17:42] [Render thread/INFO]: [System] [CHAT] 성공적으로 블록 4개를 채웠습니다
[J] [16:17:42] [Render thread/INFO]: [System] [CHAT] -2964, -7, 2992에 있는 블록을 바꿨습니다
[J] [16:17:42] [Render thread/INFO]: [System] [CHAT] 성공적으로 블록 45개를 채웠습니다
[J] [16:17:42] [Render thread/INFO]: [System] [CHAT] 성공적으로 블록 3개를 채웠습니다
[J] [16:17:42] [Render thread/INFO]: [System] [CHAT] -2964, -27, 2994에 있는 블록을 바꿨습니다
[J] [16:17:42] [Render thread/INFO]: [System] [CHAT] -2964, -25, 2994에 있는 블록을 바꿨습니다
[J] [16:17:42] [Render thread/INFO]: [System] [CHAT] -2964, -24, 2994에 있는 블록을 바꿨습니다
[J] [16:17:42] [Render thread/INFO]: [System] [CHAT] -2964, -23, 2994에 있는 블록을 바꿨습니다
[J] [16:17:42] [Render thread/INFO]: [System] [CHAT] -2964, -22, 2994에 있는 블록을 바꿨습니다
[J] [16:17:42] [Render thread/INFO]: [System] [CHAT] -2964, -20, 2994에 있는 블록을 바꿨습니다
[J] [16:17:42] [Render thread/INFO]: [System] [CHAT] -2964, -18, 2994에 있는 블록을 바꿨습니다
[J] [16:17:42] [Render thread/INFO]: [System] [CHAT] -2964, -53, 2995에 있는 블록을 바꿨습니다
[J] [16:17:42] [Render thread/INFO]: [System] [CHAT] -2964, -24, 2995에 있는 블록을 바꿨습니다
[J] [16:17:42] [Render thread/INFO]: [System] [CHAT] -2964, -23, 2995에 있는 블록을 바꿨습니다
[J] [16:17:42] [Render thread/INFO]: [System] [CHAT] 성공적으로 블록 3개를 채웠습니다
[J] [16:17:42] [Render thread/INFO]: [System] [CHAT] 성공적으로 블록 9개를 채웠습니다
[J] [16:17:42] [Render thread/INFO]: [System] [CHAT] 성공적으로 블록 2개를 채웠습니다
[J] [16:17:42] [Render thread/INFO]: [System] [CHAT] 성공적으로 블록 3개를 채웠습니다 [2]
[J] [16:17:42] [Render thread/INFO]: [System] [CHAT] -2964, -10, 2995에 있는 블록을 바꿨습니다
[J] [16:17:42] [Render thread/INFO]: [System] [CHAT] -2964, -9, 2995에 있는 블록을 바꿨습니다
[J] [16:17:43] [Render thread/INFO]: [System] [CHAT] -2964, -8, 2995에 있는 블록을 바꿨습니다
[J] [16:17:43] [Render thread/INFO]: [System] [CHAT] 성공적으로 블록 2개를 채웠습니다 [2]
[J] [16:17:43] [Render thread/INFO]: [System] [CHAT] 성공적으로 블록 3개를 채웠습니다 [3]
[J] [16:17:43] [Render thread/INFO]: [System] [CHAT] 성공적으로 블록 36개를 채웠습니다
[J] [16:17:43] [Render thread/INFO]: [System] [CHAT] -2964, -53, 2997에 있는 블록을 바꿨습니다
[J] [16:17:43] [Render thread/INFO]: [System] [CHAT] 성공적으로 블록 2개를 채웠습니다 [3]
[J] [16:17:43] [Render thread/INFO]: [System] [CHAT] 성공적으로 블록 2개를 채웠습니다 [4]
[J] [16:17:43] [Render thread/INFO]: [System] [CHAT] -2964, -40, 2997에 있는 블록을 바꿨습니다
[J] [16:17:43] [Render thread/INFO]: [System] [CHAT] -2964, -39, 2997에 있는 블록을 바꿨습니다
[J] [16:17:43] [Render thread/INFO]: [System] [CHAT] -2964, -53, 2998에 있는 블록을 바꿨습니다
[J] [16:17:43] [Render thread/INFO]: [System] [CHAT] -2964, -41, 2998에 있는 블록을 바꿨습니다
[J] [16:17:43] [Render thread/INFO]: [System] [CHAT] -2964, -40, 2998에 있는 블록을 바꿨습니다
[J] [16:17:43] [Render thread/INFO]: [System] [CHAT] -2964, -39, 2998에 있는 블록을 바꿨습니다
[J] [16:17:43] [Render thread/INFO]: [System] [CHAT] 성공적으로 블록 2개를 채웠습니다
[J] [16:17:43] [Render thread/INFO]: [System] [CHAT] -2964, -52, 2999에 있는 블록을 바꿨습니다
[J] [16:17:43] [Render thread/INFO]: [System] [CHAT] -2964, -51, 2999에 있는 블록을 바꿨습니다
[J] [16:17:43] [Render thread/INFO]: [System] [CHAT] -2964, -50, 2999에 있는 블록을 바꿨습니다
[J] [16:17:43] [Render thread/INFO]: [System] [CHAT] 성공적으로 블록 9개를 채웠습니다
[J] [16:17:43] [Render thread/INFO]: [System] [CHAT] -2964, -37, 2999에 있는 블록을 바꿨습니다
[J] [16:17:43] [Render thread/INFO]: [System] [CHAT] -2964, -31, 2999에 있는 블록을 바꿨습니다
[J] [16:17:43] [Render thread/INFO]: [System] [CHAT] 성공적으로 블록 2개를 채웠습니다
[J] [16:17:43] [Render thread/INFO]: [System] [CHAT] -2964, -52, 3000에 있는 블록을 바꿨습니다
[J] [16:17:43] [Render thread/INFO]: [System] [CHAT] 성공적으로 블록 2개를 채웠습니다 [2]
[J] [16:17:43] [Render thread/INFO]: [System] [CHAT] -2964, -50, 3000에 있는 블록을 바꿨습니다
[J] [16:17:43] [Render thread/INFO]: [System] [CHAT] -2964, -49, 3000에 있는 블록을 바꿨습니다
[J] [16:17:43] [Render thread/INFO]: [System] [CHAT] 성공적으로 블록 5개를 채웠습니다
[J] [16:17:43] [Render thread/INFO]: [System] [CHAT] -2964, -43, 3000에 있는 블록을 바꿨습니다
[J] [16:17:43] [Render thread/INFO]: [System] [CHAT] -2964, -42, 3000에 있는 블록을 바꿨습니다
[J] [16:17:43] [Render thread/INFO]: [System] [CHAT] -2964, -41, 3000에 있는 블록을 바꿨습니다
[J] [16:17:43] [Render thread/INFO]: [System] [CHAT] -2964, -52, 3003에 있는 블록을 바꿨습니다
[J] [16:17:43] [Render thread/INFO]: [System] [CHAT] -2964, -10, 3003에 있는 블록을 바꿨습니다
[J] [16:17:43] [Render thread/INFO]: [System] [CHAT] -2964, -9, 3003에 있는 블록을 바꿨습니다
[J] [16:17:43] [Render thread/INFO]: [System] [CHAT] -2964, -8, 3003에 있는 블록을 바꿨습니다
[J] [16:17:43] [Render thread/INFO]: [System] [CHAT] -2964, -52, 3004에 있는 블록을 바꿨습니다
[J] [16:17:43] [Render thread/INFO]: [System] [CHAT] 성공적으로 블록 2개를 채웠습니다
[J] [16:17:43] [Render thread/INFO]: [System] [CHAT] -2964, -52, 3007에 있는 블록을 바꿨습니다
[J] [16:17:43] [Render thread/INFO]: [System] [CHAT] 성공적으로 블록 3개를 채웠습니다
[J] [16:17:43] [Render thread/INFO]: [System] [CHAT] -2963, -12, 2992에 있는 블록을 바꿨습니다
[J] [16:17:43] [Render thread/INFO]: [System] [CHAT] -2963, -11, 2992에 있는 블록을 바꿨습니다
[J] [16:17:43] [Render thread/INFO]: [System] [CHAT] 성공적으로 블록 48개를 채웠습니다
[J] [16:17:43] [Render thread/INFO]: [System] [CHAT] 성공적으로 블록 16개를 채웠습니다
[J] [16:17:43] [Render thread/INFO]: [System] [CHAT] -2963, -6, 2992에 있는 블록을 바꿨습니다
[J] [16:17:43] [Render thread/INFO]: [System] [CHAT] -2963, -19, 2993에 있는 블록을 바꿨습니다
[J] [16:17:43] [Render thread/INFO]: [System] [CHAT] -2963, -6, 2993에 있는 블록을 바꿨습니다
[J] [16:17:43] [Render thread/INFO]: [System] [CHAT] -2963, -29, 2994에 있는 블록을 바꿨습니다
[J] [16:17:43] [Render thread/INFO]: [System] [CHAT] -2963, -25, 2994에 있는 블록을 바꿨습니다
[J] [16:17:43] [Render thread/INFO]: [System] [CHAT] -2963, -17, 2994에 있는 블록을 바꿨습니다
[J] [16:17:43] [Render thread/INFO]: [System] [CHAT] -2963, -16, 2994에 있는 블록을 바꿨습니다
[J] [16:17:43] [Render thread/INFO]: [System] [CHAT] -2963, -6, 2994에 있는 블록을 바꿨습니다
[J] [16:17:43] [Render thread/INFO]: [System] [CHAT] 성공적으로 블록 2개를 채웠습니다
[J] [16:17:43] [Render thread/INFO]: [System] [CHAT] -2963, -52, 2995에 있는 블록을 바꿨습니다
[J] [16:17:43] [Render thread/INFO]: [System] [CHAT] 성공적으로 블록 2개를 채웠습니다 [2]
[J] [16:17:43] [Render thread/INFO]: [System] [CHAT] 성공적으로 블록 2개를 채웠습니다 [3]
[J] [16:17:43] [Render thread/INFO]: [System] [CHAT] 성공적으로 블록 4개를 채웠습니다
[J] [16:17:43] [Render thread/INFO]: [System] [CHAT] -2963, -6, 2995에 있는 블록을 바꿨습니다
[J] [16:17:43] [Render thread/INFO]: [System] [CHAT] 성공적으로 블록 3개를 채웠습니다
[J] [16:17:43] [Render thread/INFO]: [System] [CHAT] -2963, -6, 2996에 있는 블록을 바꿨습니다
[J] [16:17:43] [Render thread/INFO]: [System] [CHAT] 성공적으로 블록 2개를 채웠습니다 [4]
[J] [16:17:43] [Render thread/INFO]: [System] [CHAT] -2963, -6, 2997에 있는 블록을 바꿨습니다
[J] [16:17:43] [Render thread/INFO]: [System] [CHAT] 성공적으로 블록 2개를 채웠습니다 [5]
[J] [16:17:43] [Render thread/INFO]: [System] [CHAT] -2963, -52, 2998에 있는 블록을 바꿨습니다
[J] [16:17:43] [Render thread/INFO]: [System] [CHAT] -2963, -51, 2998에 있는 블록을 바꿨습니다
[J] [16:17:43] [Render thread/INFO]: [System] [CHAT] 성공적으로 블록 30개를 채웠습니다
[J] [16:17:43] [Render thread/INFO]: [System] [CHAT] -2963, -40, 2998에 있는 블록을 바꿨습니다
[J] [16:17:43] [Render thread/INFO]: [System] [CHAT] -2963, -39, 2998에 있는 블록을 바꿨습니다
[J] [16:17:43] [Render thread/INFO]: [System] [CHAT] -2963, -37, 2998에 있는 블록을 바꿨습니다
[J] [16:17:43] [Render thread/INFO]: [System] [CHAT] -2963, -36, 2998에 있는 블록을 바꿨습니다
[J] [16:17:43] [Render thread/INFO]: [System] [CHAT] 성공적으로 블록 5개를 채웠습니다
[J] [16:17:43] [Render thread/INFO]: [System] [CHAT] -2963, -6, 2998에 있는 블록을 바꿨습니다
[J] [16:17:43] [Render thread/INFO]: [System] [CHAT] 성공적으로 블록 2개를 채웠습니다
[J] [16:17:43] [Render thread/INFO]: [System] [CHAT] 성공적으로 블록 2개를 채웠습니다 [2]
[J] [16:17:43] [Render thread/INFO]: [System] [CHAT] 성공적으로 블록 7개를 채웠습니다
[J] [16:17:43] [Render thread/INFO]: [System] [CHAT] -2963, -6, 2999에 있는 블록을 바꿨습니다
[J] [16:17:43] [Render thread/INFO]: [System] [CHAT] 성공적으로 블록 7개를 채웠습니다 [2]
[J] [16:17:43] [Render thread/INFO]: [System] [CHAT] -2963, -6, 3000에 있는 블록을 바꿨습니다
[J] [16:17:43] [Render thread/INFO]: [System] [CHAT] -2963, -6, 3001에 있는 블록을 바꿨습니다
[J] [16:17:43] [Render thread/INFO]: [System] [CHAT] -2963, -6, 3002에 있는 블록을 바꿨습니다
[J] [16:17:43] [Render thread/INFO]: [System] [CHAT] -2963, -53, 3003에 있는 블록을 바꿨습니다
[J] [16:17:43] [Render thread/INFO]: [System] [CHAT] 성공적으로 블록 2개를 채웠습니다
[J] [16:17:43] [Render thread/INFO]: [System] [CHAT] -2963, -6, 3003에 있는 블록을 바꿨습니다
[J] [16:17:43] [Render thread/INFO]: [System] [CHAT] -2963, -53, 3004에 있는 블록을 바꿨습니다
[J] [16:17:43] [Render thread/INFO]: [System] [CHAT] -2963, -52, 3004에 있는 블록을 바꿨습니다
[J] [16:17:43] [Render thread/INFO]: [System] [CHAT] -2963, -6, 3004에 있는 블록을 바꿨습니다
[J] [16:17:43] [Render thread/INFO]: [System] [CHAT] -2963, -6, 3005에 있는 블록을 바꿨습니다
[J] [16:17:43] [Render thread/INFO]: [System] [CHAT] 성공적으로 블록 2개를 채웠습니다
[J] [16:17:43] [Render thread/INFO]: [System] [CHAT] 성공적으로 블록 2개를 채웠습니다 [2]
[J] [16:17:43] [Render thread/INFO]: [System] [CHAT] -2963, -6, 3006에 있는 블록을 바꿨습니다
[J] [16:17:43] [Render thread/INFO]: [System] [CHAT] -2963, -52, 3007에 있는 블록을 바꿨습니다
[J] [16:17:43] [Render thread/INFO]: [System] [CHAT] -2963, -6, 3007에 있는 블록을 바꿨습니다
[J] [16:17:43] [Render thread/INFO]: [System] [CHAT] -2962, -15, 2992에 있는 블록을 바꿨습니다
[J] [16:17:43] [Render thread/INFO]: [System] [CHAT] 성공적으로 블록 4개를 채웠습니다
[J] [16:17:43] [Render thread/INFO]: [System] [CHAT] -2962, -18, 2993에 있는 블록을 바꿨습니다
[J] [16:17:43] [Render thread/INFO]: [System] [CHAT] 성공적으로 블록 3개를 채웠습니다
[J] [16:17:43] [Render thread/INFO]: [System] [CHAT] 성공적으로 블록 45개를 채웠습니다
[J] [16:17:43] [Render thread/INFO]: [System] [CHAT] 성공적으로 블록 3개를 채웠습니다 [2]
[J] [16:17:43] [Render thread/INFO]: [System] [CHAT] -2962, -27, 2994에 있는 블록을 바꿨습니다
[J] [16:17:43] [Render thread/INFO]: [System] [CHAT] 성공적으로 블록 2개를 채웠습니다
[J] [16:17:43] [Render thread/INFO]: [System] [CHAT] -2962, -25, 2994에 있는 블록을 바꿨습니다
[J] [16:17:43] [Render thread/INFO]: [System] [CHAT] -2962, -24, 2994에 있는 블록을 바꿨습니다
[J] [16:17:43] [Render thread/INFO]: [System] [CHAT] -2962, -23, 2994에 있는 블록을 바꿨습니다
[J] [16:17:43] [Render thread/INFO]: [System] [CHAT] -2962, -22, 2994에 있는 블록을 바꿨습니다
[J] [16:17:43] [Render thread/INFO]: [System] [CHAT] -2962, -20, 2994에 있는 블록을 바꿨습니다
[J] [16:17:43] [Render thread/INFO]: [System] [CHAT] -2962, -19, 2994에 있는 블록을 바꿨습니다
[J] [16:17:43] [Render thread/INFO]: [System] [CHAT] -2962, -18, 2994에 있는 블록을 바꿨습니다
[J] [16:17:43] [Render thread/INFO]: [System] [CHAT] -2962, -17, 2994에 있는 블록을 바꿨습니다
[J] [16:17:43] [Render thread/INFO]: [System] [CHAT] 성공적으로 블록 2개를 채웠습니다
[J] [16:17:43] [Render thread/INFO]: [System] [CHAT] -2962, -24, 2995에 있는 블록을 바꿨습니다
[J] [16:17:43] [Render thread/INFO]: [System] [CHAT] -2962, -23, 2995에 있는 블록을 바꿨습니다
[J] [16:17:43] [Render thread/INFO]: [System] [CHAT] 성공적으로 블록 2개를 채웠습니다 [2]
[J] [16:17:43] [Render thread/INFO]: [System] [CHAT] -2962, -10, 2995에 있는 블록을 바꿨습니다
[J] [16:17:43] [Render thread/INFO]: [System] [CHAT] -2962, -9, 2995에 있는 블록을 바꿨습니다
[J] [16:17:43] [Render thread/INFO]: [System] [CHAT] -2962, -8, 2995에 있는 블록을 바꿨습니다
[J] [16:17:43] [Render thread/INFO]: [System] [CHAT] -2962, -53, 2996에 있는 블록을 바꿨습니다
[J] [16:17:43] [Render thread/INFO]: [System] [CHAT] 성공적으로 블록 4개를 채웠습니다
[J] [16:17:43] [Render thread/INFO]: [System] [CHAT] 성공적으로 블록 2개를 채웠습니다
[J] [16:17:43] [Render thread/INFO]: [System] [CHAT] 성공적으로 블록 3개를 채웠습니다
[J] [16:17:43] [Render thread/INFO]: [System] [CHAT] -2962, -40, 2997에 있는 블록을 바꿨습니다
[J] [16:17:43] [Render thread/INFO]: [System] [CHAT] -2962, -39, 2997에 있는 블록을 바꿨습니다
[J] [16:17:43] [Render thread/INFO]: [System] [CHAT] 성공적으로 블록 4개를 채웠습니다 [2]
[J] [16:17:43] [Render thread/INFO]: [System] [CHAT] -2962, -51, 2998에 있는 블록을 바꿨습니다
[J] [16:17:43] [Render thread/INFO]: [System] [CHAT] 성공적으로 블록 2개를 채웠습니다
[J] [16:17:43] [Render thread/INFO]: [System] [CHAT] -2962, -41, 2998에 있는 블록을 바꿨습니다
[J] [16:17:43] [Render thread/INFO]: [System] [CHAT] -2962, -40, 2998에 있는 블록을 바꿨습니다
[J] [16:17:43] [Render thread/INFO]: [System] [CHAT] -2962, -39, 2998에 있는 블록을 바꿨습니다
[J] [16:17:43] [Render thread/INFO]: [System] [CHAT] 성공적으로 블록 14개를 채웠습니다
[J] [16:17:43] [Render thread/INFO]: [System] [CHAT] -2962, -53, 2999에 있는 블록을 바꿨습니다
[J] [16:17:43] [Render thread/INFO]: [System] [CHAT] -2962, -50, 2999에 있는 블록을 바꿨습니다
[J] [16:17:43] [Render thread/INFO]: [System] [CHAT] 성공적으로 블록 9개를 채웠습니다
[J] [16:17:43] [Render thread/INFO]: [System] [CHAT] -2962, -37, 2999에 있는 블록을 바꿨습니다
[J] [16:17:43] [Render thread/INFO]: [System] [CHAT] 성공적으로 블록 10개를 채웠습니다
[J] [16:17:43] [Render thread/INFO]: [System] [CHAT] -2962, -31, 2999에 있는 블록을 바꿨습니다
[J] [16:17:43] [Render thread/INFO]: [System] [CHAT] 성공적으로 블록 2개를 채웠습니다
[J] [16:17:43] [Render thread/INFO]: [System] [CHAT] -2962, -52, 3000에 있는 블록을 바꿨습니다
[J] [16:17:43] [Render thread/INFO]: [System] [CHAT] 성공적으로 블록 2개를 채웠습니다 [2]
[J] [16:17:43] [Render thread/INFO]: [System] [CHAT] -2962, -50, 3000에 있는 블록을 바꿨습니다
[J] [16:17:43] [Render thread/INFO]: [System] [CHAT] -2962, -49, 3000에 있는 블록을 바꿨습니다
[J] [16:17:43] [Render thread/INFO]: [System] [CHAT] 성공적으로 블록 5개를 채웠습니다
[J] [16:17:43] [Render thread/INFO]: [System] [CHAT] -2962, -43, 3000에 있는 블록을 바꿨습니다
[J] [16:17:43] [Render thread/INFO]: [System] [CHAT] -2962, -42, 3000에 있는 블록을 바꿨습니다
[J] [16:17:43] [Render thread/INFO]: [System] [CHAT] -2962, -41, 3000에 있는 블록을 바꿨습니다
[J] [16:17:43] [Render thread/INFO]: [System] [CHAT] 성공적으로 블록 2개를 채웠습니다
[J] [16:17:43] [Render thread/INFO]: [System] [CHAT] -2962, -53, 3003에 있는 블록을 바꿨습니다
[J] [16:17:43] [Render thread/INFO]: [System] [CHAT] -2962, -10, 3003에 있는 블록을 바꿨습니다
[J] [16:17:43] [Render thread/INFO]: [System] [CHAT] -2962, -9, 3003에 있는 블록을 바꿨습니다
[J] [16:17:43] [Render thread/INFO]: [System] [CHAT] -2962, -8, 3003에 있는 블록을 바꿨습니다
[J] [16:17:43] [Render thread/INFO]: [System] [CHAT] -2962, -53, 3004에 있는 블록을 바꿨습니다
[J] [16:17:43] [Render thread/INFO]: [System] [CHAT] 성공적으로 블록 2개를 채웠습니다
[J] [16:17:43] [Render thread/INFO]: [System] [CHAT] -2962, -53, 3005에 있는 블록을 바꿨습니다
[J] [16:17:43] [Render thread/INFO]: [System] [CHAT] -2962, -52, 3005에 있는 블록을 바꿨습니다
[J] [16:17:43] [Render thread/INFO]: [System] [CHAT] -2962, -53, 3006에 있는 블록을 바꿨습니다
[J] [16:17:43] [Render thread/INFO]: [System] [CHAT] 성공적으로 블록 2개를 채웠습니다 [2]
[J] [16:17:43] [Render thread/INFO]: [System] [CHAT] -2962, -52, 3007에 있는 블록을 바꿨습니다
[J] [16:17:43] [Render thread/INFO]: [System] [CHAT] -2961, -18, 2992에 있는 블록을 바꿨습니다
[J] [16:17:43] [Render thread/INFO]: [System] [CHAT] 성공적으로 블록 3개를 채웠습니다
[J] [16:17:43] [Render thread/INFO]: [System] [CHAT] 성공적으로 블록 4개를 채웠습니다
[J] [16:17:43] [Render thread/INFO]: [System] [CHAT] -2961, -27, 2993에 있는 블록을 바꿨습니다
[J] [16:17:43] [Render thread/INFO]: [System] [CHAT] 성공적으로 블록 45개를 채웠습니다
[J] [16:17:43] [Render thread/INFO]: [System] [CHAT] -2961, -29, 2994에 있는 블록을 바꿨습니다
[J] [16:17:43] [Render thread/INFO]: [System] [CHAT] -2961, -28, 2994에 있는 블록을 바꿨습니다
[J] [16:17:43] [Render thread/INFO]: [System] [CHAT] -2961, -27, 2994에 있는 블록을 바꿨습니다
[J] [16:17:44] [Render thread/INFO]: [System] [CHAT] -2961, -25, 2994에 있는 블록을 바꿨습니다
[J] [16:17:44] [Render thread/INFO]: [System] [CHAT] -2961, -23, 2994에 있는 블록을 바꿨습니다
[J] [16:17:44] [Render thread/INFO]: [System] [CHAT] -2961, -22, 2994에 있는 블록을 바꿨습니다
[J] [16:17:44] [Render thread/INFO]: [System] [CHAT] -2961, -20, 2994에 있는 블록을 바꿨습니다
[J] [16:17:44] [Render thread/INFO]: [System] [CHAT] -2961, -19, 2994에 있는 블록을 바꿨습니다
[J] [16:17:44] [Render thread/INFO]: [System] [CHAT] -2961, -18, 2994에 있는 블록을 바꿨습니다
[J] [16:17:44] [Render thread/INFO]: [System] [CHAT] -2961, -53, 2995에 있는 블록을 바꿨습니다
[J] [16:17:44] [Render thread/INFO]: [System] [CHAT] 성공적으로 블록 2개를 채웠습니다
[J] [16:17:44] [Render thread/INFO]: [System] [CHAT] -2961, -22, 2995에 있는 블록을 바꿨습니다
[J] [16:17:44] [Render thread/INFO]: [System] [CHAT] -2961, -20, 2995에 있는 블록을 바꿨습니다
[J] [16:17:44] [Render thread/INFO]: [System] [CHAT] -2961, -19, 2995에 있는 블록을 바꿨습니다
[J] [16:17:44] [Render thread/INFO]: [System] [CHAT] -2961, -18, 2995에 있는 블록을 바꿨습니다
[J] [16:17:44] [Render thread/INFO]: [System] [CHAT] -2961, -53, 2996에 있는 블록을 바꿨습니다
[J] [16:17:44] [Render thread/INFO]: [System] [CHAT] 성공적으로 블록 2개를 채웠습니다
[J] [16:17:44] [Render thread/INFO]: [System] [CHAT] -2961, -22, 2996에 있는 블록을 바꿨습니다
[J] [16:17:44] [Render thread/INFO]: [System] [CHAT] -2961, -21, 2996에 있는 블록을 바꿨습니다
[J] [16:17:44] [Render thread/INFO]: [System] [CHAT] -2961, -20, 2996에 있는 블록을 바꿨습니다
[J] [16:17:44] [Render thread/INFO]: [System] [CHAT] -2961, -53, 2997에 있는 블록을 바꿨습니다
[J] [16:17:44] [Render thread/INFO]: [System] [CHAT] 성공적으로 블록 3개를 채웠습니다
[J] [16:17:44] [Render thread/INFO]: [System] [CHAT] -2961, -25, 2997에 있는 블록을 바꿨습니다
[J] [16:17:44] [Render thread/INFO]: [System] [CHAT] -2961, -24, 2997에 있는 블록을 바꿨습니다
[J] [16:17:44] [Render thread/INFO]: [System] [CHAT] -2961, -22, 2997에 있는 블록을 바꿨습니다
[J] [16:17:44] [Render thread/INFO]: [System] [CHAT] -2961, -21, 2997에 있는 블록을 바꿨습니다
[J] [16:17:44] [Render thread/INFO]: [System] [CHAT] -2961, -53, 2998에 있는 블록을 바꿨습니다
[J] [16:17:44] [Render thread/INFO]: [System] [CHAT] 성공적으로 블록 2개를 채웠습니다
[J] [16:17:44] [Render thread/INFO]: [System] [CHAT] 성공적으로 블록 2개를 채웠습니다 [2]
[J] [16:17:44] [Render thread/INFO]: [System] [CHAT] -2961, -49, 2998에 있는 블록을 바꿨습니다
[J] [16:17:44] [Render thread/INFO]: [System] [CHAT] 성공적으로 블록 6개를 채웠습니다
[J] [16:17:44] [Render thread/INFO]: [System] [CHAT] -2961, -41, 2998에 있는 블록을 바꿨습니다
[J] [16:17:44] [Render thread/INFO]: [System] [CHAT] -2961, -40, 2998에 있는 블록을 바꿨습니다
[J] [16:17:44] [Render thread/INFO]: [System] [CHAT] -2961, -39, 2998에 있는 블록을 바꿨습니다
[J] [16:17:44] [Render thread/INFO]: [System] [CHAT] 성공적으로 블록 3개를 채웠습니다
[J] [16:17:44] [Render thread/INFO]: [System] [CHAT] -2961, -25, 2998에 있는 블록을 바꿨습니다
[J] [16:17:44] [Render thread/INFO]: [System] [CHAT] -2961, -24, 2998에 있는 블록을 바꿨습니다
[J] [16:17:44] [Render thread/INFO]: [System] [CHAT] -2961, -23, 2998에 있는 블록을 바꿨습니다
[J] [16:17:44] [Render thread/INFO]: [System] [CHAT] -2961, -22, 2998에 있는 블록을 바꿨습니다
[J] [16:17:44] [Render thread/INFO]: [System] [CHAT] -2961, -53, 2999에 있는 블록을 바꿨습니다
[J] [16:17:44] [Render thread/INFO]: [System] [CHAT] -2961, -49, 2999에 있는 블록을 바꿨습니다
[J] [16:17:44] [Render thread/INFO]: [System] [CHAT] 성공적으로 블록 5개를 채웠습니다
[J] [16:17:44] [Render thread/INFO]: [System] [CHAT] -2961, -43, 2999에 있는 블록을 바꿨습니다
[J] [16:17:44] [Render thread/INFO]: [System] [CHAT] -2961, -42, 2999에 있는 블록을 바꿨습니다
[J] [16:17:44] [Render thread/INFO]: [System] [CHAT] -2961, -41, 2999에 있는 블록을 바꿨습니다
[J] [16:17:44] [Render thread/INFO]: [System] [CHAT] -2961, -37, 2999에 있는 블록을 바꿨습니다
[J] [16:17:44] [Render thread/INFO]: [System] [CHAT] -2961, -31, 2999에 있는 블록을 바꿨습니다
[J] [16:17:44] [Render thread/INFO]: [System] [CHAT] -2961, -52, 3000에 있는 블록을 바꿨습니다
[J] [16:17:44] [Render thread/INFO]: [System] [CHAT] -2961, -50, 3000에 있는 블록을 바꿨습니다
[J] [16:17:44] [Render thread/INFO]: [System] [CHAT] 성공적으로 블록 2개를 채웠습니다
[J] [16:17:44] [Render thread/INFO]: [System] [CHAT] -2961, -53, 3002에 있는 블록을 바꿨습니다
[J] [16:17:44] [Render thread/INFO]: [System] [CHAT] 성공적으로 블록 2개를 채웠습니다 [2]
[J] [16:17:44] [Render thread/INFO]: [System] [CHAT] 성공적으로 블록 2개를 채웠습니다 [3]
[J] [16:17:44] [Render thread/INFO]: [System] [CHAT] -2961, -52, 3005에 있는 블록을 바꿨습니다
[J] [16:17:44] [Render thread/INFO]: [System] [CHAT] -2961, -53, 3006에 있는 블록을 바꿨습니다
[J] [16:17:44] [Render thread/INFO]: [System] [CHAT] 성공적으로 블록 2개를 채웠습니다 [4]
[J] [16:17:44] [Render thread/INFO]: [System] [CHAT] 성공적으로 블록 176개를 채웠습니다
[J] [16:17:44] [Render thread/INFO]: [System] [CHAT] -2960, -28, 2983에 있는 블록을 바꿨습니다
[J] [16:17:44] [Render thread/INFO]: [System] [CHAT] -2960, -27, 2983에 있는 블록을 바꿨습니다
[J] [16:17:44] [Render thread/INFO]: [System] [CHAT] -2960, -26, 2983에 있는 블록을 바꿨습니다
[J] [16:17:44] [Render thread/INFO]: [System] [CHAT] 성공적으로 블록 3개를 채웠습니다
[J] [16:17:44] [Render thread/INFO]: [System] [CHAT] -2960, -27, 2984에 있는 블록을 바꿨습니다
[J] [16:17:44] [Render thread/INFO]: [System] [CHAT] -2960, -26, 2984에 있는 블록을 바꿨습니다
[J] [16:17:44] [Render thread/INFO]: [System] [CHAT] 성공적으로 블록 9개를 채웠습니다
[J] [16:17:44] [Render thread/INFO]: [System] [CHAT] 성공적으로 블록 7개를 채웠습니다
[J] [16:17:44] [Render thread/INFO]: [System] [CHAT] 성공적으로 블록 9개를 채웠습니다 [2]
[J] [16:17:44] [Render thread/INFO]: [System] [CHAT] 성공적으로 블록 9개를 채웠습니다 [3]
[J] [16:17:44] [Render thread/INFO]: [System] [CHAT] 성공적으로 블록 3개를 채웠습니다 [2]
[J] [16:17:44] [Render thread/INFO]: [System] [CHAT] -2960, -27, 2985에 있는 블록을 바꿨습니다
[J] [16:17:44] [Render thread/INFO]: [System] [CHAT] -2960, -26, 2985에 있는 블록을 바꿨습니다
[J] [16:17:44] [Render thread/INFO]: [System] [CHAT] 성공적으로 블록 7개를 채웠습니다 [2]
[J] [16:17:44] [Render thread/INFO]: [System] [CHAT] 성공적으로 블록 7개를 채웠습니다 [3]
[J] [16:17:44] [Render thread/INFO]: [System] [CHAT] 성공적으로 블록 10개를 채웠습니다
[J] [16:17:44] [Render thread/INFO]: [System] [CHAT] -2960, -28, 2986에 있는 블록을 바꿨습니다
[J] [16:17:44] [Render thread/INFO]: [System] [CHAT] -2960, -27, 2986에 있는 블록을 바꿨습니다
[J] [16:17:44] [Render thread/INFO]: [System] [CHAT] -2960, -26, 2986에 있는 블록을 바꿨습니다
[J] [16:17:44] [Render thread/INFO]: [System] [CHAT] -2960, -22, 2986에 있는 블록을 바꿨습니다
[J] [16:17:44] [Render thread/INFO]: [System] [CHAT] 성공적으로 블록 16개를 채웠습니다
[J] [16:17:44] [Render thread/INFO]: [System] [CHAT] -2960, -20, 2986에 있는 블록을 바꿨습니다
[J] [16:17:44] [Render thread/INFO]: [System] [CHAT] 성공적으로 블록 10개를 채웠습니다
[J] [16:17:44] [Render thread/INFO]: [System] [CHAT] -2960, -19, 2987에 있는 블록을 바꿨습니다
[J] [16:17:44] [Render thread/INFO]: [System] [CHAT] 성공적으로 블록 14개를 채웠습니다
[J] [16:17:44] [Render thread/INFO]: [System] [CHAT] 성공적으로 블록 2개를 채웠습니다
[J] [16:17:44] [Render thread/INFO]: [System] [CHAT] -2960, -27, 2988에 있는 블록을 바꿨습니다
[J] [16:17:44] [Render thread/INFO]: [System] [CHAT] 성공적으로 블록 3개를 채웠습니다
[J] [16:17:44] [Render thread/INFO]: [System] [CHAT] -2960, -25, 2988에 있는 블록을 바꿨습니다
[J] [16:17:44] [Render thread/INFO]: [System] [CHAT] 성공적으로 블록 2개를 채웠습니다 [2]
[J] [16:17:44] [Render thread/INFO]: [System] [CHAT] -2960, -22, 2988에 있는 블록을 바꿨습니다
[J] [16:17:44] [Render thread/INFO]: [System] [CHAT] -2960, -21, 2988에 있는 블록을 바꿨습니다
[J] [16:17:44] [Render thread/INFO]: [System] [CHAT] 성공적으로 블록 32개를 채웠습니다
[J] [16:17:44] [Render thread/INFO]: [System] [CHAT] -2960, -27, 2989에 있는 블록을 바꿨습니다
[J] [16:17:44] [Render thread/INFO]: [System] [CHAT] -2960, -25, 2989에 있는 블록을 바꿨습니다
[J] [16:17:44] [Render thread/INFO]: [System] [CHAT] -2960, -23, 2989에 있는 블록을 바꿨습니다
[J] [16:17:44] [Render thread/INFO]: [System] [CHAT] -2960, -22, 2989에 있는 블록을 바꿨습니다
[J] [16:17:44] [Render thread/INFO]: [System] [CHAT] 성공적으로 블록 3개를 채웠습니다
[J] [16:17:44] [Render thread/INFO]: [System] [CHAT] -2960, -20, 2989에 있는 블록을 바꿨습니다
[J] [16:17:44] [Render thread/INFO]: [System] [CHAT] -2960, -19, 2989에 있는 블록을 바꿨습니다
[J] [16:17:44] [Render thread/INFO]: [System] [CHAT] 성공적으로 블록 48개를 채웠습니다
[J] [16:17:44] [Render thread/INFO]: [System] [CHAT] -2960, -27, 2990에 있는 블록을 바꿨습니다
[J] [16:17:44] [Render thread/INFO]: [System] [CHAT] -2960, -25, 2990에 있는 블록을 바꿨습니다
[J] [16:17:44] [Render thread/INFO]: [System] [CHAT] -2960, -24, 2990에 있는 블록을 바꿨습니다
[J] [16:17:44] [Render thread/INFO]: [System] [CHAT] -2960, -23, 2990에 있는 블록을 바꿨습니다
[J] [16:17:44] [Render thread/INFO]: [System] [CHAT] -2960, -22, 2990에 있는 블록을 바꿨습니다
[J] [16:17:44] [Render thread/INFO]: [System] [CHAT] -2960, -20, 2990에 있는 블록을 바꿨습니다
[J] [16:17:44] [Render thread/INFO]: [System] [CHAT] -2960, -18, 2990에 있는 블록을 바꿨습니다
[J] [16:17:44] [Render thread/INFO]: [System] [CHAT] 성공적으로 블록 64개를 채웠습니다
[J] [16:17:44] [Render thread/INFO]: [System] [CHAT] 성공적으로 블록 7개를 채웠습니다
[J] [16:17:44] [Render thread/INFO]: [System] [CHAT] -2960, -25, 2991에 있는 블록을 바꿨습니다
[J] [16:17:44] [Render thread/INFO]: [System] [CHAT] -2960, -17, 2991에 있는 블록을 바꿨습니다
[J] [16:17:44] [Render thread/INFO]: [System] [CHAT] -2960, -16, 2991에 있는 블록을 바꿨습니다
[J] [16:17:44] [Render thread/INFO]: [System] [CHAT] -2960, -15, 2991에 있는 블록을 바꿨습니다
[J] [16:17:44] [Render thread/INFO]: [System] [CHAT] 성공적으로 블록 48개를 채웠습니다
[J] [16:17:44] [Render thread/INFO]: [System] [CHAT] 성공적으로 블록 16개를 채웠습니다
[J] [16:17:44] [Render thread/INFO]: [System] [CHAT] -2960, -6, 2991에 있는 블록을 바꿨습니다
[J] [16:17:44] [Render thread/INFO]: [System] [CHAT] 성공적으로 블록 3개를 채웠습니다
[J] [16:17:44] [Render thread/INFO]: [System] [CHAT] -2959, -52, 2981에 있는 블록을 바꿨습니다
[J] [16:17:44] [Render thread/INFO]: [System] [CHAT] -2959, -32, 2981에 있는 블록을 바꿨습니다
[J] [16:17:44] [Render thread/INFO]: [System] [CHAT] -2959, -31, 2981에 있는 블록을 바꿨습니다
[J] [16:17:44] [Render thread/INFO]: [System] [CHAT] -2959, -30, 2981에 있는 블록을 바꿨습니다
[J] [16:17:44] [Render thread/INFO]: [System] [CHAT] 성공적으로 블록 2개를 채웠습니다
[J] [16:17:44] [Render thread/INFO]: [System] [CHAT] 성공적으로 블록 2개를 채웠습니다 [2]
[J] [16:17:44] [Render thread/INFO]: [System] [CHAT] -2959, -40, 2982에 있는 블록을 바꿨습니다
[J] [16:17:44] [Render thread/INFO]: [System] [CHAT] -2959, -39, 2982에 있는 블록을 바꿨습니다
[J] [16:17:44] [Render thread/INFO]: [System] [CHAT] -2959, -30, 2982에 있는 블록을 바꿨습니다
[J] [16:17:44] [Render thread/INFO]: [System] [CHAT] -2959, -29, 2982에 있는 블록을 바꿨습니다
[J] [16:17:44] [Render thread/INFO]: [System] [CHAT] -2959, -28, 2982에 있는 블록을 바꿨습니다
[J] [16:17:44] [Render thread/INFO]: [System] [CHAT] -2959, -27, 2982에 있는 블록을 바꿨습니다
[J] [16:17:44] [Render thread/INFO]: [System] [CHAT] -2959, -29, 2983에 있는 블록을 바꿨습니다
[J] [16:17:44] [Render thread/INFO]: [System] [CHAT] 성공적으로 블록 2개를 채웠습니다
[J] [16:17:44] [Render thread/INFO]: [System] [CHAT] -2959, -26, 2983에 있는 블록을 바꿨습니다
[J] [16:17:44] [Render thread/INFO]: [System] [CHAT] -2959, -53, 2984에 있는 블록을 바꿨습니다
[J] [16:17:44] [Render thread/INFO]: [System] [CHAT] 성공적으로 블록 3개를 채웠습니다
[J] [16:17:44] [Render thread/INFO]: [System] [CHAT] -2959, -40, 2984에 있는 블록을 바꿨습니다
[J] [16:17:44] [Render thread/INFO]: [System] [CHAT] -2959, -39, 2984에 있는 블록을 바꿨습니다
[J] [16:17:44] [Render thread/INFO]: [System] [CHAT] 성공적으로 블록 2개를 채웠습니다
[J] [16:17:44] [Render thread/INFO]: [System] [CHAT] 성공적으로 블록 7개를 채웠습니다
[J] [16:17:44] [Render thread/INFO]: [System] [CHAT] -2959, -53, 2985에 있는 블록을 바꿨습니다
[J] [16:17:44] [Render thread/INFO]: [System] [CHAT] 성공적으로 블록 2개를 채웠습니다 [2]
[J] [16:17:44] [Render thread/INFO]: [System] [CHAT] 성공적으로 블록 6개를 채웠습니다
[J] [16:17:44] [Render thread/INFO]: [System] [CHAT] 성공적으로 블록 3개를 채웠습니다
[J] [16:17:44] [Render thread/INFO]: [System] [CHAT] 성공적으로 블록 2개를 채웠습니다 [3]
[J] [16:17:44] [Render thread/INFO]: [System] [CHAT] 성공적으로 블록 2개를 채웠습니다 [4]
[J] [16:17:44] [Render thread/INFO]: [System] [CHAT] -2959, -29, 2986에 있는 블록을 바꿨습니다
[J] [16:17:44] [Render thread/INFO]: [System] [CHAT] 성공적으로 블록 2개를 채웠습니다 [5]
[J] [16:17:44] [Render thread/INFO]: [System] [CHAT] -2959, -26, 2986에 있는 블록을 바꿨습니다
[J] [16:17:44] [Render thread/INFO]: [System] [CHAT] -2959, -53, 2987에 있는 블록을 바꿨습니다
[J] [16:17:44] [Render thread/INFO]: [System] [CHAT] 성공적으로 블록 2개를 채웠습니다 [6]
[J] [16:17:44] [Render thread/INFO]: [System] [CHAT] -2959, -30, 2987에 있는 블록을 바꿨습니다
[J] [16:17:44] [Render thread/INFO]: [System] [CHAT] -2959, -29, 2987에 있는 블록을 바꿨습니다
[J] [16:17:44] [Render thread/INFO]: [System] [CHAT] -2959, -28, 2987에 있는 블록을 바꿨습니다
[J] [16:17:44] [Render thread/INFO]: [System] [CHAT] 성공적으로 블록 7개를 채웠습니다
[J] [16:17:44] [Render thread/INFO]: [System] [CHAT] 성공적으로 블록 15개를 채웠습니다
[J] [16:17:44] [Render thread/INFO]: [System] [CHAT] 성공적으로 블록 2개를 채웠습니다
[J] [16:17:44] [Render thread/INFO]: [System] [CHAT] -2959, -31, 2988에 있는 블록을 바꿨습니다
[J] [16:17:44] [Render thread/INFO]: [System] [CHAT] -2959, -30, 2988에 있는 블록을 바꿨습니다
[J] [16:17:44] [Render thread/INFO]: [System] [CHAT] 성공적으로 블록 4개를 채웠습니다
[J] [16:17:44] [Render thread/INFO]: [System] [CHAT] 성공적으로 블록 8개를 채웠습니다
[J] [16:17:44] [Render thread/INFO]: [System] [CHAT] 성공적으로 블록 4개를 채웠습니다 [2]
[J] [16:17:44] [Render thread/INFO]: [System] [CHAT] 성공적으로 블록 15개를 채웠습니다
[J] [16:17:44] [Render thread/INFO]: [System] [CHAT] 성공적으로 블록 6개를 채웠습니다
[J] [16:17:44] [Render thread/INFO]: [System] [CHAT] 성공적으로 블록 30개를 채웠습니다
[J] [16:17:44] [Render thread/INFO]: [System] [CHAT] 성공적으로 블록 2개를 채웠습니다
[J] [16:17:44] [Render thread/INFO]: [System] [CHAT] 성공적으로 블록 2개를 채웠습니다 [2]
[J] [16:17:45] [Render thread/INFO]: [System] [CHAT] 성공적으로 블록 2개를 채웠습니다 [3]
[J] [16:17:45] [Render thread/INFO]: [System] [CHAT] -2959, -22, 2989에 있는 블록을 바꿨습니다
[J] [16:17:45] [Render thread/INFO]: [System] [CHAT] 성공적으로 블록 3개를 채웠습니다
[J] [16:17:45] [Render thread/INFO]: [System] [CHAT] -2959, -19, 2989에 있는 블록을 바꿨습니다
[J] [16:17:45] [Render thread/INFO]: [System] [CHAT] -2959, -18, 2989에 있는 블록을 바꿨습니다
[J] [16:17:45] [Render thread/INFO]: [System] [CHAT] 성공적으로 블록 4개를 채웠습니다
[J] [16:17:45] [Render thread/INFO]: [System] [CHAT] 성공적으로 블록 6개를 채웠습니다
[J] [16:17:45] [Render thread/INFO]: [System] [CHAT] -2959, -24, 2990에 있는 블록을 바꿨습니다
[J] [16:17:45] [Render thread/INFO]: [System] [CHAT] -2959, -23, 2990에 있는 블록을 바꿨습니다
[J] [16:17:45] [Render thread/INFO]: [System] [CHAT] 성공적으로 블록 2개를 채웠습니다
[J] [16:17:45] [Render thread/INFO]: [System] [CHAT] 성공적으로 블록 6개를 채웠습니다 [2]
[J] [16:17:45] [Render thread/INFO]: [System] [CHAT] 성공적으로 블록 2개를 채웠습니다 [2]
[J] [16:17:45] [Render thread/INFO]: [System] [CHAT] 성공적으로 블록 2개를 채웠습니다 [3]
[J] [16:17:45] [Render thread/INFO]: [System] [CHAT] -2959, -10, 2990에 있는 블록을 바꿨습니다
[J] [16:17:45] [Render thread/INFO]: [System] [CHAT] -2959, -9, 2990에 있는 블록을 바꿨습니다
[J] [16:17:45] [Render thread/INFO]: [System] [CHAT] -2959, -8, 2990에 있는 블록을 바꿨습니다
[J] [16:17:45] [Render thread/INFO]: [System] [CHAT] 성공적으로 블록 3개를 채웠습니다
[J] [16:17:45] [Render thread/INFO]: [System] [CHAT] 성공적으로 블록 2개를 채웠습니다 [4]
[J] [16:17:45] [Render thread/INFO]: [System] [CHAT] 성공적으로 블록 2개를 채웠습니다 [5]
[J] [16:17:45] [Render thread/INFO]: [System] [CHAT] 성공적으로 블록 4개를 채웠습니다
[J] [16:17:45] [Render thread/INFO]: [System] [CHAT] -2959, -6, 2991에 있는 블록을 바꿨습니다
[J] [16:17:45] [Render thread/INFO]: [System] [CHAT] 성공적으로 블록 2개를 채웠습니다 [6]
[J] [16:17:45] [Render thread/INFO]: [System] [CHAT] -2958, -40, 2981에 있는 블록을 바꿨습니다
[J] [16:17:45] [Render thread/INFO]: [System] [CHAT] -2958, -39, 2981에 있는 블록을 바꿨습니다
[J] [16:17:45] [Render thread/INFO]: [System] [CHAT] -2958, -32, 2981에 있는 블록을 바꿨습니다
[J] [16:17:45] [Render thread/INFO]: [System] [CHAT] 성공적으로 블록 6개를 채웠습니다
[J] [16:17:45] [Render thread/INFO]: [System] [CHAT] -2958, -30, 2981에 있는 블록을 바꿨습니다
[J] [16:17:45] [Render thread/INFO]: [System] [CHAT] 성공적으로 블록 2개를 채웠습니다
[J] [16:17:45] [Render thread/INFO]: [System] [CHAT] -2958, -52, 2982에 있는 블록을 바꿨습니다
[J] [16:17:45] [Render thread/INFO]: [System] [CHAT] -2958, -51, 2982에 있는 블록을 바꿨습니다
[J] [16:17:45] [Render thread/INFO]: [System] [CHAT] -2958, -50, 2982에 있는 블록을 바꿨습니다
[J] [16:17:45] [Render thread/INFO]: [System] [CHAT] 성공적으로 블록 8개를 채웠습니다
[J] [16:17:45] [Render thread/INFO]: [System] [CHAT] -2958, -41, 2982에 있는 블록을 바꿨습니다
[J] [16:17:45] [Render thread/INFO]: [System] [CHAT] -2958, -40, 2982에 있는 블록을 바꿨습니다
[J] [16:17:45] [Render thread/INFO]: [System] [CHAT] -2958, -39, 2982에 있는 블록을 바꿨습니다
[J] [16:17:45] [Render thread/INFO]: [System] [CHAT] 성공적으로 블록 9개를 채웠습니다
[J] [16:17:45] [Render thread/INFO]: [System] [CHAT] 성공적으로 블록 6개를 채웠습니다
[J] [16:17:45] [Render thread/INFO]: [System] [CHAT] -2958, -53, 2983에 있는 블록을 바꿨습니다
[J] [16:17:45] [Render thread/INFO]: [System] [CHAT] -2958, -52, 2983에 있는 블록을 바꿨습니다
[J] [16:17:45] [Render thread/INFO]: [System] [CHAT] 성공적으로 블록 2개를 채웠습니다
[J] [16:17:45] [Render thread/INFO]: [System] [CHAT] -2958, -50, 2983에 있는 블록을 바꿨습니다
[J] [16:17:45] [Render thread/INFO]: [System] [CHAT] 성공적으로 블록 8개를 채웠습니다
[J] [16:17:45] [Render thread/INFO]: [System] [CHAT] -2958, -41, 2983에 있는 블록을 바꿨습니다
[J] [16:17:45] [Render thread/INFO]: [System] [CHAT] -2958, -40, 2983에 있는 블록을 바꿨습니다
[J] [16:17:45] [Render thread/INFO]: [System] [CHAT] -2958, -39, 2983에 있는 블록을 바꿨습니다
[J] [16:17:45] [Render thread/INFO]: [System] [CHAT] -2958, -38, 2983에 있는 블록을 바꿨습니다
[J] [16:17:45] [Render thread/INFO]: [System] [CHAT] -2958, -37, 2983에 있는 블록을 바꿨습니다
[J] [16:17:45] [Render thread/INFO]: [System] [CHAT] -2958, -33, 2983에 있는 블록을 바꿨습니다
[J] [16:17:45] [Render thread/INFO]: [System] [CHAT] 성공적으로 블록 4개를 채웠습니다
[J] [16:17:45] [Render thread/INFO]: [System] [CHAT] 성공적으로 블록 4개를 채웠습니다 [2]
[J] [16:17:45] [Render thread/INFO]: [System] [CHAT] -2958, -29, 2983에 있는 블록을 바꿨습니다
[J] [16:17:45] [Render thread/INFO]: [System] [CHAT] 성공적으로 블록 12개를 채웠습니다
[J] [16:17:45] [Render thread/INFO]: [System] [CHAT] -2958, -53, 2984에 있는 블록을 바꿨습니다
[J] [16:17:45] [Render thread/INFO]: [System] [CHAT] -2958, -51, 2984에 있는 블록을 바꿨습니다
[J] [16:17:45] [Render thread/INFO]: [System] [CHAT] 성공적으로 블록 8개를 채웠습니다
[J] [16:17:45] [Render thread/INFO]: [System] [CHAT] -2958, -41, 2984에 있는 블록을 바꿨습니다
[J] [16:17:45] [Render thread/INFO]: [System] [CHAT] 성공적으로 블록 14개를 채웠습니다
[J] [16:17:45] [Render thread/INFO]: [System] [CHAT] -2958, -39, 2984에 있는 블록을 바꿨습니다
[J] [16:17:45] [Render thread/INFO]: [System] [CHAT] 성공적으로 블록 2개를 채웠습니다
[J] [16:17:45] [Render thread/INFO]: [System] [CHAT] 성공적으로 블록 8개를 채웠습니다 [2]
[J] [16:17:45] [Render thread/INFO]: [System] [CHAT] 성공적으로 블록 2개를 채웠습니다 [2]
[J] [16:17:45] [Render thread/INFO]: [System] [CHAT] 성공적으로 블록 2개를 채웠습니다 [3]
[J] [16:17:45] [Render thread/INFO]: [System] [CHAT] -2958, -53, 2985에 있는 블록을 바꿨습니다
[J] [16:17:45] [Render thread/INFO]: [System] [CHAT] -2958, -52, 2985에 있는 블록을 바꿨습니다
[J] [16:17:45] [Render thread/INFO]: [System] [CHAT] 성공적으로 블록 2개를 채웠습니다 [4]
[J] [16:17:45] [Render thread/INFO]: [System] [CHAT] 성공적으로 블록 2개를 채웠습니다 [5]
[J] [16:17:45] [Render thread/INFO]: [System] [CHAT] 성공적으로 블록 2개를 채웠습니다 [6]
[J] [16:17:45] [Render thread/INFO]: [System] [CHAT] -2958, -52, 2986에 있는 블록을 바꿨습니다
[J] [16:17:45] [Render thread/INFO]: [System] [CHAT] -2958, -51, 2986에 있는 블록을 바꿨습니다
[J] [16:17:45] [Render thread/INFO]: [System] [CHAT] -2958, -38, 2986에 있는 블록을 바꿨습니다
[J] [16:17:45] [Render thread/INFO]: [System] [CHAT] -2958, -37, 2986에 있는 블록을 바꿨습니다
[J] [16:17:45] [Render thread/INFO]: [System] [CHAT] -2958, -33, 2986에 있는 블록을 바꿨습니다
[J] [16:17:45] [Render thread/INFO]: [System] [CHAT] -2958, -29, 2986에 있는 블록을 바꿨습니다
[J] [16:17:45] [Render thread/INFO]: [System] [CHAT] 성공적으로 블록 10개를 채웠습니다
[J] [16:17:45] [Render thread/INFO]: [System] [CHAT] -2958, -22, 2986에 있는 블록을 바꿨습니다
[J] [16:17:45] [Render thread/INFO]: [System] [CHAT] -2958, -53, 2987에 있는 블록을 바꿨습니다
[J] [16:17:45] [Render thread/INFO]: [System] [CHAT] 성공적으로 블록 2개를 채웠습니다
[J] [16:17:45] [Render thread/INFO]: [System] [CHAT] -2958, -51, 2987에 있는 블록을 바꿨습니다
[J] [16:17:45] [Render thread/INFO]: [System] [CHAT] -2958, -41, 2987에 있는 블록을 바꿨습니다
[J] [16:17:45] [Render thread/INFO]: [System] [CHAT] -2958, -40, 2987에 있는 블록을 바꿨습니다
[J] [16:17:45] [Render thread/INFO]: [System] [CHAT] -2958, -39, 2987에 있는 블록을 바꿨습니다
[J] [16:17:45] [Render thread/INFO]: [System] [CHAT] 성공적으로 블록 9개를 채웠습니다
[J] [16:17:45] [Render thread/INFO]: [System] [CHAT] 성공적으로 블록 5개를 채웠습니다
[J] [16:17:45] [Render thread/INFO]: [System] [CHAT] 성공적으로 블록 8개를 채웠습니다
[J] [16:17:45] [Render thread/INFO]: [System] [CHAT] 성공적으로 블록 2개를 채웠습니다
[J] [16:17:45] [Render thread/INFO]: [System] [CHAT] 성공적으로 블록 2개를 채웠습니다 [2]
[J] [16:17:45] [Render thread/INFO]: [System] [CHAT] -2958, -51, 2988에 있는 블록을 바꿨습니다
[J] [16:17:45] [Render thread/INFO]: [System] [CHAT] -2958, -40, 2988에 있는 블록을 바꿨습니다
[J] [16:17:45] [Render thread/INFO]: [System] [CHAT] -2958, -39, 2988에 있는 블록을 바꿨습니다
[J] [16:17:45] [Render thread/INFO]: [System] [CHAT] -2958, -33, 2988에 있는 블록을 바꿨습니다
[J] [16:17:45] [Render thread/INFO]: [System] [CHAT] -2958, -32, 2988에 있는 블록을 바꿨습니다
[J] [16:17:45] [Render thread/INFO]: [System] [CHAT] 성공적으로 블록 3개를 채웠습니다
[J] [16:17:45] [Render thread/INFO]: [System] [CHAT] -2958, -30, 2988에 있는 블록을 바꿨습니다
[J] [16:17:45] [Render thread/INFO]: [System] [CHAT] 성공적으로 블록 56개를 채웠습니다
[J] [16:17:45] [Render thread/INFO]: [System] [CHAT] -2958, -53, 2989에 있는 블록을 바꿨습니다
[J] [16:17:45] [Render thread/INFO]: [System] [CHAT] -2958, -52, 2989에 있는 블록을 바꿨습니다
[J] [16:17:45] [Render thread/INFO]: [System] [CHAT] 성공적으로 블록 2개를 채웠습니다
[J] [16:17:45] [Render thread/INFO]: [System] [CHAT] -2958, -52, 2990에 있는 블록을 바꿨습니다
[J] [16:17:45] [Render thread/INFO]: [System] [CHAT] -2958, -51, 2990에 있는 블록을 바꿨습니다
[J] [16:17:45] [Render thread/INFO]: [System] [CHAT] 성공적으로 블록 3개를 채웠습니다
[J] [16:17:45] [Render thread/INFO]: [System] [CHAT] 성공적으로 블록 3개를 채웠습니다 [2]
[J] [16:17:45] [Render thread/INFO]: [System] [CHAT] 성공적으로 블록 14개를 채웠습니다
[J] [16:17:45] [Render thread/INFO]: [System] [CHAT] -2958, -6, 2991에 있는 블록을 바꿨습니다
[J] [16:17:45] [Render thread/INFO]: [System] [CHAT] 성공적으로 블록 4개를 채웠습니다
[J] [16:17:45] [Render thread/INFO]: [System] [CHAT] -2957, -52, 2982에 있는 블록을 바꿨습니다
[J] [16:17:45] [Render thread/INFO]: [System] [CHAT] -2957, -51, 2982에 있는 블록을 바꿨습니다
[J] [16:17:45] [Render thread/INFO]: [System] [CHAT] -2957, -50, 2982에 있는 블록을 바꿨습니다
[J] [16:17:45] [Render thread/INFO]: [System] [CHAT] 성공적으로 블록 8개를 채웠습니다
[J] [16:17:45] [Render thread/INFO]: [System] [CHAT] -2957, -41, 2982에 있는 블록을 바꿨습니다
[J] [16:17:45] [Render thread/INFO]: [System] [CHAT] -2957, -40, 2982에 있는 블록을 바꿨습니다
[J] [16:17:45] [Render thread/INFO]: [System] [CHAT] -2957, -39, 2982에 있는 블록을 바꿨습니다
[J] [16:17:45] [Render thread/INFO]: [System] [CHAT] 성공적으로 블록 4개를 채웠습니다
[J] [16:17:45] [Render thread/INFO]: [System] [CHAT] -2957, -37, 2982에 있는 블록을 바꿨습니다
[J] [16:17:45] [Render thread/INFO]: [System] [CHAT] -2957, -35, 2982에 있는 블록을 바꿨습니다
[J] [16:17:45] [Render thread/INFO]: [System] [CHAT] 성공적으로 블록 16개를 채웠습니다
[J] [16:17:45] [Render thread/INFO]: [System] [CHAT] 성공적으로 블록 4개를 채웠습니다 [2]
[J] [16:17:45] [Render thread/INFO]: [System] [CHAT] 성공적으로 블록 2개를 채웠습니다
[J] [16:17:45] [Render thread/INFO]: [System] [CHAT] -2957, -52, 2983에 있는 블록을 바꿨습니다
[J] [16:17:45] [Render thread/INFO]: [System] [CHAT] -2957, -50, 2983에 있는 블록을 바꿨습니다
[J] [16:17:45] [Render thread/INFO]: [System] [CHAT] 성공적으로 블록 8개를 채웠습니다
[J] [16:17:45] [Render thread/INFO]: [System] [CHAT] -2957, -41, 2983에 있는 블록을 바꿨습니다
[J] [16:17:45] [Render thread/INFO]: [System] [CHAT] 성공적으로 블록 13개를 채웠습니다
[J] [16:17:45] [Render thread/INFO]: [System] [CHAT] 성공적으로 블록 4개를 채웠습니다
[J] [16:17:45] [Render thread/INFO]: [System] [CHAT] -2957, -38, 2983에 있는 블록을 바꿨습니다
[J] [16:17:45] [Render thread/INFO]: [System] [CHAT] 성공적으로 블록 8개를 채웠습니다 [2]
[J] [16:17:45] [Render thread/INFO]: [System] [CHAT] 성공적으로 블록 3개를 채웠습니다
[J] [16:17:45] [Render thread/INFO]: [System] [CHAT] -2957, -32, 2983에 있는 블록을 바꿨습니다
[J] [16:17:45] [Render thread/INFO]: [System] [CHAT] 성공적으로 블록 4개를 채웠습니다 [2]
[J] [16:17:45] [Render thread/INFO]: [System] [CHAT] 성공적으로 블록 4개를 채웠습니다 [3]
[J] [16:17:45] [Render thread/INFO]: [System] [CHAT] 성공적으로 블록 4개를 채웠습니다 [4]
[J] [16:17:45] [Render thread/INFO]: [System] [CHAT] -2957, -53, 2984에 있는 블록을 바꿨습니다
[J] [16:17:45] [Render thread/INFO]: [System] [CHAT] -2957, -51, 2984에 있는 블록을 바꿨습니다
[J] [16:17:45] [Render thread/INFO]: [System] [CHAT] -2957, -42, 2984에 있는 블록을 바꿨습니다
[J] [16:17:45] [Render thread/INFO]: [System] [CHAT] -2957, -41, 2984에 있는 블록을 바꿨습니다
[J] [16:17:45] [Render thread/INFO]: [System] [CHAT] 성공적으로 블록 3개를 채웠습니다
[J] [16:17:45] [Render thread/INFO]: [System] [CHAT] 성공적으로 블록 2개를 채웠습니다
[J] [16:17:45] [Render thread/INFO]: [System] [CHAT] 성공적으로 블록 8개를 채웠습니다
[J] [16:17:45] [Render thread/INFO]: [System] [CHAT] -2957, -33, 2984에 있는 블록을 바꿨습니다
[J] [16:17:45] [Render thread/INFO]: [System] [CHAT] -2957, -32, 2984에 있는 블록을 바꿨습니다
[J] [16:17:45] [Render thread/INFO]: [System] [CHAT] -2957, -28, 2984에 있는 블록을 바꿨습니다
[J] [16:17:45] [Render thread/INFO]: [System] [CHAT] 성공적으로 블록 2개를 채웠습니다 [2]
[J] [16:17:45] [Render thread/INFO]: [System] [CHAT] 성공적으로 블록 2개를 채웠습니다 [3]
[J] [16:17:45] [Render thread/INFO]: [System] [CHAT] -2957, -52, 2985에 있는 블록을 바꿨습니다
[J] [16:17:45] [Render thread/INFO]: [System] [CHAT] 성공적으로 블록 10개를 채웠습니다
[J] [16:17:45] [Render thread/INFO]: [System] [CHAT] 성공적으로 블록 4개를 채웠습니다
[J] [16:17:45] [Render thread/INFO]: [System] [CHAT] -2957, -33, 2985에 있는 블록을 바꿨습니다
[J] [16:17:45] [Render thread/INFO]: [System] [CHAT] -2957, -32, 2985에 있는 블록을 바꿨습니다
[J] [16:17:45] [Render thread/INFO]: [System] [CHAT] -2957, -28, 2985에 있는 블록을 바꿨습니다
[J] [16:17:45] [Render thread/INFO]: [System] [CHAT] -2957, -52, 2986에 있는 블록을 바꿨습니다
[J] [16:17:45] [Render thread/INFO]: [System] [CHAT] 성공적으로 블록 2개를 채웠습니다
[J] [16:17:45] [Render thread/INFO]: [System] [CHAT] -2957, -39, 2986에 있는 블록을 바꿨습니다
[J] [16:17:45] [Render thread/INFO]: [System] [CHAT] -2957, -38, 2986에 있는 블록을 바꿨습니다
[J] [16:17:45] [Render thread/INFO]: [System] [CHAT] 성공적으로 블록 8개를 채웠습니다
[J] [16:17:45] [Render thread/INFO]: [System] [CHAT] 성공적으로 블록 3개를 채웠습니다
[J] [16:17:45] [Render thread/INFO]: [System] [CHAT] -2957, -32, 2986에 있는 블록을 바꿨습니다
[J] [16:17:45] [Render thread/INFO]: [System] [CHAT] -2957, -53, 2987에 있는 블록을 바꿨습니다
[J] [16:17:45] [Render thread/INFO]: [System] [CHAT] -2957, -51, 2987에 있는 블록을 바꿨습니다
[J] [16:17:45] [Render thread/INFO]: [System] [CHAT] -2957, -42, 2987에 있는 블록을 바꿨습니다
[J] [16:17:45] [Render thread/INFO]: [System] [CHAT] -2957, -41, 2987에 있는 블록을 바꿨습니다
[J] [16:17:45] [Render thread/INFO]: [System] [CHAT] -2957, -40, 2987에 있는 블록을 바꿨습니다
[J] [16:17:46] [Render thread/INFO]: [System] [CHAT] -2957, -39, 2987에 있는 블록을 바꿨습니다
[J] [16:17:46] [Render thread/INFO]: [System] [CHAT] -2957, -38, 2987에 있는 블록을 바꿨습니다
[J] [16:17:46] [Render thread/INFO]: [System] [CHAT] 성공적으로 블록 2개를 채웠습니다
[J] [16:17:46] [Render thread/INFO]: [System] [CHAT] 성공적으로 블록 8개를 채웠습니다
[J] [16:17:46] [Render thread/INFO]: [System] [CHAT] -2957, -51, 2988에 있는 블록을 바꿨습니다
[J] [16:17:46] [Render thread/INFO]: [System] [CHAT] -2957, -40, 2988에 있는 블록을 바꿨습니다
[J] [16:17:46] [Render thread/INFO]: [System] [CHAT] -2957, -39, 2988에 있는 블록을 바꿨습니다
[J] [16:17:46] [Render thread/INFO]: [System] [CHAT] 성공적으로 블록 2개를 채웠습니다 [2]
[J] [16:17:46] [Render thread/INFO]: [System] [CHAT] 성공적으로 블록 4개를 채웠습니다
[J] [16:17:46] [Render thread/INFO]: [System] [CHAT] 성공적으로 블록 4개를 채웠습니다 [2]
[J] [16:17:46] [Render thread/INFO]: [System] [CHAT] -2957, -52, 2989에 있는 블록을 바꿨습니다
[J] [16:17:46] [Render thread/INFO]: [System] [CHAT] 성공적으로 블록 2개를 채웠습니다 [3]
[J] [16:17:46] [Render thread/INFO]: [System] [CHAT] -2957, -52, 2990에 있는 블록을 바꿨습니다
[J] [16:17:46] [Render thread/INFO]: [System] [CHAT] -2957, -51, 2990에 있는 블록을 바꿨습니다
[J] [16:17:46] [Render thread/INFO]: [System] [CHAT] -2957, -40, 2990에 있는 블록을 바꿨습니다
[J] [16:17:46] [Render thread/INFO]: [System] [CHAT] -2957, -39, 2990에 있는 블록을 바꿨습니다
[J] [16:17:46] [Render thread/INFO]: [System] [CHAT] -2957, -53, 2991에 있는 블록을 바꿨습니다
[J] [16:17:46] [Render thread/INFO]: [System] [CHAT] -2957, -6, 2991에 있는 블록을 바꿨습니다
[J] [16:17:46] [Render thread/INFO]: [System] [CHAT] -2956, -53, 2981에 있는 블록을 바꿨습니다
[J] [16:17:46] [Render thread/INFO]: [System] [CHAT] 성공적으로 블록 3개를 채웠습니다
[J] [16:17:46] [Render thread/INFO]: [System] [CHAT] 성공적으로 블록 2개를 채웠습니다
[J] [16:17:46] [Render thread/INFO]: [System] [CHAT] 성공적으로 블록 2개를 채웠습니다 [2]
[J] [16:17:46] [Render thread/INFO]: [System] [CHAT] 성공적으로 블록 2개를 채웠습니다 [3]
[J] [16:17:46] [Render thread/INFO]: [System] [CHAT] -2956, -51, 2982에 있는 블록을 바꿨습니다
[J] [16:17:46] [Render thread/INFO]: [System] [CHAT] 성공적으로 블록 12개를 채웠습니다
[J] [16:17:46] [Render thread/INFO]: [System] [CHAT] 성공적으로 블록 2개를 채웠습니다 [4]
[J] [16:17:46] [Render thread/INFO]: [System] [CHAT] 성공적으로 블록 2개를 채웠습니다 [5]
[J] [16:17:46] [Render thread/INFO]: [System] [CHAT] 성공적으로 블록 2개를 채웠습니다 [6]
[J] [16:17:46] [Render thread/INFO]: [System] [CHAT] 성공적으로 블록 2개를 채웠습니다 [7]
[J] [16:17:46] [Render thread/INFO]: [System] [CHAT] 성공적으로 블록 2개를 채웠습니다 [8]
[J] [16:17:46] [Render thread/INFO]: [System] [CHAT] 성공적으로 블록 18개를 채웠습니다
[J] [16:17:46] [Render thread/INFO]: [System] [CHAT] -2956, -41, 2983에 있는 블록을 바꿨습니다
[J] [16:17:46] [Render thread/INFO]: [System] [CHAT] 성공적으로 블록 3개를 채웠습니다
[J] [16:17:46] [Render thread/INFO]: [System] [CHAT] 성공적으로 블록 15개를 채웠습니다
[J] [16:17:46] [Render thread/INFO]: [System] [CHAT] 성공적으로 블록 8개를 채웠습니다
[J] [16:17:46] [Render thread/INFO]: [System] [CHAT] -2956, -53, 2984에 있는 블록을 바꿨습니다
[J] [16:17:46] [Render thread/INFO]: [System] [CHAT] -2956, -52, 2984에 있는 블록을 바꿨습니다
[J] [16:17:46] [Render thread/INFO]: [System] [CHAT] 성공적으로 블록 2개를 채웠습니다
[J] [16:17:46] [Render thread/INFO]: [System] [CHAT] 성공적으로 블록 7개를 채웠습니다
[J] [16:17:46] [Render thread/INFO]: [System] [CHAT] -2956, -41, 2984에 있는 블록을 바꿨습니다
[J] [16:17:46] [Render thread/INFO]: [System] [CHAT] 성공적으로 블록 2개를 채웠습니다 [2]
[J] [16:17:46] [Render thread/INFO]: [System] [CHAT] 성공적으로 블록 4개를 채웠습니다
[J] [16:17:46] [Render thread/INFO]: [System] [CHAT] 성공적으로 블록 2개를 채웠습니다 [3]
[J] [16:17:46] [Render thread/INFO]: [System] [CHAT] 성공적으로 블록 4개를 채웠습니다 [2]
[J] [16:17:46] [Render thread/INFO]: [System] [CHAT] 성공적으로 블록 2개를 채웠습니다 [4]
[J] [16:17:46] [Render thread/INFO]: [System] [CHAT] 성공적으로 블록 6개를 채웠습니다
[J] [16:17:46] [Render thread/INFO]: [System] [CHAT] 성공적으로 블록 4개를 채웠습니다 [3]
[J] [16:17:46] [Render thread/INFO]: [System] [CHAT] 성공적으로 블록 2개를 채웠습니다 [5]
[J] [16:17:46] [Render thread/INFO]: [System] [CHAT] 성공적으로 블록 12개를 채웠습니다
[J] [16:17:46] [Render thread/INFO]: [System] [CHAT] -2956, -41, 2985에 있는 블록을 바꿨습니다
[J] [16:17:46] [Render thread/INFO]: [System] [CHAT] -2956, -29, 2985에 있는 블록을 바꿨습니다
[J] [16:17:46] [Render thread/INFO]: [System] [CHAT] 성공적으로 블록 3개를 채웠습니다
[J] [16:17:46] [Render thread/INFO]: [System] [CHAT] -2956, -41, 2986에 있는 블록을 바꿨습니다
[J] [16:17:46] [Render thread/INFO]: [System] [CHAT] 성공적으로 블록 2개를 채웠습니다
[J] [16:17:46] [Render thread/INFO]: [System] [CHAT] 성공적으로 블록 3개를 채웠습니다 [2]
[J] [16:17:46] [Render thread/INFO]: [System] [CHAT] 성공적으로 블록 15개를 채웠습니다
[J] [16:17:46] [Render thread/INFO]: [System] [CHAT] -2956, -22, 2986에 있는 블록을 바꿨습니다
[J] [16:17:46] [Render thread/INFO]: [System] [CHAT] 성공적으로 블록 2개를 채웠습니다 [2]
[J] [16:17:46] [Render thread/INFO]: [System] [CHAT] -2956, -51, 2987에 있는 블록을 바꿨습니다
[J] [16:17:46] [Render thread/INFO]: [System] [CHAT] -2956, -41, 2987에 있는 블록을 바꿨습니다
[J] [16:17:46] [Render thread/INFO]: [System] [CHAT] 성공적으로 블록 6개를 채웠습니다
[J] [16:17:46] [Render thread/INFO]: [System] [CHAT] 성공적으로 블록 2개를 채웠습니다 [3]
[J] [16:17:46] [Render thread/INFO]: [System] [CHAT] 성공적으로 블록 5개를 채웠습니다
[J] [16:17:46] [Render thread/INFO]: [System] [CHAT] 성공적으로 블록 2개를 채웠습니다 [4]
[J] [16:17:46] [Render thread/INFO]: [System] [CHAT] 성공적으로 블록 2개를 채웠습니다 [5]
[J] [16:17:46] [Render thread/INFO]: [System] [CHAT] 성공적으로 블록 2개를 채웠습니다 [6]
[J] [16:17:46] [Render thread/INFO]: [System] [CHAT] 성공적으로 블록 8개를 채웠습니다
[J] [16:17:46] [Render thread/INFO]: [System] [CHAT] -2956, -53, 2988에 있는 블록을 바꿨습니다
[J] [16:17:46] [Render thread/INFO]: [System] [CHAT] -2956, -51, 2988에 있는 블록을 바꿨습니다
[J] [16:17:46] [Render thread/INFO]: [System] [CHAT] 성공적으로 블록 4개를 채웠습니다
[J] [16:17:46] [Render thread/INFO]: [System] [CHAT] 성공적으로 블록 2개를 채웠습니다 [7]
[J] [16:17:46] [Render thread/INFO]: [System] [CHAT] 성공적으로 블록 12개를 채웠습니다
[J] [16:17:46] [Render thread/INFO]: [System] [CHAT] -2956, -41, 2988에 있는 블록을 바꿨습니다
[J] [16:17:46] [Render thread/INFO]: [System] [CHAT] 성공적으로 블록 3개를 채웠습니다
[J] [16:17:46] [Render thread/INFO]: [System] [CHAT] 성공적으로 블록 4개를 채웠습니다 [2]
[J] [16:17:46] [Render thread/INFO]: [System] [CHAT] 성공적으로 블록 2개를 채웠습니다 [8]
[J] [16:17:46] [Render thread/INFO]: [System] [CHAT] -2956, -41, 2989에 있는 블록을 바꿨습니다
[J] [16:17:46] [Render thread/INFO]: [System] [CHAT] -2956, -40, 2989에 있는 블록을 바꿨습니다
[J] [16:17:46] [Render thread/INFO]: [System] [CHAT] -2956, -39, 2989에 있는 블록을 바꿨습니다
[J] [16:17:46] [Render thread/INFO]: [System] [CHAT] 성공적으로 블록 14개를 채웠습니다
[J] [16:17:46] [Render thread/INFO]: [System] [CHAT] -2956, -27, 2989에 있는 블록을 바꿨습니다
[J] [16:17:46] [Render thread/INFO]: [System] [CHAT] -2956, -41, 2990에 있는 블록을 바꿨습니다
[J] [16:17:46] [Render thread/INFO]: [System] [CHAT] 성공적으로 블록 3개를 채웠습니다
[J] [16:17:46] [Render thread/INFO]: [System] [CHAT] -2956, -39, 2990에 있는 블록을 바꿨습니다
[J] [16:17:46] [Render thread/INFO]: [System] [CHAT] -2956, -53, 2991에 있는 블록을 바꿨습니다
[J] [16:17:46] [Render thread/INFO]: [System] [CHAT] -2956, -52, 2991에 있는 블록을 바꿨습니다
[J] [16:17:46] [Render thread/INFO]: [System] [CHAT] 성공적으로 블록 30개를 채웠습니다
[J] [16:17:46] [Render thread/INFO]: [System] [CHAT] -2956, -40, 2991에 있는 블록을 바꿨습니다
[J] [16:17:46] [Render thread/INFO]: [System] [CHAT] -2956, -39, 2991에 있는 블록을 바꿨습니다
[J] [16:17:46] [Render thread/INFO]: [System] [CHAT] -2956, -37, 2991에 있는 블록을 바꿨습니다
[J] [16:17:46] [Render thread/INFO]: [System] [CHAT] -2956, -36, 2991에 있는 블록을 바꿨습니다
[J] [16:17:46] [Render thread/INFO]: [System] [CHAT] 성공적으로 블록 5개를 채웠습니다
[J] [16:17:46] [Render thread/INFO]: [System] [CHAT] -2956, -6, 2991에 있는 블록을 바꿨습니다
[J] [16:17:46] [Render thread/INFO]: [System] [CHAT] -2955, -53, 2981에 있는 블록을 바꿨습니다
[J] [16:17:46] [Render thread/INFO]: [System] [CHAT] 성공적으로 블록 2개를 채웠습니다
[J] [16:17:46] [Render thread/INFO]: [System] [CHAT] -2955, -52, 2982에 있는 블록을 바꿨습니다
[J] [16:17:46] [Render thread/INFO]: [System] [CHAT] -2955, -51, 2982에 있는 블록을 바꿨습니다
[J] [16:17:46] [Render thread/INFO]: [System] [CHAT] -2955, -53, 2983에 있는 블록을 바꿨습니다
[J] [16:17:46] [Render thread/INFO]: [System] [CHAT] -2955, -52, 2983에 있는 블록을 바꿨습니다
[J] [16:17:46] [Render thread/INFO]: [System] [CHAT] -2955, -41, 2983에 있는 블록을 바꿨습니다
[J] [16:17:46] [Render thread/INFO]: [System] [CHAT] 성공적으로 블록 6개를 채웠습니다
[J] [16:17:46] [Render thread/INFO]: [System] [CHAT] -2955, -52, 2984에 있는 블록을 바꿨습니다
[J] [16:17:46] [Render thread/INFO]: [System] [CHAT] -2955, -51, 2984에 있는 블록을 바꿨습니다
[J] [16:17:46] [Render thread/INFO]: [System] [CHAT] 성공적으로 블록 11개를 채웠습니다
[J] [16:17:46] [Render thread/INFO]: [System] [CHAT] 성공적으로 블록 9개를 채웠습니다
[J] [16:17:46] [Render thread/INFO]: [System] [CHAT] 성공적으로 블록 2개를 채웠습니다
[J] [16:17:46] [Render thread/INFO]: [System] [CHAT] 성공적으로 블록 8개를 채웠습니다
[J] [16:17:46] [Render thread/INFO]: [System] [CHAT] 성공적으로 블록 2개를 채웠습니다 [2]
[J] [16:17:46] [Render thread/INFO]: [System] [CHAT] -2955, -52, 2985에 있는 블록을 바꿨습니다
[J] [16:17:46] [Render thread/INFO]: [System] [CHAT] 성공적으로 블록 22개를 채웠습니다
[J] [16:17:46] [Render thread/INFO]: [System] [CHAT] -2955, -49, 2985에 있는 블록을 바꿨습니다
[J] [16:17:46] [Render thread/INFO]: [System] [CHAT] 성공적으로 블록 10개를 채웠습니다
[J] [16:17:46] [Render thread/INFO]: [System] [CHAT] -2955, -43, 2985에 있는 블록을 바꿨습니다
[J] [16:17:46] [Render thread/INFO]: [System] [CHAT] 성공적으로 블록 2개를 채웠습니다
[J] [16:17:46] [Render thread/INFO]: [System] [CHAT] 성공적으로 블록 2개를 채웠습니다 [2]
[J] [16:17:46] [Render thread/INFO]: [System] [CHAT] -2955, -52, 2986에 있는 블록을 바꿨습니다
[J] [16:17:46] [Render thread/INFO]: [System] [CHAT] -2955, -49, 2986에 있는 블록을 바꿨습니다
[J] [16:17:46] [Render thread/INFO]: [System] [CHAT] -2955, -43, 2986에 있는 블록을 바꿨습니다
[J] [16:17:46] [Render thread/INFO]: [System] [CHAT] -2955, -52, 2987에 있는 블록을 바꿨습니다
[J] [16:17:46] [Render thread/INFO]: [System] [CHAT] 성공적으로 블록 10개를 채웠습니다
[J] [16:17:46] [Render thread/INFO]: [System] [CHAT] -2955, -50, 2987에 있는 블록을 바꿨습니다
[J] [16:17:46] [Render thread/INFO]: [System] [CHAT] 성공적으로 블록 9개를 채웠습니다
[J] [16:17:46] [Render thread/INFO]: [System] [CHAT] 성공적으로 블록 5개를 채웠습니다
[J] [16:17:46] [Render thread/INFO]: [System] [CHAT] 성공적으로 블록 16개를 채웠습니다
[J] [16:17:46] [Render thread/INFO]: [System] [CHAT] 성공적으로 블록 5개를 채웠습니다 [2]
[J] [16:17:46] [Render thread/INFO]: [System] [CHAT] 성공적으로 블록 8개를 채웠습니다
[J] [16:17:46] [Render thread/INFO]: [System] [CHAT] -2955, -53, 2988에 있는 블록을 바꿨습니다
[J] [16:17:46] [Render thread/INFO]: [System] [CHAT] -2955, -52, 2988에 있는 블록을 바꿨습니다
[J] [16:17:46] [Render thread/INFO]: [System] [CHAT] -2955, -49, 2988에 있는 블록을 바꿨습니다
[J] [16:17:46] [Render thread/INFO]: [System] [CHAT] 성공적으로 블록 10개를 채웠습니다
[J] [16:17:46] [Render thread/INFO]: [System] [CHAT] -2955, -43, 2988에 있는 블록을 바꿨습니다
[J] [16:17:46] [Render thread/INFO]: [System] [CHAT] 성공적으로 블록 2개를 채웠습니다
[J] [16:17:46] [Render thread/INFO]: [System] [CHAT] 성공적으로 블록 2개를 채웠습니다 [2]
[J] [16:17:46] [Render thread/INFO]: [System] [CHAT] -2955, -52, 2989에 있는 블록을 바꿨습니다
[J] [16:17:46] [Render thread/INFO]: [System] [CHAT] -2955, -49, 2989에 있는 블록을 바꿨습니다
[J] [16:17:46] [Render thread/INFO]: [System] [CHAT] -2955, -43, 2989에 있는 블록을 바꿨습니다
[J] [16:17:46] [Render thread/INFO]: [System] [CHAT] 성공적으로 블록 2개를 채웠습니다 [3]
[J] [16:17:46] [Render thread/INFO]: [System] [CHAT] -2955, -38, 2989에 있는 블록을 바꿨습니다
[J] [16:17:46] [Render thread/INFO]: [System] [CHAT] -2955, -37, 2989에 있는 블록을 바꿨습니다
[J] [16:17:46] [Render thread/INFO]: [System] [CHAT] 성공적으로 블록 10개를 채웠습니다
[J] [16:17:46] [Render thread/INFO]: [System] [CHAT] -2955, -31, 2989에 있는 블록을 바꿨습니다
[J] [16:17:46] [Render thread/INFO]: [System] [CHAT] 성공적으로 블록 2개를 채웠습니다 [4]
[J] [16:17:46] [Render thread/INFO]: [System] [CHAT] -2955, -52, 2990에 있는 블록을 바꿨습니다
[J] [16:17:46] [Render thread/INFO]: [System] [CHAT] -2955, -50, 2990에 있는 블록을 바꿨습니다
[J] [16:17:46] [Render thread/INFO]: [System] [CHAT] 성공적으로 블록 9개를 채웠습니다
[J] [16:17:46] [Render thread/INFO]: [System] [CHAT] 성공적으로 블록 2개를 채웠습니다 [5]
[J] [16:17:46] [Render thread/INFO]: [System] [CHAT] -2955, -37, 2990에 있는 블록을 바꿨습니다
[J] [16:17:46] [Render thread/INFO]: [System] [CHAT] -2955, -31, 2990에 있는 블록을 바꿨습니다
[J] [16:17:46] [Render thread/INFO]: [System] [CHAT] -2955, -28, 2990에 있는 블록을 바꿨습니다
[J] [16:17:46] [Render thread/INFO]: [System] [CHAT] -2955, -52, 2991에 있는 블록을 바꿨습니다
[J] [16:17:46] [Render thread/INFO]: [System] [CHAT] 성공적으로 블록 2개를 채웠습니다 [6]
[J] [16:17:46] [Render thread/INFO]: [System] [CHAT] 성공적으로 블록 7개를 채웠습니다
[J] [16:17:46] [Render thread/INFO]: [System] [CHAT] -2955, -6, 2991에 있는 블록을 바꿨습니다
[J] [16:17:46] [Render thread/INFO]: [System] [CHAT] 성공적으로 블록 3개를 채웠습니다
[J] [16:17:46] [Render thread/INFO]: [System] [CHAT] 성공적으로 블록 2개를 채웠습니다 [7]
[J] [16:17:46] [Render thread/INFO]: [System] [CHAT] -2954, -40, 2982에 있는 블록을 바꿨습니다
[J] [16:17:46] [Render thread/INFO]: [System] [CHAT] -2954, -39, 2982에 있는 블록을 바꿨습니다
[J] [16:17:46] [Render thread/INFO]: [System] [CHAT] -2954, -37, 2982에 있는 블록을 바꿨습니다
[J] [16:17:46] [Render thread/INFO]: [System] [CHAT] -2954, -35, 2982에 있는 블록을 바꿨습니다
[J] [16:17:46] [Render thread/INFO]: [System] [CHAT] 성공적으로 블록 2개를 채웠습니다 [8]
[J] [16:17:47] [Render thread/INFO]: [System] [CHAT] 성공적으로 블록 3개를 채웠습니다
[J] [16:17:47] [Render thread/INFO]: [System] [CHAT] 성공적으로 블록 2개를 채웠습니다 [9]
[J] [16:17:47] [Render thread/INFO]: [System] [CHAT] -2954, -50, 2983에 있는 블록을 바꿨습니다
[J] [16:17:47] [Render thread/INFO]: [System] [CHAT] 성공적으로 블록 7개를 채웠습니다
[J] [16:17:47] [Render thread/INFO]: [System] [CHAT] 성공적으로 블록 2개를 채웠습니다 [10]
[J] [16:17:47] [Render thread/INFO]: [System] [CHAT] -2954, -52, 2984에 있는 블록을 바꿨습니다
[J] [16:17:47] [Render thread/INFO]: [System] [CHAT] -2954, -49, 2984에 있는 블록을 바꿨습니다
[J] [16:17:47] [Render thread/INFO]: [System] [CHAT] 성공적으로 블록 6개를 채웠습니다
[J] [16:17:47] [Render thread/INFO]: [System] [CHAT] -2954, -42, 2984에 있는 블록을 바꿨습니다
[J] [16:17:47] [Render thread/INFO]: [System] [CHAT] -2954, -41, 2984에 있는 블록을 바꿨습니다
[J] [16:17:47] [Render thread/INFO]: [System] [CHAT] 성공적으로 블록 120개를 채웠습니다
[J] [16:17:47] [Render thread/INFO]: [System] [CHAT] 성공적으로 블록 2개를 채웠습니다
[J] [16:17:47] [Render thread/INFO]: [System] [CHAT] 성공적으로 블록 3개를 채웠습니다
[J] [16:17:47] [Render thread/INFO]: [System] [CHAT] 성공적으로 블록 20개를 채웠습니다
[J] [16:17:47] [Render thread/INFO]: [System] [CHAT] 성공적으로 블록 4개를 채웠습니다
[J] [16:17:47] [Render thread/INFO]: [System] [CHAT] 성공적으로 블록 8개를 채웠습니다
[J] [16:17:47] [Render thread/INFO]: [System] [CHAT] 성공적으로 블록 40개를 채웠습니다
[J] [16:17:47] [Render thread/INFO]: [System] [CHAT] -2954, -52, 2986에 있는 블록을 바꿨습니다
[J] [16:17:47] [Render thread/INFO]: [System] [CHAT] -2954, -39, 2986에 있는 블록을 바꿨습니다
[J] [16:17:47] [Render thread/INFO]: [System] [CHAT] -2954, -25, 2986에 있는 블록을 바꿨습니다
[J] [16:17:47] [Render thread/INFO]: [System] [CHAT] -2954, -22, 2986에 있는 블록을 바꿨습니다
[J] [16:17:47] [Render thread/INFO]: [System] [CHAT] 성공적으로 블록 2개를 채웠습니다
[J] [16:17:47] [Render thread/INFO]: [System] [CHAT] -2954, -52, 2987에 있는 블록을 바꿨습니다
[J] [16:17:47] [Render thread/INFO]: [System] [CHAT] -2954, -50, 2987에 있는 블록을 바꿨습니다
[J] [16:17:47] [Render thread/INFO]: [System] [CHAT] -2954, -49, 2987에 있는 블록을 바꿨습니다
[J] [16:17:47] [Render thread/INFO]: [System] [CHAT] 성공적으로 블록 5개를 채웠습니다
[J] [16:17:47] [Render thread/INFO]: [System] [CHAT] -2954, -43, 2987에 있는 블록을 바꿨습니다
[J] [16:17:47] [Render thread/INFO]: [System] [CHAT] -2954, -42, 2987에 있는 블록을 바꿨습니다
[J] [16:17:47] [Render thread/INFO]: [System] [CHAT] -2954, -41, 2987에 있는 블록을 바꿨습니다
[J] [16:17:47] [Render thread/INFO]: [System] [CHAT] 성공적으로 블록 9개를 채웠습니다
[J] [16:17:47] [Render thread/INFO]: [System] [CHAT] -2954, -30, 2987에 있는 블록을 바꿨습니다
[J] [16:17:47] [Render thread/INFO]: [System] [CHAT] 성공적으로 블록 8개를 채웠습니다
[J] [16:17:47] [Render thread/INFO]: [System] [CHAT] -2954, -53, 2988에 있는 블록을 바꿨습니다
[J] [16:17:47] [Render thread/INFO]: [System] [CHAT] 성공적으로 블록 3개를 채웠습니다
[J] [16:17:47] [Render thread/INFO]: [System] [CHAT] 성공적으로 블록 4개를 채웠습니다
[J] [16:17:47] [Render thread/INFO]: [System] [CHAT] 성공적으로 블록 2개를 채웠습니다
[J] [16:17:47] [Render thread/INFO]: [System] [CHAT] -2954, -41, 2988에 있는 블록을 바꿨습니다
[J] [16:17:47] [Render thread/INFO]: [System] [CHAT] 성공적으로 블록 16개를 채웠습니다
[J] [16:17:47] [Render thread/INFO]: [System] [CHAT] 성공적으로 블록 10개를 채웠습니다
[J] [16:17:47] [Render thread/INFO]: [System] [CHAT] -2954, -32, 2988에 있는 블록을 바꿨습니다
[J] [16:17:47] [Render thread/INFO]: [System] [CHAT] -2954, -31, 2988에 있는 블록을 바꿨습니다
[J] [16:17:47] [Render thread/INFO]: [System] [CHAT] 성공적으로 블록 40개를 채웠습니다
[J] [16:17:47] [Render thread/INFO]: [System] [CHAT] -2954, -41, 2989에 있는 블록을 바꿨습니다
[J] [16:17:47] [Render thread/INFO]: [System] [CHAT] 성공적으로 블록 24개를 채웠습니다
[J] [16:17:47] [Render thread/INFO]: [System] [CHAT] 성공적으로 블록 2개를 채웠습니다
[J] [16:17:47] [Render thread/INFO]: [System] [CHAT] -2954, -50, 2990에 있는 블록을 바꿨습니다
[J] [16:17:47] [Render thread/INFO]: [System] [CHAT] -2954, -49, 2990에 있는 블록을 바꿨습니다
[J] [16:17:47] [Render thread/INFO]: [System] [CHAT] 성공적으로 블록 5개를 채웠습니다
[J] [16:17:47] [Render thread/INFO]: [System] [CHAT] -2954, -43, 2990에 있는 블록을 바꿨습니다
[J] [16:17:47] [Render thread/INFO]: [System] [CHAT] -2954, -42, 2990에 있는 블록을 바꿨습니다
[J] [16:17:47] [Render thread/INFO]: [System] [CHAT] -2954, -41, 2990에 있는 블록을 바꿨습니다
[J] [16:17:47] [Render thread/INFO]: [System] [CHAT] 성공적으로 블록 2개를 채웠습니다
[J] [16:17:47] [Render thread/INFO]: [System] [CHAT] 성공적으로 블록 3개를 채웠습니다
[J] [16:17:47] [Render thread/INFO]: [System] [CHAT] 성공적으로 블록 14개를 채웠습니다
[J] [16:17:47] [Render thread/INFO]: [System] [CHAT] -2954, -6, 2991에 있는 블록을 바꿨습니다
[J] [16:17:47] [Render thread/INFO]: [System] [CHAT] -2953, -53, 2981에 있는 블록을 바꿨습니다
[J] [16:17:47] [Render thread/INFO]: [System] [CHAT] 성공적으로 블록 2개를 채웠습니다 [2]
[J] [16:17:47] [Render thread/INFO]: [System] [CHAT] -2953, -40, 2981에 있는 블록을 바꿨습니다
[J] [16:17:47] [Render thread/INFO]: [System] [CHAT] -2953, -39, 2981에 있는 블록을 바꿨습니다
[J] [16:17:47] [Render thread/INFO]: [System] [CHAT] -2953, -32, 2981에 있는 블록을 바꿨습니다
[J] [16:17:47] [Render thread/INFO]: [System] [CHAT] -2953, -30, 2981에 있는 블록을 바꿨습니다
[J] [16:17:47] [Render thread/INFO]: [System] [CHAT] -2953, -53, 2982에 있는 블록을 바꿨습니다
[J] [16:17:47] [Render thread/INFO]: [System] [CHAT] -2953, -52, 2982에 있는 블록을 바꿨습니다
[J] [16:17:47] [Render thread/INFO]: [System] [CHAT] 성공적으로 블록 6개를 채웠습니다
[J] [16:17:47] [Render thread/INFO]: [System] [CHAT] -2953, -40, 2982에 있는 블록을 바꿨습니다
[J] [16:17:47] [Render thread/INFO]: [System] [CHAT] -2953, -39, 2982에 있는 블록을 바꿨습니다
[J] [16:17:47] [Render thread/INFO]: [System] [CHAT] 성공적으로 블록 9개를 채웠습니다
[J] [16:17:47] [Render thread/INFO]: [System] [CHAT] -2953, -25, 2982에 있는 블록을 바꿨습니다
[J] [16:17:47] [Render thread/INFO]: [System] [CHAT] -2953, -53, 2983에 있는 블록을 바꿨습니다
[J] [16:17:47] [Render thread/INFO]: [System] [CHAT] -2953, -51, 2983에 있는 블록을 바꿨습니다
[J] [16:17:47] [Render thread/INFO]: [System] [CHAT] -2953, -50, 2983에 있는 블록을 바꿨습니다
[J] [16:17:47] [Render thread/INFO]: [System] [CHAT] -2953, -49, 2983에 있는 블록을 바꿨습니다
[J] [16:17:47] [Render thread/INFO]: [System] [CHAT] -2953, -41, 2983에 있는 블록을 바꿨습니다
[J] [16:17:47] [Render thread/INFO]: [System] [CHAT] -2953, -39, 2983에 있는 블록을 바꿨습니다
[J] [16:17:47] [Render thread/INFO]: [System] [CHAT] 성공적으로 블록 9개를 채웠습니다
[J] [16:17:47] [Render thread/INFO]: [System] [CHAT] -2953, -25, 2983에 있는 블록을 바꿨습니다
[J] [16:17:47] [Render thread/INFO]: [System] [CHAT] -2953, -24, 2983에 있는 블록을 바꿨습니다
[J] [16:17:47] [Render thread/INFO]: [System] [CHAT] -2953, -52, 2984에 있는 블록을 바꿨습니다
[J] [16:17:47] [Render thread/INFO]: [System] [CHAT] 성공적으로 블록 7개를 채웠습니다
[J] [16:17:47] [Render thread/INFO]: [System] [CHAT] 성공적으로 블록 9개를 채웠습니다 [2]
[J] [16:17:47] [Render thread/INFO]: [System] [CHAT] 성공적으로 블록 144개를 채웠습니다
[J] [16:17:47] [Render thread/INFO]: [System] [CHAT] 성공적으로 블록 63개를 채웠습니다
[J] [16:17:47] [Render thread/INFO]: [System] [CHAT] 성공적으로 블록 162개를 채웠습니다
[J] [16:17:47] [Render thread/INFO]: [System] [CHAT] 성공적으로 블록 18개를 채웠습니다
[J] [16:17:47] [Render thread/INFO]: [System] [CHAT] 성공적으로 블록 3개를 채웠습니다
[J] [16:17:47] [Render thread/INFO]: [System] [CHAT] -2953, -53, 2986에 있는 블록을 바꿨습니다
[J] [16:17:47] [Render thread/INFO]: [System] [CHAT] 성공적으로 블록 3개를 채웠습니다 [2]
[J] [16:17:47] [Render thread/INFO]: [System] [CHAT] 성공적으로 블록 6개를 채웠습니다
[J] [16:17:47] [Render thread/INFO]: [System] [CHAT] -2953, -52, 2987에 있는 블록을 바꿨습니다
[J] [16:17:47] [Render thread/INFO]: [System] [CHAT] 성공적으로 블록 45개를 채웠습니다
[J] [16:17:47] [Render thread/INFO]: [System] [CHAT] -2953, -50, 2987에 있는 블록을 바꿨습니다
[J] [16:17:47] [Render thread/INFO]: [System] [CHAT] 성공적으로 블록 40개를 채웠습니다
[J] [16:17:47] [Render thread/INFO]: [System] [CHAT] 성공적으로 블록 45개를 채웠습니다 [2]
[J] [16:17:47] [Render thread/INFO]: [System] [CHAT] 성공적으로 블록 7개를 채웠습니다
[J] [16:17:47] [Render thread/INFO]: [System] [CHAT] 성공적으로 블록 8개를 채웠습니다
[J] [16:17:47] [Render thread/INFO]: [System] [CHAT] 성공적으로 블록 9개를 채웠습니다
[J] [16:17:47] [Render thread/INFO]: [System] [CHAT] 성공적으로 블록 45개를 채웠습니다 [3]
[J] [16:17:47] [Render thread/INFO]: [System] [CHAT] -2953, -24, 2987에 있는 블록을 바꿨습니다
[J] [16:17:47] [Render thread/INFO]: [System] [CHAT] 성공적으로 블록 2개를 채웠습니다
[J] [16:17:47] [Render thread/INFO]: [System] [CHAT] 성공적으로 블록 2개를 채웠습니다 [2]
[J] [16:17:47] [Render thread/INFO]: [System] [CHAT] 성공적으로 블록 2개를 채웠습니다 [3]
[J] [16:17:47] [Render thread/INFO]: [System] [CHAT] 성공적으로 블록 3개를 채웠습니다
[J] [16:17:47] [Render thread/INFO]: [System] [CHAT] -2953, -52, 2988에 있는 블록을 바꿨습니다
[J] [16:17:47] [Render thread/INFO]: [System] [CHAT] 성공적으로 블록 2개를 채웠습니다 [4]
[J] [16:17:47] [Render thread/INFO]: [System] [CHAT] -2953, -53, 2989에 있는 블록을 바꿨습니다
[J] [16:17:47] [Render thread/INFO]: [System] [CHAT] 성공적으로 블록 3개를 채웠습니다 [2]
[J] [16:17:47] [Render thread/INFO]: [System] [CHAT] 성공적으로 블록 10개를 채웠습니다
[J] [16:17:47] [Render thread/INFO]: [System] [CHAT] -2953, -22, 2989에 있는 블록을 바꿨습니다
[J] [16:17:47] [Render thread/INFO]: [System] [CHAT] -2953, -10, 2989에 있는 블록을 바꿨습니다
[J] [16:17:47] [Render thread/INFO]: [System] [CHAT] 성공적으로 블록 2개를 채웠습니다
[J] [16:17:47] [Render thread/INFO]: [System] [CHAT] 성공적으로 블록 2개를 채웠습니다 [2]
[J] [16:17:47] [Render thread/INFO]: [System] [CHAT] -2953, -6, 2991에 있는 블록을 바꿨습니다
[J] [16:17:47] [Render thread/INFO]: [System] [CHAT] -2952, -53, 2981에 있는 블록을 바꿨습니다
[J] [16:17:47] [Render thread/INFO]: [System] [CHAT] -2952, -32, 2981에 있는 블록을 바꿨습니다
[J] [16:17:47] [Render thread/INFO]: [System] [CHAT] -2952, -31, 2981에 있는 블록을 바꿨습니다
[J] [16:17:47] [Render thread/INFO]: [System] [CHAT] -2952, -30, 2981에 있는 블록을 바꿨습니다
[J] [16:17:47] [Render thread/INFO]: [System] [CHAT] 성공적으로 블록 2개를 채웠습니다
[J] [16:17:47] [Render thread/INFO]: [System] [CHAT] -2952, -52, 2982에 있는 블록을 바꿨습니다
[J] [16:17:47] [Render thread/INFO]: [System] [CHAT] -2952, -40, 2982에 있는 블록을 바꿨습니다
[J] [16:17:47] [Render thread/INFO]: [System] [CHAT] -2952, -39, 2982에 있는 블록을 바꿨습니다
[J] [16:17:47] [Render thread/INFO]: [System] [CHAT] -2952, -30, 2982에 있는 블록을 바꿨습니다
[J] [16:17:47] [Render thread/INFO]: [System] [CHAT] -2952, -29, 2982에 있는 블록을 바꿨습니다
[J] [16:17:47] [Render thread/INFO]: [System] [CHAT] -2952, -28, 2982에 있는 블록을 바꿨습니다
[J] [16:17:47] [Render thread/INFO]: [System] [CHAT] -2952, -27, 2982에 있는 블록을 바꿨습니다
[J] [16:17:47] [Render thread/INFO]: [System] [CHAT] -2952, -51, 2983에 있는 블록을 바꿨습니다
[J] [16:17:47] [Render thread/INFO]: [System] [CHAT] -2952, -50, 2983에 있는 블록을 바꿨습니다
[J] [16:17:47] [Render thread/INFO]: [System] [CHAT] -2952, -39, 2983에 있는 블록을 바꿨습니다
[J] [16:17:47] [Render thread/INFO]: [System] [CHAT] 성공적으로 블록 9개를 채웠습니다
[J] [16:17:47] [Render thread/INFO]: [System] [CHAT] -2952, -29, 2983에 있는 블록을 바꿨습니다
[J] [16:17:47] [Render thread/INFO]: [System] [CHAT] -2952, -28, 2983에 있는 블록을 바꿨습니다
[J] [16:17:47] [Render thread/INFO]: [System] [CHAT] 성공적으로 블록 16개를 채웠습니다
[J] [16:17:47] [Render thread/INFO]: [System] [CHAT] -2952, -26, 2983에 있는 블록을 바꿨습니다
[J] [16:17:47] [Render thread/INFO]: [System] [CHAT] -2952, -24, 2983에 있는 블록을 바꿨습니다
[J] [16:17:47] [Render thread/INFO]: [System] [CHAT] -2952, -23, 2983에 있는 블록을 바꿨습니다
[J] [16:17:47] [Render thread/INFO]: [System] [CHAT] 성공적으로 블록 4개를 채웠습니다
[J] [16:17:47] [Render thread/INFO]: [System] [CHAT] -2952, -52, 2984에 있는 블록을 바꿨습니다
[J] [16:17:47] [Render thread/INFO]: [System] [CHAT] -2952, -49, 2984에 있는 블록을 바꿨습니다
[J] [16:17:47] [Render thread/INFO]: [System] [CHAT] 성공적으로 블록 6개를 채웠습니다
[J] [16:17:47] [Render thread/INFO]: [System] [CHAT] -2952, -42, 2984에 있는 블록을 바꿨습니다
[J] [16:17:47] [Render thread/INFO]: [System] [CHAT] -2952, -41, 2984에 있는 블록을 바꿨습니다
[J] [16:17:47] [Render thread/INFO]: [System] [CHAT] -2952, -26, 2984에 있는 블록을 바꿨습니다
[J] [16:17:47] [Render thread/INFO]: [System] [CHAT] 성공적으로 블록 4개를 채웠습니다
[J] [16:17:47] [Render thread/INFO]: [System] [CHAT] -2952, -53, 2985에 있는 블록을 바꿨습니다
[J] [16:17:47] [Render thread/INFO]: [System] [CHAT] 성공적으로 블록 16개를 채웠습니다
[J] [16:17:47] [Render thread/INFO]: [System] [CHAT] 성공적으로 블록 6개를 채웠습니다
[J] [16:17:47] [Render thread/INFO]: [System] [CHAT] 성공적으로 블록 2개를 채웠습니다
[J] [16:17:47] [Render thread/INFO]: [System] [CHAT] 성공적으로 블록 2개를 채웠습니다 [2]
[J] [16:17:47] [Render thread/INFO]: [System] [CHAT] 성공적으로 블록 4개를 채웠습니다 [2]
[J] [16:17:47] [Render thread/INFO]: [System] [CHAT] 성공적으로 블록 2개를 채웠습니다 [3]
[J] [16:17:47] [Render thread/INFO]: [System] [CHAT] -2952, -53, 2989에 있는 블록을 바꿨습니다
[J] [16:17:47] [Render thread/INFO]: [System] [CHAT] 성공적으로 블록 3개를 채웠습니다
[J] [16:17:47] [Render thread/INFO]: [System] [CHAT] -2952, -53, 2991에 있는 블록을 바꿨습니다
[J] [16:17:47] [Render thread/INFO]: [System] [CHAT] -2952, -6, 2991에 있는 블록을 바꿨습니다
[J] [16:17:47] [Render thread/INFO]: [System] [CHAT] 성공적으로 블록 3개를 채웠습니다 [2]
[J] [16:17:47] [Render thread/INFO]: [System] [CHAT] 성공적으로 블록 2개를 채웠습니다 [4]
[J] [16:17:47] [Render thread/INFO]: [System] [CHAT] -2951, -52, 2982에 있는 블록을 바꿨습니다
[J] [16:17:47] [Render thread/INFO]: [System] [CHAT] 성공적으로 블록 7개를 채웠습니다
[J] [16:17:47] [Render thread/INFO]: [System] [CHAT] -2951, -52, 2983에 있는 블록을 바꿨습니다
[J] [16:17:47] [Render thread/INFO]: [System] [CHAT] -2951, -51, 2983에 있는 블록을 바꿨습니다
[J] [16:17:47] [Render thread/INFO]: [System] [CHAT] -2951, -50, 2983에 있는 블록을 바꿨습니다
[J] [16:17:48] [Render thread/INFO]: [System] [CHAT] -2951, -49, 2983에 있는 블록을 바꿨습니다
[J] [16:17:48] [Render thread/INFO]: [System] [CHAT] -2951, -41, 2983에 있는 블록을 바꿨습니다
[J] [16:17:48] [Render thread/INFO]: [System] [CHAT] 성공적으로 블록 12개를 채웠습니다
[J] [16:17:48] [Render thread/INFO]: [System] [CHAT] 성공적으로 블록 2개를 채웠습니다
[J] [16:17:48] [Render thread/INFO]: [System] [CHAT] -2951, -21, 2983에 있는 블록을 바꿨습니다
[J] [16:17:48] [Render thread/INFO]: [System] [CHAT] -2951, -52, 2984에 있는 블록을 바꿨습니다
[J] [16:17:48] [Render thread/INFO]: [System] [CHAT] 성공적으로 블록 9개를 채웠습니다
[J] [16:17:48] [Render thread/INFO]: [System] [CHAT] 성공적으로 블록 3개를 채웠습니다
[J] [16:17:48] [Render thread/INFO]: [System] [CHAT] 성공적으로 블록 4개를 채웠습니다
[J] [16:17:48] [Render thread/INFO]: [System] [CHAT] -2951, -22, 2984에 있는 블록을 바꿨습니다
[J] [16:17:48] [Render thread/INFO]: [System] [CHAT] 성공적으로 블록 4개를 채웠습니다 [2]
[J] [16:17:48] [Render thread/INFO]: [System] [CHAT] 성공적으로 블록 2개를 채웠습니다
[J] [16:17:48] [Render thread/INFO]: [System] [CHAT] 성공적으로 블록 2개를 채웠습니다 [2]
[J] [16:17:48] [Render thread/INFO]: [System] [CHAT] 성공적으로 블록 2개를 채웠습니다 [3]
[J] [16:17:48] [Render thread/INFO]: [System] [CHAT] 성공적으로 블록 7개를 채웠습니다
[J] [16:17:48] [Render thread/INFO]: [System] [CHAT] -2951, -53, 2989에 있는 블록을 바꿨습니다
[J] [16:17:48] [Render thread/INFO]: [System] [CHAT] -2951, -52, 2990에 있는 블록을 바꿨습니다
[J] [16:17:48] [Render thread/INFO]: [System] [CHAT] -2951, -10, 2990에 있는 블록을 바꿨습니다
[J] [16:17:48] [Render thread/INFO]: [System] [CHAT] -2951, -9, 2990에 있는 블록을 바꿨습니다
[J] [16:17:48] [Render thread/INFO]: [System] [CHAT] -2951, -8, 2990에 있는 블록을 바꿨습니다
[J] [16:17:48] [Render thread/INFO]: [System] [CHAT] -2951, -53, 2991에 있는 블록을 바꿨습니다
[J] [16:17:48] [Render thread/INFO]: [System] [CHAT] 성공적으로 블록 3개를 채웠습니다
[J] [16:17:48] [Render thread/INFO]: [System] [CHAT] -2951, -6, 2991에 있는 블록을 바꿨습니다
[J] [16:17:48] [Render thread/INFO]: [System] [CHAT] 성공적으로 블록 2개를 채웠습니다
[J] [16:17:48] [Render thread/INFO]: [System] [CHAT] 성공적으로 블록 2개를 채웠습니다 [2]
[J] [16:17:48] [Render thread/INFO]: [System] [CHAT] -2950, -20, 2982에 있는 블록을 바꿨습니다
[J] [16:17:48] [Render thread/INFO]: [System] [CHAT] -2950, -19, 2982에 있는 블록을 바꿨습니다
[J] [16:17:48] [Render thread/INFO]: [System] [CHAT] -2950, -53, 2983에 있는 블록을 바꿨습니다
[J] [16:17:48] [Render thread/INFO]: [System] [CHAT] 성공적으로 블록 2개를 채웠습니다 [3]
[J] [16:17:48] [Render thread/INFO]: [System] [CHAT] -2950, -50, 2983에 있는 블록을 바꿨습니다
[J] [16:17:48] [Render thread/INFO]: [System] [CHAT] -2950, -39, 2983에 있는 블록을 바꿨습니다
[J] [16:17:48] [Render thread/INFO]: [System] [CHAT] 성공적으로 블록 10개를 채웠습니다
[J] [16:17:48] [Render thread/INFO]: [System] [CHAT] -2950, -28, 2983에 있는 블록을 바꿨습니다
[J] [16:17:48] [Render thread/INFO]: [System] [CHAT] 성공적으로 블록 2개를 채웠습니다 [4]
[J] [16:17:48] [Render thread/INFO]: [System] [CHAT] -2950, -52, 2984에 있는 블록을 바꿨습니다
[J] [16:17:48] [Render thread/INFO]: [System] [CHAT] -2950, -49, 2984에 있는 블록을 바꿨습니다
[J] [16:17:48] [Render thread/INFO]: [System] [CHAT] 성공적으로 블록 6개를 채웠습니다
[J] [16:17:48] [Render thread/INFO]: [System] [CHAT] -2950, -42, 2984에 있는 블록을 바꿨습니다
[J] [16:17:48] [Render thread/INFO]: [System] [CHAT] -2950, -41, 2984에 있는 블록을 바꿨습니다
[J] [16:17:48] [Render thread/INFO]: [System] [CHAT] -2950, -26, 2984에 있는 블록을 바꿨습니다
[J] [16:17:48] [Render thread/INFO]: [System] [CHAT] -2950, -24, 2984에 있는 블록을 바꿨습니다
[J] [16:17:48] [Render thread/INFO]: [System] [CHAT] 성공적으로 블록 6개를 채웠습니다 [2]
[J] [16:17:48] [Render thread/INFO]: [System] [CHAT] 성공적으로 블록 6개를 채웠습니다 [3]
[J] [16:17:48] [Render thread/INFO]: [System] [CHAT] 성공적으로 블록 2개를 채웠습니다
[J] [16:17:48] [Render thread/INFO]: [System] [CHAT] 성공적으로 블록 3개를 채웠습니다
[J] [16:17:48] [Render thread/INFO]: [System] [CHAT] 성공적으로 블록 6개를 채웠습니다 [4]
[J] [16:17:48] [Render thread/INFO]: [System] [CHAT] 성공적으로 블록 6개를 채웠습니다 [5]
[J] [16:17:48] [Render thread/INFO]: [System] [CHAT] -2950, -53, 2986에 있는 블록을 바꿨습니다
[J] [16:17:48] [Render thread/INFO]: [System] [CHAT] -2950, -52, 2986에 있는 블록을 바꿨습니다
[J] [16:17:48] [Render thread/INFO]: [System] [CHAT] 성공적으로 블록 3개를 채웠습니다 [2]
[J] [16:17:48] [Render thread/INFO]: [System] [CHAT] -2950, -21, 2987에 있는 블록을 바꿨습니다
[J] [16:17:48] [Render thread/INFO]: [System] [CHAT] 성공적으로 블록 2개를 채웠습니다
[J] [16:17:48] [Render thread/INFO]: [System] [CHAT] 성공적으로 블록 2개를 채웠습니다 [2]
[J] [16:17:48] [Render thread/INFO]: [System] [CHAT] -2950, -53, 2989에 있는 블록을 바꿨습니다
[J] [16:17:48] [Render thread/INFO]: [System] [CHAT] 성공적으로 블록 4개를 채웠습니다
[J] [16:17:48] [Render thread/INFO]: [System] [CHAT] -2950, -53, 2991에 있는 블록을 바꿨습니다
[J] [16:17:48] [Render thread/INFO]: [System] [CHAT] -2950, -6, 2991에 있는 블록을 바꿨습니다
[J] [16:17:48] [Render thread/INFO]: [System] [CHAT] -2949, -53, 2981에 있는 블록을 바꿨습니다
[J] [16:17:48] [Render thread/INFO]: [System] [CHAT] -2949, -52, 2981에 있는 블록을 바꿨습니다
[J] [16:17:48] [Render thread/INFO]: [System] [CHAT] -2949, -53, 2982에 있는 블록을 바꿨습니다
[J] [16:17:48] [Render thread/INFO]: [System] [CHAT] 성공적으로 블록 3개를 채웠습니다
[J] [16:17:48] [Render thread/INFO]: [System] [CHAT] -2949, -16, 2982에 있는 블록을 바꿨습니다
[J] [16:17:48] [Render thread/INFO]: [System] [CHAT] -2949, -53, 2983에 있는 블록을 바꿨습니다
[J] [16:17:48] [Render thread/INFO]: [System] [CHAT] 성공적으로 블록 2개를 채웠습니다
[J] [16:17:48] [Render thread/INFO]: [System] [CHAT] -2949, -50, 2983에 있는 블록을 바꿨습니다
[J] [16:17:48] [Render thread/INFO]: [System] [CHAT] -2949, -49, 2983에 있는 블록을 바꿨습니다
[J] [16:17:48] [Render thread/INFO]: [System] [CHAT] -2949, -41, 2983에 있는 블록을 바꿨습니다
[J] [16:17:48] [Render thread/INFO]: [System] [CHAT] 성공적으로 블록 12개를 채웠습니다
[J] [16:17:48] [Render thread/INFO]: [System] [CHAT] -2949, -20, 2983에 있는 블록을 바꿨습니다
[J] [16:17:48] [Render thread/INFO]: [System] [CHAT] 성공적으로 블록 10개를 채웠습니다
[J] [16:17:48] [Render thread/INFO]: [System] [CHAT] 성공적으로 블록 6개를 채웠습니다
[J] [16:17:48] [Render thread/INFO]: [System] [CHAT] 성공적으로 블록 5개를 채웠습니다
[J] [16:17:48] [Render thread/INFO]: [System] [CHAT] 성공적으로 블록 9개를 채웠습니다
[J] [16:17:48] [Render thread/INFO]: [System] [CHAT] -2949, -21, 2984에 있는 블록을 바꿨습니다
[J] [16:17:48] [Render thread/INFO]: [System] [CHAT] -2949, -20, 2984에 있는 블록을 바꿨습니다
[J] [16:17:48] [Render thread/INFO]: [System] [CHAT] -2949, -52, 2985에 있는 블록을 바꿨습니다
[J] [16:17:48] [Render thread/INFO]: [System] [CHAT] 성공적으로 블록 2개를 채웠습니다
[J] [16:17:48] [Render thread/INFO]: [System] [CHAT] -2949, -24, 2985에 있는 블록을 바꿨습니다
[J] [16:17:48] [Render thread/INFO]: [System] [CHAT] 성공적으로 블록 2개를 채웠습니다 [2]
[J] [16:17:48] [Render thread/INFO]: [System] [CHAT] -2949, -53, 2986에 있는 블록을 바꿨습니다
[J] [16:17:48] [Render thread/INFO]: [System] [CHAT] -2949, -52, 2986에 있는 블록을 바꿨습니다
[J] [16:17:48] [Render thread/INFO]: [System] [CHAT] 성공적으로 블록 3개를 채웠습니다
[J] [16:17:48] [Render thread/INFO]: [System] [CHAT] -2949, -53, 2989에 있는 블록을 바꿨습니다
[J] [16:17:48] [Render thread/INFO]: [System] [CHAT] -2949, -53, 2990에 있는 블록을 바꿨습니다
[J] [16:17:48] [Render thread/INFO]: [System] [CHAT] -2949, -53, 2991에 있는 블록을 바꿨습니다
[J] [16:17:48] [Render thread/INFO]: [System] [CHAT] -2949, -6, 2991에 있는 블록을 바꿨습니다
[J] [16:17:48] [Render thread/INFO]: [System] [CHAT] 성공적으로 블록 2개를 채웠습니다
[J] [16:17:48] [Render thread/INFO]: [System] [CHAT] -2948, -52, 2981에 있는 블록을 바꿨습니다
[J] [16:17:48] [Render thread/INFO]: [System] [CHAT] -2948, -53, 2982에 있는 블록을 바꿨습니다
[J] [16:17:48] [Render thread/INFO]: [System] [CHAT] -2948, -52, 2982에 있는 블록을 바꿨습니다
[J] [16:17:48] [Render thread/INFO]: [System] [CHAT] -2948, -20, 2982에 있는 블록을 바꿨습니다
[J] [16:17:48] [Render thread/INFO]: [System] [CHAT] -2948, -19, 2982에 있는 블록을 바꿨습니다
[J] [16:17:48] [Render thread/INFO]: [System] [CHAT] 성공적으로 블록 2개를 채웠습니다
[J] [16:17:48] [Render thread/INFO]: [System] [CHAT] -2948, -15, 2982에 있는 블록을 바꿨습니다
[J] [16:17:48] [Render thread/INFO]: [System] [CHAT] 성공적으로 블록 2개를 채웠습니다 [2]
[J] [16:17:48] [Render thread/INFO]: [System] [CHAT] -2948, -52, 2983에 있는 블록을 바꿨습니다
[J] [16:17:48] [Render thread/INFO]: [System] [CHAT] -2948, -51, 2983에 있는 블록을 바꿨습니다
[J] [16:17:48] [Render thread/INFO]: [System] [CHAT] -2948, -50, 2983에 있는 블록을 바꿨습니다
[J] [16:17:48] [Render thread/INFO]: [System] [CHAT] -2948, -39, 2983에 있는 블록을 바꿨습니다
[J] [16:17:48] [Render thread/INFO]: [System] [CHAT] 성공적으로 블록 10개를 채웠습니다
[J] [16:17:48] [Render thread/INFO]: [System] [CHAT] -2948, -28, 2983에 있는 블록을 바꿨습니다
[J] [16:17:48] [Render thread/INFO]: [System] [CHAT] 성공적으로 블록 2개를 채웠습니다
[J] [16:17:48] [Render thread/INFO]: [System] [CHAT] -2948, -49, 2984에 있는 블록을 바꿨습니다
[J] [16:17:48] [Render thread/INFO]: [System] [CHAT] 성공적으로 블록 6개를 채웠습니다
[J] [16:17:48] [Render thread/INFO]: [System] [CHAT] -2948, -42, 2984에 있는 블록을 바꿨습니다
[J] [16:17:48] [Render thread/INFO]: [System] [CHAT] -2948, -41, 2984에 있는 블록을 바꿨습니다
[J] [16:17:48] [Render thread/INFO]: [System] [CHAT] -2948, -26, 2984에 있는 블록을 바꿨습니다
[J] [16:17:48] [Render thread/INFO]: [System] [CHAT] -2948, -24, 2984에 있는 블록을 바꿨습니다
[J] [16:17:48] [Render thread/INFO]: [System] [CHAT] 성공적으로 블록 2개를 채웠습니다
[J] [16:17:48] [Render thread/INFO]: [System] [CHAT] 성공적으로 블록 3개를 채웠습니다
[J] [16:17:48] [Render thread/INFO]: [System] [CHAT] -2948, -52, 2985에 있는 블록을 바꿨습니다
[J] [16:17:48] [Render thread/INFO]: [System] [CHAT] 성공적으로 블록 3개를 채웠습니다 [2]
[J] [16:17:48] [Render thread/INFO]: [System] [CHAT] 성공적으로 블록 2개를 채웠습니다 [2]
[J] [16:17:48] [Render thread/INFO]: [System] [CHAT] -2948, -52, 2986에 있는 블록을 바꿨습니다
[J] [16:17:48] [Render thread/INFO]: [System] [CHAT] -2948, -52, 2987에 있는 블록을 바꿨습니다
[J] [16:17:48] [Render thread/INFO]: [System] [CHAT] -2948, -21, 2987에 있는 블록을 바꿨습니다
[J] [16:17:48] [Render thread/INFO]: [System] [CHAT] 성공적으로 블록 2개를 채웠습니다 [3]
[J] [16:17:48] [Render thread/INFO]: [System] [CHAT] -2948, -53, 2989에 있는 블록을 바꿨습니다
[J] [16:17:48] [Render thread/INFO]: [System] [CHAT] -2948, -52, 2989에 있는 블록을 바꿨습니다
[J] [16:17:48] [Render thread/INFO]: [System] [CHAT] 성공적으로 블록 2개를 채웠습니다 [4]
[J] [16:17:48] [Render thread/INFO]: [System] [CHAT] -2948, -52, 2990에 있는 블록을 바꿨습니다
[J] [16:17:48] [Render thread/INFO]: [System] [CHAT] 성공적으로 블록 3개를 채웠습니다
[J] [16:17:48] [Render thread/INFO]: [System] [CHAT] -2948, -52, 2991에 있는 블록을 바꿨습니다
[J] [16:17:48] [Render thread/INFO]: [System] [CHAT] -2948, -6, 2991에 있는 블록을 바꿨습니다
[J] [16:17:48] [Render thread/INFO]: [System] [CHAT] -2947, -52, 2981에 있는 블록을 바꿨습니다
[J] [16:17:48] [Render thread/INFO]: [System] [CHAT] -2947, -53, 2982에 있는 블록을 바꿨습니다
[J] [16:17:48] [Render thread/INFO]: [System] [CHAT] -2947, -52, 2982에 있는 블록을 바꿨습니다
[J] [16:17:48] [Render thread/INFO]: [System] [CHAT] 성공적으로 블록 2개를 채웠습니다
[J] [16:17:48] [Render thread/INFO]: [System] [CHAT] 성공적으로 블록 3개를 채웠습니다
[J] [16:17:48] [Render thread/INFO]: [System] [CHAT] 성공적으로 블록 2개를 채웠습니다 [2]
[J] [16:17:48] [Render thread/INFO]: [System] [CHAT] -2947, -14, 2982에 있는 블록을 바꿨습니다
[J] [16:17:48] [Render thread/INFO]: [System] [CHAT] -2947, -53, 2983에 있는 블록을 바꿨습니다
[J] [16:17:48] [Render thread/INFO]: [System] [CHAT] 성공적으로 블록 2개를 채웠습니다 [3]
[J] [16:17:48] [Render thread/INFO]: [System] [CHAT] -2947, -50, 2983에 있는 블록을 바꿨습니다
[J] [16:17:48] [Render thread/INFO]: [System] [CHAT] -2947, -49, 2983에 있는 블록을 바꿨습니다
[J] [16:17:48] [Render thread/INFO]: [System] [CHAT] -2947, -41, 2983에 있는 블록을 바꿨습니다
[J] [16:17:48] [Render thread/INFO]: [System] [CHAT] 성공적으로 블록 12개를 채웠습니다
[J] [16:17:48] [Render thread/INFO]: [System] [CHAT] -2947, -20, 2983에 있는 블록을 바꿨습니다
[J] [16:17:48] [Render thread/INFO]: [System] [CHAT] 성공적으로 블록 10개를 채웠습니다
[J] [16:17:48] [Render thread/INFO]: [System] [CHAT] 성공적으로 블록 6개를 채웠습니다
[J] [16:17:48] [Render thread/INFO]: [System] [CHAT] -2947, -14, 2983에 있는 블록을 바꿨습니다
[J] [16:17:48] [Render thread/INFO]: [System] [CHAT] -2947, -53, 2984에 있는 블록을 바꿨습니다
[J] [16:17:48] [Render thread/INFO]: [System] [CHAT] 성공적으로 블록 9개를 채웠습니다
[J] [16:17:48] [Render thread/INFO]: [System] [CHAT] -2947, -21, 2984에 있는 블록을 바꿨습니다
[J] [16:17:48] [Render thread/INFO]: [System] [CHAT] -2947, -20, 2984에 있는 블록을 바꿨습니다
[J] [16:17:48] [Render thread/INFO]: [System] [CHAT] -2947, -53, 2985에 있는 블록을 바꿨습니다
[J] [16:17:48] [Render thread/INFO]: [System] [CHAT] -2947, -52, 2985에 있는 블록을 바꿨습니다
[J] [16:17:48] [Render thread/INFO]: [System] [CHAT] 성공적으로 블록 2개를 채웠습니다
[J] [16:17:48] [Render thread/INFO]: [System] [CHAT] -2947, -24, 2985에 있는 블록을 바꿨습니다
[J] [16:17:48] [Render thread/INFO]: [System] [CHAT] 성공적으로 블록 2개를 채웠습니다 [2]
[J] [16:17:48] [Render thread/INFO]: [System] [CHAT] -2947, -52, 2986에 있는 블록을 바꿨습니다
[J] [16:17:48] [Render thread/INFO]: [System] [CHAT] 성공적으로 블록 9개를 채웠습니다
[J] [16:17:48] [Render thread/INFO]: [System] [CHAT] -2947, -53, 2987에 있는 블록을 바꿨습니다
[J] [16:17:48] [Render thread/INFO]: [System] [CHAT] -2947, -52, 2987에 있는 블록을 바꿨습니다
[J] [16:17:48] [Render thread/INFO]: [System] [CHAT] 성공적으로 블록 4개를 채웠습니다
[J] [16:17:48] [Render thread/INFO]: [System] [CHAT] -2947, -52, 2988에 있는 블록을 바꿨습니다
[J] [16:17:48] [Render thread/INFO]: [System] [CHAT] 성공적으로 블록 2개를 채웠습니다
[J] [16:17:48] [Render thread/INFO]: [System] [CHAT] -2947, -52, 2991에 있는 블록을 바꿨습니다
[J] [16:17:48] [Render thread/INFO]: [System] [CHAT] -2947, -6, 2991에 있는 블록을 바꿨습니다
[J] [16:17:48] [Render thread/INFO]: [System] [CHAT] -2946, -53, 2981에 있는 블록을 바꿨습니다
[J] [16:17:49] [Render thread/INFO]: [System] [CHAT] -2946, -52, 2981에 있는 블록을 바꿨습니다
[J] [16:17:49] [Render thread/INFO]: [System] [CHAT] 성공적으로 블록 7개를 채웠습니다
[J] [16:17:49] [Render thread/INFO]: [System] [CHAT] 성공적으로 블록 2개를 채웠습니다
[J] [16:17:49] [Render thread/INFO]: [System] [CHAT] -2946, -16, 2981에 있는 블록을 바꿨습니다
[J] [16:17:49] [Render thread/INFO]: [System] [CHAT] -2946, -15, 2981에 있는 블록을 바꿨습니다
[J] [16:17:49] [Render thread/INFO]: [System] [CHAT] -2946, -14, 2981에 있는 블록을 바꿨습니다
[J] [16:17:49] [Render thread/INFO]: [System] [CHAT] -2946, -13, 2981에 있는 블록을 바꿨습니다
[J] [16:17:49] [Render thread/INFO]: [System] [CHAT] 성공적으로 블록 2개를 채웠습니다 [2]
[J] [16:17:49] [Render thread/INFO]: [System] [CHAT] -2946, -52, 2982에 있는 블록을 바꿨습니다
[J] [16:17:49] [Render thread/INFO]: [System] [CHAT] 성공적으로 블록 2개를 채웠습니다 [3]
[J] [16:17:49] [Render thread/INFO]: [System] [CHAT] 성공적으로 블록 8개를 채웠습니다
[J] [16:17:49] [Render thread/INFO]: [System] [CHAT] -2946, -13, 2982에 있는 블록을 바꿨습니다
[J] [16:17:49] [Render thread/INFO]: [System] [CHAT] -2946, -53, 2983에 있는 블록을 바꿨습니다
[J] [16:17:49] [Render thread/INFO]: [System] [CHAT] -2946, -52, 2983에 있는 블록을 바꿨습니다
[J] [16:17:49] [Render thread/INFO]: [System] [CHAT] 성공적으로 블록 2개를 채웠습니다 [4]
[J] [16:17:49] [Render thread/INFO]: [System] [CHAT] -2946, -50, 2983에 있는 블록을 바꿨습니다
[J] [16:17:49] [Render thread/INFO]: [System] [CHAT] -2946, -39, 2983에 있는 블록을 바꿨습니다
[J] [16:17:49] [Render thread/INFO]: [System] [CHAT] 성공적으로 블록 10개를 채웠습니다
[J] [16:17:49] [Render thread/INFO]: [System] [CHAT] -2946, -28, 2983에 있는 블록을 바꿨습니다
[J] [16:17:49] [Render thread/INFO]: [System] [CHAT] 성공적으로 블록 12개를 채웠습니다
[J] [16:17:49] [Render thread/INFO]: [System] [CHAT] -2946, -13, 2983에 있는 블록을 바꿨습니다
[J] [16:17:49] [Render thread/INFO]: [System] [CHAT] -2946, -53, 2984에 있는 블록을 바꿨습니다
[J] [16:17:49] [Render thread/INFO]: [System] [CHAT] -2946, -51, 2984에 있는 블록을 바꿨습니다
[J] [16:17:49] [Render thread/INFO]: [System] [CHAT] -2946, -49, 2984에 있는 블록을 바꿨습니다
[J] [16:17:49] [Render thread/INFO]: [System] [CHAT] 성공적으로 블록 6개를 채웠습니다
[J] [16:17:49] [Render thread/INFO]: [System] [CHAT] -2946, -42, 2984에 있는 블록을 바꿨습니다
[J] [16:17:49] [Render thread/INFO]: [System] [CHAT] -2946, -41, 2984에 있는 블록을 바꿨습니다
[J] [16:17:49] [Render thread/INFO]: [System] [CHAT] -2946, -20, 2984에 있는 블록을 바꿨습니다
[J] [16:17:49] [Render thread/INFO]: [System] [CHAT] -2946, -13, 2984에 있는 블록을 바꿨습니다
[J] [16:17:49] [Render thread/INFO]: [System] [CHAT] 성공적으로 블록 2개를 채웠습니다
[J] [16:17:49] [Render thread/INFO]: [System] [CHAT] -2946, -24, 2985에 있는 블록을 바꿨습니다
[J] [16:17:49] [Render thread/INFO]: [System] [CHAT] -2946, -21, 2985에 있는 블록을 바꿨습니다
[J] [16:17:49] [Render thread/INFO]: [System] [CHAT] 성공적으로 블록 2개를 채웠습니다 [2]
[J] [16:17:49] [Render thread/INFO]: [System] [CHAT] -2946, -13, 2985에 있는 블록을 바꿨습니다
[J] [16:17:49] [Render thread/INFO]: [System] [CHAT] 성공적으로 블록 2개를 채웠습니다 [3]
[J] [16:17:49] [Render thread/INFO]: [System] [CHAT] -2946, -52, 2986에 있는 블록을 바꿨습니다
[J] [16:17:49] [Render thread/INFO]: [System] [CHAT] -2946, -13, 2986에 있는 블록을 바꿨습니다
[J] [16:17:49] [Render thread/INFO]: [System] [CHAT] -2946, -52, 2987에 있는 블록을 바꿨습니다
[J] [16:17:49] [Render thread/INFO]: [System] [CHAT] -2946, -13, 2987에 있는 블록을 바꿨습니다
[J] [16:17:49] [Render thread/INFO]: [System] [CHAT] -2946, -52, 2988에 있는 블록을 바꿨습니다
[J] [16:17:49] [Render thread/INFO]: [System] [CHAT] -2946, -13, 2988에 있는 블록을 바꿨습니다
[J] [16:17:49] [Render thread/INFO]: [System] [CHAT] -2946, -52, 2989에 있는 블록을 바꿨습니다
[J] [16:17:49] [Render thread/INFO]: [System] [CHAT] -2946, -13, 2989에 있는 블록을 바꿨습니다
[J] [16:17:49] [Render thread/INFO]: [System] [CHAT] -2946, -53, 2990에 있는 블록을 바꿨습니다
[J] [16:17:49] [Render thread/INFO]: [System] [CHAT] -2946, -52, 2990에 있는 블록을 바꿨습니다
[J] [16:17:49] [Render thread/INFO]: [System] [CHAT] -2946, -52, 2991에 있는 블록을 바꿨습니다
[J] [16:17:49] [Render thread/INFO]: [System] [CHAT] -2946, -6, 2991에 있는 블록을 바꿨습니다
[J] [16:17:49] [Render thread/INFO]: [System] [CHAT] -2945, -53, 2981에 있는 블록을 바꿨습니다
[J] [16:17:49] [Render thread/INFO]: [System] [CHAT] -2945, -52, 2981에 있는 블록을 바꿨습니다
[J] [16:17:49] [Render thread/INFO]: [System] [CHAT] 성공적으로 블록 2개를 채웠습니다
[J] [16:17:49] [Render thread/INFO]: [System] [CHAT] 성공적으로 블록 3개를 채웠습니다
[J] [16:17:49] [Render thread/INFO]: [System] [CHAT] 성공적으로 블록 2개를 채웠습니다 [2]
[J] [16:17:49] [Render thread/INFO]: [System] [CHAT] -2945, -14, 2982에 있는 블록을 바꿨습니다
[J] [16:17:49] [Render thread/INFO]: [System] [CHAT] 성공적으로 블록 2개를 채웠습니다 [3]
[J] [16:17:49] [Render thread/INFO]: [System] [CHAT] -2945, -52, 2983에 있는 블록을 바꿨습니다
[J] [16:17:49] [Render thread/INFO]: [System] [CHAT] -2945, -50, 2983에 있는 블록을 바꿨습니다
[J] [16:17:49] [Render thread/INFO]: [System] [CHAT] -2945, -49, 2983에 있는 블록을 바꿨습니다
[J] [16:17:49] [Render thread/INFO]: [System] [CHAT] -2945, -41, 2983에 있는 블록을 바꿨습니다
[J] [16:17:49] [Render thread/INFO]: [System] [CHAT] 성공적으로 블록 12개를 채웠습니다
[J] [16:17:49] [Render thread/INFO]: [System] [CHAT] -2945, -20, 2983에 있는 블록을 바꿨습니다
[J] [16:17:49] [Render thread/INFO]: [System] [CHAT] 성공적으로 블록 10개를 채웠습니다
[J] [16:17:49] [Render thread/INFO]: [System] [CHAT] 성공적으로 블록 6개를 채웠습니다
[J] [16:17:49] [Render thread/INFO]: [System] [CHAT] -2945, -14, 2983에 있는 블록을 바꿨습니다
[J] [16:17:49] [Render thread/INFO]: [System] [CHAT] -2945, -51, 2984에 있는 블록을 바꿨습니다
[J] [16:17:49] [Render thread/INFO]: [System] [CHAT] 성공적으로 블록 9개를 채웠습니다
[J] [16:17:49] [Render thread/INFO]: [System] [CHAT] -2945, -21, 2984에 있는 블록을 바꿨습니다
[J] [16:17:49] [Render thread/INFO]: [System] [CHAT] -2945, -20, 2984에 있는 블록을 바꿨습니다
[J] [16:17:49] [Render thread/INFO]: [System] [CHAT] 성공적으로 블록 2개를 채웠습니다
[J] [16:17:49] [Render thread/INFO]: [System] [CHAT] 성공적으로 블록 2개를 채웠습니다 [2]
[J] [16:17:49] [Render thread/INFO]: [System] [CHAT] -2945, -24, 2985에 있는 블록을 바꿨습니다
[J] [16:17:49] [Render thread/INFO]: [System] [CHAT] 성공적으로 블록 2개를 채웠습니다 [3]
[J] [16:17:49] [Render thread/INFO]: [System] [CHAT] 성공적으로 블록 2개를 채웠습니다 [4]
[J] [16:17:49] [Render thread/INFO]: [System] [CHAT] -2945, -53, 2987에 있는 블록을 바꿨습니다
[J] [16:17:49] [Render thread/INFO]: [System] [CHAT] -2945, -52, 2987에 있는 블록을 바꿨습니다
[J] [16:17:49] [Render thread/INFO]: [System] [CHAT] 성공적으로 블록 3개를 채웠습니다
[J] [16:17:49] [Render thread/INFO]: [System] [CHAT] -2945, -52, 2988에 있는 블록을 바꿨습니다
[J] [16:17:49] [Render thread/INFO]: [System] [CHAT] 성공적으로 블록 2개를 채웠습니다 [5]
[J] [16:17:49] [Render thread/INFO]: [System] [CHAT] 성공적으로 블록 2개를 채웠습니다 [6]
[J] [16:17:49] [Render thread/INFO]: [System] [CHAT] -2945, -6, 2991에 있는 블록을 바꿨습니다
[J] [16:17:49] [Render thread/INFO]: [System] [CHAT] 성공적으로 블록 143개를 채웠습니다
[J] [16:17:49] [Render thread/INFO]: [System] [CHAT] -2965, -22, 2981에 있는 블록을 바꿨습니다
[J] [16:17:49] [Render thread/INFO]: [System] [CHAT] -2965, -10, 2981에 있는 블록을 바꿨습니다
[J] [16:17:49] [Render thread/INFO]: [System] [CHAT] -2965, -41, 2982에 있는 블록을 바꿨습니다
[J] [16:17:49] [Render thread/INFO]: [System] [CHAT] -2965, -38, 2983에 있는 블록을 바꿨습니다
[J] [16:17:49] [Render thread/INFO]: [System] [CHAT] -2965, -27, 2984에 있는 블록을 바꿨습니다
[J] [16:17:49] [Render thread/INFO]: [System] [CHAT] -2965, -8, 2991에 있는 블록을 바꿨습니다
[J] [16:17:49] [Render thread/INFO]: [System] [CHAT] -2965, -7, 2991에 있는 블록을 바꿨습니다
[J] [16:17:49] [Render thread/INFO]: [System] [CHAT] -2965, -6, 2991에 있는 블록을 바꿨습니다
[J] [16:17:49] [Render thread/INFO]: [System] [CHAT] -2964, -28, 2983에 있는 블록을 바꿨습니다
[J] [16:17:49] [Render thread/INFO]: [System] [CHAT] 성공적으로 블록 2개를 채웠습니다
[J] [16:17:49] [Render thread/INFO]: [System] [CHAT] 성공적으로 블록 4개를 채웠습니다
[J] [16:17:49] [Render thread/INFO]: [System] [CHAT] 성공적으로 블록 2개를 채웠습니다 [2]
[J] [16:17:49] [Render thread/INFO]: [System] [CHAT] -2964, -12, 2991에 있는 블록을 바꿨습니다
[J] [16:17:49] [Render thread/INFO]: [System] [CHAT] -2964, -11, 2991에 있는 블록을 바꿨습니다
[J] [16:17:49] [Render thread/INFO]: [System] [CHAT] -2964, -10, 2991에 있는 블록을 바꿨습니다
[J] [16:17:49] [Render thread/INFO]: [System] [CHAT] 성공적으로 블록 2개를 채웠습니다 [3]
[J] [16:17:49] [Render thread/INFO]: [System] [CHAT] -2964, -6, 2991에 있는 블록을 바꿨습니다
[J] [16:17:49] [Render thread/INFO]: [System] [CHAT] -2963, -8, 2989에 있는 블록을 바꿨습니다
[J] [16:17:49] [Render thread/INFO]: [System] [CHAT] -2963, -7, 2989에 있는 블록을 바꿨습니다
[J] [16:17:49] [Render thread/INFO]: [System] [CHAT] -2963, -6, 2989에 있는 블록을 바꿨습니다
[J] [16:17:49] [Render thread/INFO]: [System] [CHAT] -2963, -15, 2990에 있는 블록을 바꿨습니다
[J] [16:17:49] [Render thread/INFO]: [System] [CHAT] 성공적으로 블록 5개를 채웠습니다
[J] [16:17:49] [Render thread/INFO]: [System] [CHAT] 성공적으로 블록 2개를 채웠습니다
[J] [16:17:49] [Render thread/INFO]: [System] [CHAT] 성공적으로 블록 2개를 채웠습니다 [2]
[J] [16:17:49] [Render thread/INFO]: [System] [CHAT] -2963, -6, 2990에 있는 블록을 바꿨습니다
[J] [16:17:49] [Render thread/INFO]: [System] [CHAT] -2963, -11, 2991에 있는 블록을 바꿨습니다
[J] [16:17:49] [Render thread/INFO]: [System] [CHAT] -2963, -10, 2991에 있는 블록을 바꿨습니다
[J] [16:17:49] [Render thread/INFO]: [System] [CHAT] 성공적으로 블록 2개를 채웠습니다 [3]
[J] [16:17:49] [Render thread/INFO]: [System] [CHAT] -2963, -6, 2991에 있는 블록을 바꿨습니다
[J] [16:17:49] [Render thread/INFO]: [System] [CHAT] -2962, -21, 2987에 있는 블록을 바꿨습니다
[J] [16:17:49] [Render thread/INFO]: [System] [CHAT] -2962, -19, 2988에 있는 블록을 바꿨습니다
[J] [16:17:49] [Render thread/INFO]: [System] [CHAT] -2962, -18, 2988에 있는 블록을 바꿨습니다
[J] [16:17:49] [Render thread/INFO]: [System] [CHAT] -2962, -17, 2988에 있는 블록을 바꿨습니다
[J] [16:17:49] [Render thread/INFO]: [System] [CHAT] -2962, -18, 2989에 있는 블록을 바꿨습니다
[J] [16:17:49] [Render thread/INFO]: [System] [CHAT] 성공적으로 블록 3개를 채웠습니다
[J] [16:17:49] [Render thread/INFO]: [System] [CHAT] -2962, -14, 2989에 있는 블록을 바꿨습니다
[J] [16:17:49] [Render thread/INFO]: [System] [CHAT] -2962, -15, 2990에 있는 블록을 바꿨습니다
[J] [16:17:49] [Render thread/INFO]: [System] [CHAT] 성공적으로 블록 4개를 채웠습니다
[J] [16:17:49] [Render thread/INFO]: [System] [CHAT] 성공적으로 블록 2개를 채웠습니다
[J] [16:17:49] [Render thread/INFO]: [System] [CHAT] -2962, -12, 2991에 있는 블록을 바꿨습니다
[J] [16:17:49] [Render thread/INFO]: [System] [CHAT] -2962, -11, 2991에 있는 블록을 바꿨습니다
[J] [16:17:49] [Render thread/INFO]: [System] [CHAT] -2962, -10, 2991에 있는 블록을 바꿨습니다
[J] [16:17:49] [Render thread/INFO]: [System] [CHAT] 성공적으로 블록 2개를 채웠습니다 [2]
[J] [16:17:49] [Render thread/INFO]: [System] [CHAT] -2962, -6, 2991에 있는 블록을 바꿨습니다
[J] [16:17:49] [Render thread/INFO]: [System] [CHAT] 성공적으로 블록 3개를 채웠습니다
[J] [16:17:49] [Render thread/INFO]: [System] [CHAT] -2961, -25, 2984에 있는 블록을 바꿨습니다
[J] [16:17:49] [Render thread/INFO]: [System] [CHAT] -2961, -24, 2984에 있는 블록을 바꿨습니다
[J] [16:17:49] [Render thread/INFO]: [System] [CHAT] -2961, -23, 2984에 있는 블록을 바꿨습니다
[J] [16:17:49] [Render thread/INFO]: [System] [CHAT] -2961, -22, 2984에 있는 블록을 바꿨습니다
[J] [16:17:49] [Render thread/INFO]: [System] [CHAT] 성공적으로 블록 3개를 채웠습니다 [2]
[J] [16:17:49] [Render thread/INFO]: [System] [CHAT] -2961, -25, 2985에 있는 블록을 바꿨습니다
[J] [16:17:49] [Render thread/INFO]: [System] [CHAT] -2961, -24, 2985에 있는 블록을 바꿨습니다
[J] [16:17:49] [Render thread/INFO]: [System] [CHAT] -2961, -22, 2985에 있는 블록을 바꿨습니다
[J] [16:17:49] [Render thread/INFO]: [System] [CHAT] -2961, -21, 2985에 있는 블록을 바꿨습니다
[J] [16:17:49] [Render thread/INFO]: [System] [CHAT] -2961, -22, 2986에 있는 블록을 바꿨습니다
[J] [16:17:49] [Render thread/INFO]: [System] [CHAT] 성공적으로 블록 2개를 채웠습니다
[J] [16:17:49] [Render thread/INFO]: [System] [CHAT] -2961, -20, 2986에 있는 블록을 바꿨습니다
[J] [16:17:49] [Render thread/INFO]: [System] [CHAT] -2961, -23, 2987에 있는 블록을 바꿨습니다
[J] [16:17:49] [Render thread/INFO]: [System] [CHAT] -2961, -22, 2987에 있는 블록을 바꿨습니다
[J] [16:17:49] [Render thread/INFO]: [System] [CHAT] -2961, -20, 2987에 있는 블록을 바꿨습니다
[J] [16:17:49] [Render thread/INFO]: [System] [CHAT] -2961, -19, 2987에 있는 블록을 바꿨습니다
[J] [16:17:49] [Render thread/INFO]: [System] [CHAT] -2961, -20, 2988에 있는 블록을 바꿨습니다
[J] [16:17:49] [Render thread/INFO]: [System] [CHAT] 성공적으로 블록 2개를 채웠습니다
[J] [16:17:49] [Render thread/INFO]: [System] [CHAT] 성공적으로 블록 3개를 채웠습니다
[J] [16:17:49] [Render thread/INFO]: [System] [CHAT] 성공적으로 블록 4개를 채웠습니다
[J] [16:17:49] [Render thread/INFO]: [System] [CHAT] -2961, -19, 2991에 있는 블록을 바꿨습니다
[J] [16:17:49] [Render thread/INFO]: [System] [CHAT] 성공적으로 블록 3개를 채웠습니다 [2]
[J] [16:17:49] [Render thread/INFO]: [System] [CHAT] -2961, -7, 2991에 있는 블록을 바꿨습니다
[J] [16:17:49] [Render thread/INFO]: [System] [CHAT] -2961, -6, 2991에 있는 블록을 바꿨습니다
[J] [16:19:18] [Render thread/INFO]: [System] [CHAT] heejae0719이(가) 게임에 참여했습니다
[J] [16:19:52] [Render thread/INFO]: [System] [CHAT] [heejae0719: heejae0719을(를) 30.510000, -60.000000, 176.050000(으)로 순간이동시켰습니다]
[J] [16:20:04] [Render thread/INFO]: [System] [CHAT] [heejae0719: heejae0719을(를) heejae0719에게로 순간이동시켰습니다]
[J] [16:20:10] [Render thread/INFO]: [System] [CHAT] [heejae0719: heejae0719을(를) Mozzi_Uma에게로 순간이동시켰습니다]
[J] [16:24:37] [Render thread/INFO]: [System] [CHAT] Angry_Hong의 게임 모드를 관전 모드로 설정했습니다
[J] [16:24:52] [Render thread/INFO]: [System] [CHAT] Angry_Hong의 게임 모드를 크리에이티브 모드로 설정했습니다
[J] [16:25:20] [Render thread/INFO]: Loaded 132 advancements
[J] [16:25:26] [Render thread/INFO]: Loaded 146 advancements
[J] [16:26:38] [Render thread/INFO]: [System] [CHAT] [heejae0719: heejae0719을(를) Mozzi_Uma에게로 순간이동시켰습니다] [2]
[J] [16:30:51] [Render thread/INFO]: [System] [CHAT] 알 수 없거나 불완전한 명령어입니다. 아래의 오류를 확인하세요
[J] [16:30:51] [Render thread/INFO]: [System] [CHAT] 가방<--[여기]
[J] [16:31:13] [Render thread/INFO]: [System] [CHAT] [heejae0719: heejae0719을(를) Mozzi_Uma에게로 순간이동시켰습니다] [3]
[J] [16:31:16] [Render thread/INFO]: [FANCYMENU] ScreenCustomizationLayer registered: container_screen
[J] [16:33:19] [Render thread/WARN]: Class xaero.hud.minimap.radar.icon.creator.render.form.model.part.RadarIconModelPartPrerenderer$VertexConsumerWrapper does not support optimized vertex writing code paths, which may cause reduced rendering performance
[J] [16:33:27] [Render thread/INFO]: [CHAT] <Mozzi_Uma> 희재야 이정도면 괜차나?
[J] [16:34:13] [Render thread/INFO]: [CHAT] <Mozzi_Uma> 이렇게 줄까?
[J] [16:34:30] [Render thread/INFO]: [CHAT] <Angry_Hong> 타임
[J] [16:34:41] [Render thread/INFO]: [System] [CHAT] [heejae0719: heejae0719을(를) Mozzi_Uma에게로 순간이동시켰습니다] [4]
[J] [16:35:28] [Render thread/INFO]: [CHAT] <Mozzi_Uma> 나 졸았어
[J] [16:39:09] [Render thread/INFO]: [CHAT] <Mozzi_Uma> 끝?
[J] [16:39:19] [Render thread/INFO]: [CHAT] <Angry_Hong> 엉
[J] [16:42:30] [Render thread/INFO]: [CHAT] <Angry_Hong> 꺼도 돼?
[J] [16:45:11] [Render thread/INFO]: [System] [CHAT] Angry_Hong이(가) 게임을 떠났습니다
[J] [16:45:11] [Render thread/INFO]: Xaero hud session finalized.
[J] [16:45:11] [Render thread/INFO]: Finalizing world map session...
[J] [16:45:11] [Thread-8/INFO]: World map force-cleaned!
[J] [16:45:11] [Render thread/INFO]: World map session finalized.
[J] [16:45:11] [Render thread/INFO]: [System] [CHAT] Deactivating Auto-Run
[J] [16:45:11] [Render thread/INFO]: [FANCYMENU] ScreenCustomizationLayer registered: disconnected_screen
[J] [16:45:11] [Render thread/INFO]: Stopping worker threads
[J] [16:45:11] [Render thread/WARN]: Client disconnected with reason: 연결 끊김
[J] [16:45:13] [Render thread/INFO]: Stopping!
[R] ERROR [rust_launcher::messaging::channel] error during messaging worker: 현재 연결은 원격 호스트에 의해 강제로 끊겼습니다. (os error 10054)
